{"type":"FeatureCollection","source":"https://samudra.incois.gov.in/incoismobileappdata/rest/incois/districtpolygons","generatedAt":"2026-08-19T17:28:58.323Z","features":[{"type":"Feature","properties":{"District":"MINICOY","STATE":"LAKSHADWEEP"},"geometry":{"type":"MultiPolygon","coordinates":[[[[73.082,8.7775],[73.1279,8.7751],[73.1746,8.7676],[73.2201,8.7554],[73.2644,8.7383],[73.3059,8.7171],[73.3448,8.6918],[73.3816,8.662],[73.414,8.6298],[73.444,8.5929],[73.469,8.5549],[73.4903,8.5138],[73.5074,8.4702],[73.5197,8.426],[73.5275,8.3808],[73.5306,8.3342],[73.5288,8.287],[73.5225,8.2422],[73.5117,8.1979],[73.488,8.1274],[73.4677,8.0816],[73.4459,8.0434],[73.419,8.0058],[73.347,7.9298],[73.3111,7.9013],[73.2716,7.8759],[73.2289,7.8546],[73.1857,7.8382],[73.1413,7.8265],[73.0946,7.8192],[73.0454,7.8163],[72.9972,7.8181],[72.9511,7.8241],[72.904,7.8351],[72.8621,7.8488],[72.8206,7.8672],[72.781,7.8897],[72.7419,7.9172],[72.7087,7.9458],[72.6772,7.9791],[72.6501,8.0141],[72.626,8.0526],[72.6057,8.0938],[72.5901,8.1357],[72.578,8.1819],[72.5707,8.227],[72.568,8.2725],[72.5698,8.3173],[72.5754,8.3583],[72.5853,8.4005],[72.6161,8.4794],[72.6605,8.5502],[72.7182,8.6125],[72.8213,8.6954],[72.8948,8.7375],[72.94,8.7551],[72.9869,8.7678],[73.0338,8.7751],[73.082,8.7775]],[[73.0804,8.3279],[73.0732,8.319],[73.0649,8.2971],[73.0557,8.2826],[73.041,8.274],[73.0238,8.2726],[73.0182,8.2776],[73.0188,8.2715],[73.0315,8.2665],[73.0493,8.2668],[73.0671,8.2857],[73.0674,8.3027],[73.0804,8.3279]]]]}},{"type":"Feature","properties":{"District":"AGATTI","STATE":"LAKSHADWEEP"},"geometry":{"type":"MultiPolygon","coordinates":[[[[72.6792,11.0515],[72.1531,10.3706],[72.0908,10.3777],[72.0312,10.393],[71.9733,10.4168],[71.9206,10.4475],[71.8725,10.485],[71.8289,10.53],[71.7928,10.5792],[71.7632,10.6339],[71.747,10.675],[71.7343,10.7196],[71.7265,10.7636],[71.7231,10.8084],[71.7242,10.8533],[71.7296,10.8968],[71.7394,10.9405],[71.7534,10.9827],[71.8012,11.089],[71.8273,11.1307],[71.8546,11.1661],[71.8893,11.2023],[71.9298,11.2366],[71.9705,11.2639],[72.0141,11.2867],[72.0854,11.3123],[72.1581,11.3255],[72.2339,11.3266],[72.308,11.3156],[72.6792,11.0515]],[[72.1999,10.8771],[72.1926,10.8674],[72.189,10.8493],[72.1726,10.8199],[72.2038,10.8688],[72.2065,10.8774],[72.1999,10.8771]]]]}},{"type":"Feature","properties":{"District":"KANNIYAKUMARI","STATE":"TAMIL NADU"},"geometry":{"type":"MultiPolygon","coordinates":[[[[77.5688,8.1279],[77.7758,7.6918],[77.7082,7.6565],[77.6525,7.6376],[77.5948,7.6261],[77.5361,7.6223],[77.4274,7.6322],[77.3347,7.6511],[77.1546,7.7073],[77.0743,7.7436],[76.978,7.8064],[76.8875,7.8759],[76.8434,7.9142],[77.096,8.2932],[77.1588,8.2468],[77.1668,8.2449],[77.1699,8.2368],[77.181,8.2268],[77.1846,8.2193],[77.2235,8.1965],[77.2393,8.1765],[77.2615,8.1701],[77.2965,8.1496],[77.3021,8.1432],[77.3057,8.1279],[77.316,8.121],[77.3226,8.1221],[77.3249,8.1265],[77.3351,8.126],[77.3637,8.1199],[77.4337,8.0971],[77.5276,8.0813],[77.5313,8.0771],[77.551,8.0765],[77.5526,8.0843],[77.566,8.0921],[77.5649,8.0999],[77.5587,8.0965],[77.5576,8.1113],[77.5593,8.1196],[77.5688,8.1279]]]]}},{"type":"Feature","properties":{"District":"THOOTHUKKUDI","STATE":"TAMIL NADU"},"geometry":{"type":"MultiPolygon","coordinates":[[[[78.6042,8.6828],[78.592,8.6019],[78.5887,8.5205],[78.5709,8.3938],[78.5556,8.337],[78.5193,8.2567],[78.4359,8.1164],[78.38,8.0483],[78.3119,7.9924],[78.2021,7.9328],[77.9635,8.3289],[77.9824,8.3413],[78.0082,8.3526],[78.0107,8.3513],[78.0229,8.359],[78.0671,8.3707],[78.0676,8.3746],[78.0496,8.3804],[78.0557,8.3813],[78.0654,8.4204],[78.0887,8.4543],[78.1218,8.4851],[78.1304,8.4971],[78.1257,8.5026],[78.1271,8.5068],[78.1229,8.5132],[78.1224,8.5218],[78.1387,8.5888],[78.1276,8.6163],[78.1274,8.6385],[78.121,8.6229],[78.126,8.6188],[78.121,8.6129],[78.124,8.6132],[78.1246,8.6057],[78.1168,8.6054],[78.1168,8.6015],[78.1224,8.5982],[78.1118,8.6001],[78.1165,8.6076],[78.1104,8.6124],[78.1107,8.6076],[78.1043,8.6032],[78.106,8.594],[78.1021,8.5951],[78.1018,8.5924],[78.1129,8.5857],[78.124,8.5926],[78.1232,8.5976],[78.1276,8.5979],[78.1265,8.6007],[78.1293,8.6024],[78.1293,8.5974],[78.1257,8.5949],[78.1315,8.5982],[78.136,8.5921],[78.1304,8.5932],[78.1221,8.5874],[78.1196,8.5885],[78.1149,8.5846],[78.1149,8.5799],[78.1099,8.5849],[78.1074,8.5796],[78.0965,8.5813],[78.0974,8.5857],[78.094,8.5885],[78.0982,8.5924],[78.0951,8.5979],[78.1018,8.5962],[78.1026,8.6013],[78.0985,8.5993],[78.0968,8.6021],[78.1012,8.6121],[78.1071,8.6138],[78.1018,8.6149],[78.1038,8.6174],[78.1012,8.619],[78.1012,8.6288],[78.1082,8.6346],[78.1007,8.6401],[78.1051,8.6421],[78.1107,8.6396],[78.1135,8.6429],[78.114,8.651],[78.1049,8.6515],[78.1085,8.656],[78.1182,8.6579],[78.1174,8.6621],[78.1226,8.6624],[78.1196,8.659],[78.1254,8.6596],[78.1263,8.6543],[78.1238,8.6571],[78.1215,8.6532],[78.1276,8.6504],[78.1307,8.6629],[78.1254,8.661],[78.1265,8.6646],[78.131,8.6638],[78.1321,8.6665],[78.1354,8.6888],[78.1404,8.6985],[78.1546,8.7118],[78.1579,8.7293],[78.1707,8.7451],[78.1826,8.7496],[78.1913,8.7479],[78.1937,8.7526],[78.216,8.7426],[78.2235,8.746],[78.2221,8.7485],[78.2149,8.7451],[78.2176,8.7479],[78.2162,8.7515],[78.2096,8.7476],[78.201,8.7521],[78.2012,8.7588],[78.1976,8.7632],[78.2301,8.7488],[78.2235,8.756],[78.199,8.7643],[78.1985,8.789],[78.1915,8.789],[78.1946,8.7821],[78.191,8.7788],[78.194,8.7799],[78.1943,8.7713],[78.1963,8.7765],[78.1985,8.7749],[78.191,8.7654],[78.1868,8.7665],[78.1879,8.7699],[78.1846,8.7679],[78.1815,8.7715],[78.1871,8.7765],[78.1813,8.7732],[78.1801,8.7674],[78.1637,8.7738],[78.1604,8.7699],[78.1571,8.7724],[78.159,8.7774],[78.1624,8.7752],[78.1604,8.7871],[78.1637,8.7832],[78.161,8.7913],[78.1629,8.7932],[78.1588,8.7982],[78.1593,8.8038],[78.1637,8.8024],[78.1637,8.8201],[78.1682,8.8268],[78.1643,8.8388],[78.1671,8.844],[78.1685,8.881],[78.1712,8.8871],[78.1801,8.8932],[78.181,8.9093],[78.1954,8.9399],[78.2213,8.9715],[78.2671,9.0032],[78.2665,9.0163],[78.261,9.0188],[78.2682,9.0163],[78.2726,9.0054],[78.3463,9.0585],[78.3662,9.0766],[78.6042,8.6828]]]]}},{"type":"Feature","properties":{"District":"ALAPPUZHA","STATE":"KERALA"},"geometry":{"type":"MultiPolygon","coordinates":[[[[76.4737,9.1118],[76.0519,8.9195],[75.9648,9.1093],[75.9152,9.2403],[75.8815,9.3472],[75.8603,9.4463],[75.848,9.5371],[75.8412,9.6263],[75.8185,9.7536],[76.2707,9.8243],[76.2829,9.7515],[76.2865,9.7499],[76.2838,9.7476],[76.2843,9.7376],[76.3021,9.5732],[76.3196,9.4818],[76.3379,9.416],[76.381,9.3121],[76.4613,9.1396],[76.4679,9.1429],[76.461,9.159],[76.4576,9.156],[76.4543,9.1585],[76.4582,9.1635],[76.4515,9.1785],[76.4396,9.1901],[76.436,9.2113],[76.4207,9.2415],[76.4226,9.2457],[76.4315,9.2304],[76.4404,9.2304],[76.4424,9.2004],[76.4579,9.1671],[76.4674,9.1582],[76.4707,9.1424],[76.4735,9.1421],[76.4776,9.1485],[76.4757,9.1665],[76.4799,9.171],[76.4824,9.1688],[76.4904,9.1701],[76.4882,9.1668],[76.4799,9.1651],[76.4849,9.1393],[76.4838,9.1268],[76.4796,9.1271],[76.4771,9.1335],[76.4735,9.1276],[76.4765,9.1246],[76.4721,9.1229],[76.471,9.1301],[76.4668,9.131],[76.4693,9.1365],[76.4635,9.1351],[76.4737,9.1118]]]]}},{"type":"Feature","properties":{"District":"THRISSUR","STATE":"KERALA"},"geometry":{"type":"MultiPolygon","coordinates":[[[[76.1621,10.1842],[75.7232,10.0826],[75.6651,10.2363],[75.5387,10.5171],[75.9574,10.6835],[76.0362,10.5101],[76.0401,10.5113],[76.031,10.5265],[76.0335,10.5324],[76.0318,10.5371],[76.0335,10.5349],[76.0482,10.5351],[76.0474,10.5474],[76.0362,10.5679],[76.0418,10.5715],[76.0415,10.5754],[76.0474,10.5679],[76.041,10.5643],[76.0496,10.5468],[76.0579,10.546],[76.0599,10.5429],[76.0624,10.5465],[76.0676,10.5446],[76.0635,10.5357],[76.0524,10.5435],[76.0526,10.5321],[76.0374,10.5324],[76.034,10.5257],[76.041,10.5176],[76.0426,10.5076],[76.0399,10.5054],[76.0665,10.456],[76.0993,10.3807],[76.1621,10.1842]]]]}},{"type":"Feature","properties":{"District":"NAGAPPATTINAM NORTH","STATE":"TAMIL NADU"},"geometry":{"type":"MultiPolygon","coordinates":[[[[80.3033,11.0026],[79.8551,10.9777],[79.859,11.1399],[79.8476,11.2429],[79.8438,11.2376],[79.8474,11.2385],[79.846,11.2324],[79.8401,11.229],[79.8396,11.2321],[79.8332,11.2296],[79.834,11.2343],[79.814,11.2307],[79.8046,11.2363],[79.8179,11.2315],[79.8274,11.2382],[79.8243,11.2413],[79.834,11.2379],[79.8299,11.2363],[79.8332,11.2354],[79.8443,11.239],[79.8468,11.2451],[79.8379,11.2965],[79.8374,11.3593],[79.8357,11.3626],[79.8332,11.3618],[79.836,11.3596],[79.8332,11.3535],[79.8243,11.3596],[79.8218,11.3571],[79.8165,11.3643],[79.8185,11.3654],[79.8107,11.371],[79.8129,11.3765],[79.8096,11.3838],[79.8138,11.376],[79.8118,11.3707],[79.8274,11.3629],[79.8141,11.419],[80.2662,11.4515],[80.2761,11.4006],[80.302,11.1751],[80.3033,11.0026]]]]}},{"type":"Feature","properties":{"District":"KASARAGOD, KANNUR","STATE":"KERALA"},"geometry":{"type":"MultiPolygon","coordinates":[[[[75.2307,12.0243],[75.2148,11.9938],[74.8416,11.7309],[74.82,11.7603],[74.7906,11.8113],[74.7681,11.8656],[74.7136,12.0291],[74.6181,12.2122],[74.5193,12.4151],[74.4815,12.505],[74.452,12.5561],[74.4295,12.6105],[74.4183,12.6489],[74.3895,12.7178],[74.8685,12.7496],[74.8838,12.7096],[74.8863,12.7079],[74.8865,12.7113],[74.8899,12.7113],[74.8926,12.7085],[74.8926,12.7035],[74.8874,12.7057],[74.9274,12.6126],[74.9293,12.6101],[74.9296,12.6135],[74.9321,12.6132],[74.9399,12.5949],[74.941,12.5893],[74.9324,12.604],[74.9546,12.5487],[74.9551,12.5543],[74.9579,12.5513],[74.9563,12.5485],[74.9735,12.4987],[74.9918,12.4671],[74.9979,12.4499],[75.0026,12.4435],[75.0049,12.4451],[75.0046,12.439],[75.0146,12.4168],[75.0218,12.4121],[75.0304,12.3918],[75.0365,12.3921],[75.0404,12.3879],[75.0626,12.341],[75.0568,12.3624],[75.0657,12.336],[75.0626,12.3407],[75.0632,12.3379],[75.0965,12.2635],[75.1176,12.2063],[75.1221,12.2043],[75.1215,12.2138],[75.129,12.2121],[75.1363,12.1868],[75.1415,12.184],[75.1426,12.1771],[75.1529,12.1607],[75.1549,12.1468],[75.1635,12.1363],[75.1612,12.1193],[75.1713,12.1151],[75.1732,12.1007],[75.1779,12.1004],[75.1818,12.0951],[75.1888,12.0962],[75.1915,12.1013],[75.189,12.1138],[75.1924,12.1176],[75.1871,12.1296],[75.1921,12.1326],[75.1888,12.1282],[75.1974,12.1174],[75.1965,12.1129],[75.1921,12.1118],[75.1929,12.1007],[75.186,12.0935],[75.1771,12.099],[75.1746,12.096],[75.1771,12.0904],[75.1726,12.0893],[75.1726,12.0857],[75.179,12.0829],[75.189,12.0913],[75.1924,12.0882],[75.1957,12.0715],[75.2068,12.0746],[75.214,12.0687],[75.2201,12.0701],[75.2151,12.0668],[75.2076,12.0735],[75.1951,12.0701],[75.1893,12.0896],[75.1782,12.0788],[75.1776,12.074],[75.1868,12.0557],[75.1849,12.0518],[75.1876,12.0454],[75.1849,12.0438],[75.1815,12.0482],[75.2015,12.0054],[75.2046,12.0049],[75.2096,12.0113],[75.2171,12.0101],[75.2307,12.0243]]]]}},{"type":"Feature","properties":{"District":"CUDDALORE","STATE":"TAMIL NADU"},"geometry":{"type":"MultiPolygon","coordinates":[[[[80.2608,11.7672],[80.2379,11.6817],[80.2157,11.6184],[80.2091,11.5865],[80.2457,11.514],[80.2662,11.4515],[79.814,11.419],[79.8074,11.4446],[79.7876,11.4763],[79.7799,11.5004],[79.7637,11.5274],[79.7571,11.5638],[79.7604,11.6154],[79.7568,11.6176],[79.7593,11.6168],[79.7613,11.621],[79.761,11.6318],[79.7774,11.706],[79.7746,11.7104],[79.7776,11.7101],[79.7871,11.7376],[79.8004,11.8097],[80.2608,11.7672]]]]}},{"type":"Feature","properties":{"District":"KANCHEEPURAM","STATE":"TAMIL NADU"},"geometry":{"type":"MultiPolygon","coordinates":[[[[80.7119,12.8923],[80.7091,12.7778],[80.7022,12.7142],[80.6907,12.6565],[80.6532,12.5271],[80.5861,12.3285],[80.5636,12.2742],[80.5271,12.2052],[80.0068,12.2549],[79.9962,12.2515],[79.9779,12.2315],[79.9726,12.231],[79.9621,12.2226],[79.9565,12.2118],[79.9451,12.2182],[79.9496,12.2246],[79.9826,12.2438],[79.9865,12.2515],[80.0029,12.2579],[80.0046,12.2654],[80.0115,12.2726],[80.0046,12.261],[80.0062,12.2596],[80.0121,12.2654],[80.0093,12.2565],[80.0179,12.2768],[80.0499,12.3243],[80.0401,12.3135],[80.0632,12.3513],[80.0554,12.349],[80.0452,12.3365],[80.0371,12.3379],[80.0271,12.3343],[80.0137,12.3226],[80.0104,12.3282],[80.0174,12.331],[80.0176,12.3379],[80.021,12.3388],[80.0171,12.3404],[80.0232,12.3421],[80.0226,12.3449],[80.0321,12.351],[80.0418,12.354],[80.0443,12.3638],[80.0512,12.3626],[80.0582,12.3674],[80.0568,12.3562],[80.0629,12.3543],[80.064,12.3499],[80.0585,12.344],[80.0507,12.326],[80.1162,12.4054],[80.156,12.4668],[80.1657,12.5249],[80.1846,12.5746],[80.1612,12.5854],[80.1643,12.5924],[80.1701,12.594],[80.1635,12.594],[80.1651,12.6007],[80.1679,12.6004],[80.1649,12.6037],[80.1704,12.6068],[80.1776,12.6043],[80.1815,12.6099],[80.1757,12.6032],[80.1762,12.5993],[80.1715,12.5971],[80.1715,12.591],[80.1754,12.5935],[80.1707,12.5851],[80.1801,12.5774],[80.1854,12.5776],[80.1871,12.5879],[80.2001,12.6163],[80.2012,12.6326],[80.254,12.779],[80.2551,12.7868],[80.2493,12.794],[80.2482,12.8026],[80.2387,12.8007],[80.2379,12.784],[80.2318,12.7849],[80.2349,12.7921],[80.2321,12.7965],[80.2393,12.8101],[80.2326,12.8463],[80.2412,12.8063],[80.2479,12.8052],[80.2496,12.8601],[80.2624,12.9554],[80.7119,12.8923]]]]}},{"type":"Feature","properties":{"District":"UTTARA KANNADA","STATE":"KARNATAKA"},"geometry":{"type":"MultiPolygon","coordinates":[[[[74.3187,14.5185],[74.3189,14.5163],[74.3187,14.5197],[74.3219,14.5173],[74.3251,14.5197],[74.3257,14.5149],[74.3375,14.5179],[74.3413,14.5139],[74.3453,14.5203],[74.3561,14.5221],[74.3515,14.5335],[74.3527,14.5409],[74.3387,14.5529],[74.3353,14.5627],[74.3373,14.5685],[74.3407,14.5685],[74.3467,14.5609],[74.3461,14.5527],[74.3497,14.5453],[74.3543,14.5431],[74.3605,14.5503],[74.3565,14.5627],[74.3715,14.5731],[74.3775,14.5725],[74.3761,14.5637],[74.3703,14.5627],[74.3649,14.5535],[74.3729,14.5537],[74.3779,14.5485],[74.3835,14.5517],[74.3873,14.5471],[74.3837,14.5435],[74.3841,14.5307],[74.3895,14.5341],[74.3935,14.5293],[74.3877,14.5295],[74.3843,14.5237],[74.3733,14.5371],[74.3795,14.5245],[74.3763,14.5229],[74.3693,14.5275],[74.3609,14.5201],[74.3593,14.5105],[74.3549,14.5085],[74.3541,14.5029],[74.3597,14.5019],[74.3741,14.4667],[74.3821,14.4419],[74.3831,14.4333],[74.3797,14.4297],[74.3845,14.4281],[74.3841,14.4243],[74.3813,14.4247],[74.3823,14.4207],[74.3869,14.4173],[74.3925,14.4189],[74.3963,14.4097],[74.4055,14.3729],[74.4025,14.3685],[74.4063,14.3671],[74.4047,14.3583],[74.4127,14.3311],[74.4137,14.3157],[74.4249,14.2955],[74.4267,14.2765],[74.4427,14.2291],[74.4419,14.2239],[74.4485,14.2185],[74.4537,14.1999],[74.4635,14.2009],[74.4669,14.1969],[74.4791,14.1499],[74.4767,14.1407],[74.4805,14.1363],[74.4879,14.1105],[74.4863,14.0953],[74.4807,14.0931],[74.4877,14.0929],[74.4927,14.0785],[74.5013,14.0273],[74.5063,14.0299],[74.5045,14.0419],[74.5057,14.0377],[74.5089,14.0391],[74.5077,14.0323],[74.5179,14.0271],[74.5077,14.0279],[74.5027,14.0265],[74.5017,14.0227],[74.5151,13.9857],[74.5313,13.9701],[74.5317,13.9649],[74.5357,13.9669],[74.5397,13.9643],[74.5487,13.9487],[74.5555,13.9513],[74.5605,13.9457],[74.5691,13.9477],[74.5793,13.9257],[74.5847,13.9227],[74.0975,13.8421],[74.0823,13.8743],[74.0635,13.9301],[74.0295,14.0747],[74.0145,14.1071],[73.9789,14.2095],[73.9465,14.2467],[73.9139,14.2957],[73.8879,14.3483],[73.8701,14.3999],[73.8243,14.4307],[73.7801,14.4695],[73.7241,14.5377],[73.6827,14.6155],[73.6637,14.6711],[73.6557,14.7075],[74.0994,14.8931],[74.0995,14.8805],[74.1099,14.8635],[74.1129,14.8459],[74.1193,14.8437],[74.1249,14.8461],[74.1141,14.8533],[74.1311,14.8463],[74.1305,14.8401],[74.1247,14.8373],[74.1263,14.8161],[74.1235,14.8049],[74.1163,14.8023],[74.1135,14.7969],[74.1133,14.8077],[74.1121,14.8055],[74.0947,14.8065],[74.0929,14.8033],[74.0955,14.7991],[74.1001,14.7985],[74.1021,14.7929],[74.1091,14.7933],[74.1101,14.7851],[74.1163,14.7881],[74.1193,14.7857],[74.1215,14.7805],[74.1191,14.7749],[74.1255,14.7749],[74.1283,14.7805],[74.1341,14.7779],[74.1399,14.7805],[74.1439,14.7771],[74.1573,14.7607],[74.1509,14.7515],[74.1531,14.7465],[74.1589,14.7457],[74.1591,14.7541],[74.1641,14.7561],[74.1669,14.7663],[74.1687,14.7643],[74.1651,14.7611],[74.1639,14.7529],[74.1827,14.7473],[74.1935,14.7353],[74.1925,14.7257],[74.2035,14.7187],[74.2085,14.7175],[74.2039,14.7313],[74.2051,14.7363],[74.2085,14.7375],[74.2113,14.7331],[74.2283,14.7371],[74.2277,14.7457],[74.2347,14.7479],[74.2497,14.7395],[74.2637,14.7141],[74.2663,14.7153],[74.2673,14.7125],[74.2567,14.7065],[74.2689,14.7029],[74.2815,14.6785],[74.2815,14.6727],[74.2775,14.6725],[74.2757,14.6663],[74.2791,14.6621],[74.2757,14.6607],[74.2829,14.6637],[74.2781,14.6583],[74.2823,14.6525],[74.2791,14.6491],[74.2841,14.6455],[74.2849,14.6383],[74.2815,14.6273],[74.2721,14.6311],[74.2699,14.6267],[74.2755,14.6239],[74.2809,14.6093],[74.2947,14.6015],[74.2949,14.5973],[74.2909,14.5959],[74.3137,14.5447],[74.3139,14.5405],[74.3101,14.5383],[74.3157,14.5273],[74.3097,14.5207],[74.3187,14.5185]]]]}},{"type":"Feature","properties":{"District":"NELLORE","STATE":"ANDHRA PRADESH"},"geometry":{"type":"MultiPolygon","coordinates":[[[[80.7466,13.5785],[80.3257,13.4497],[80.313,13.4279],[80.3074,13.4276],[80.3021,13.4229],[80.3024,13.416],[80.2996,13.419],[80.3004,13.4268],[80.2949,13.4274],[80.2901,13.4349],[80.2851,13.4326],[80.2826,13.4357],[80.2774,13.4354],[80.2685,13.4174],[80.2754,13.4315],[80.2754,13.4379],[80.281,13.4382],[80.2763,13.4399],[80.2668,13.4588],[80.2671,13.4668],[80.2624,13.4726],[80.2474,13.4726],[80.2474,13.4774],[80.2365,13.4879],[80.2343,13.4874],[80.2371,13.484],[80.2115,13.4865],[80.1796,13.4949],[80.1615,13.4896],[80.1482,13.4968],[80.1393,13.5113],[80.1285,13.5171],[80.1249,13.5157],[80.1254,13.5057],[80.1185,13.5062],[80.1179,13.5107],[80.1176,13.5068],[80.1154,13.5076],[80.119,13.5151],[80.109,13.5193],[80.0987,13.5307],[80.0996,13.536],[80.0965,13.541],[80.0904,13.5432],[80.0879,13.551],[80.0729,13.5582],[80.0665,13.5727],[80.0532,13.5835],[80.051,13.589],[80.0554,13.5907],[80.054,13.5946],[80.061,13.5951],[80.0762,13.6107],[80.0713,13.6146],[80.0726,13.6371],[80.0815,13.6446],[80.0949,13.6474],[80.0912,13.6513],[80.0813,13.6504],[80.0793,13.656],[80.0879,13.6657],[80.0957,13.6688],[80.0968,13.6649],[80.0888,13.654],[80.0929,13.6543],[80.0974,13.6615],[80.0976,13.6526],[80.1035,13.6543],[80.101,13.6871],[80.1076,13.6929],[80.1026,13.6954],[80.1004,13.7021],[80.104,13.7024],[80.1068,13.7093],[80.1093,13.7079],[80.1068,13.7001],[80.1115,13.6938],[80.1062,13.684],[80.1085,13.6807],[80.1068,13.674],[80.1112,13.6715],[80.1146,13.676],[80.121,13.6707],[80.1204,13.6782],[80.124,13.6779],[80.126,13.6704],[80.1196,13.6632],[80.1207,13.6457],[80.1118,13.6421],[80.1199,13.6507],[80.1149,13.6551],[80.1182,13.6557],[80.1182,13.6588],[80.1099,13.6582],[80.1087,13.6421],[80.1188,13.6285],[80.1185,13.621],[80.1262,13.6115],[80.1329,13.6101],[80.1385,13.6129],[80.1449,13.6299],[80.1432,13.6376],[80.144,13.6446],[80.1471,13.6463],[80.1476,13.6596],[80.1429,13.6693],[80.1399,13.6907],[80.1429,13.7021],[80.1401,13.7007],[80.1365,13.7138],[80.1357,13.7115],[80.131,13.7129],[80.1299,13.7238],[80.1346,13.7263],[80.1415,13.7251],[80.1407,13.7229],[80.1471,13.7243],[80.1471,13.7207],[80.1407,13.7188],[80.1404,13.7143],[80.136,13.7188],[80.1382,13.7132],[80.1415,13.7126],[80.1424,13.7099],[80.1399,13.7099],[80.144,13.7015],[80.1476,13.7043],[80.154,13.7032],[80.1665,13.6868],[80.171,13.6896],[80.1726,13.6837],[80.189,13.6668],[80.1876,13.6482],[80.1899,13.6426],[80.1993,13.6338],[80.2182,13.6235],[80.2265,13.6076],[80.241,13.5968],[80.2443,13.5854],[80.251,13.5788],[80.2499,13.5721],[80.2643,13.5613],[80.2646,13.5487],[80.2704,13.529],[80.2643,13.5235],[80.2718,13.5235],[80.2743,13.5143],[80.2754,13.5251],[80.2779,13.5207],[80.2815,13.4871],[80.2849,13.4763],[80.2882,13.4743],[80.2871,13.4651],[80.2854,13.4671],[80.2876,13.4593],[80.2929,13.4471],[80.306,13.4343],[80.3151,13.4338],[80.3101,13.4613],[80.301,13.4726],[80.2835,13.5265],[80.2421,13.6163],[80.2363,13.6399],[80.2326,13.6696],[80.234,13.6974],[80.2393,13.7313],[80.2524,13.7801],[80.2449,13.8196],[80.2351,13.8324],[80.2201,13.8768],[80.1979,13.9182],[80.1835,13.9585],[80.1557,14.0176],[80.1729,13.9601],[80.1696,13.9637],[80.169,13.9729],[80.1624,13.984],[80.164,13.9874],[80.1599,13.9907],[80.1615,13.9943],[80.1576,14.0001],[80.1515,14.0304],[80.1532,14.0218],[80.1496,14.0188],[80.1299,14.1213],[80.1271,14.1204],[80.1287,14.1121],[80.1265,14.1118],[80.1257,14.1188],[80.1221,14.1146],[80.1254,14.1204],[80.126,14.1343],[80.1262,14.1226],[80.1296,14.1238],[80.126,14.1585],[80.1268,14.1901],[80.1387,14.2724],[80.1465,14.2996],[80.1649,14.3404],[80.1699,14.3607],[80.1826,14.5304],[80.1807,14.5338],[80.174,14.5315],[80.1724,14.5351],[80.1762,14.5332],[80.1837,14.5368],[80.199,14.5871],[80.1924,14.6007],[80.1835,14.6021],[80.1721,14.6096],[80.1582,14.644],[80.1418,14.7082],[80.1357,14.7188],[80.1401,14.7032],[80.1346,14.6929],[80.1296,14.6921],[80.1379,14.704],[80.1368,14.7107],[80.1165,14.7396],[80.1146,14.7312],[80.1151,14.7418],[80.1115,14.744],[80.101,14.7699],[80.0932,14.8101],[80.0818,14.8076],[80.0746,14.8104],[80.0749,14.8132],[80.0668,14.8188],[80.0593,14.8199],[80.0682,14.8196],[80.0807,14.8101],[80.0888,14.8115],[80.0874,14.821],[80.0843,14.8215],[80.0882,14.8226],[80.0837,14.8854],[80.0754,14.9154],[80.0687,14.9271],[80.0535,15.009],[80.5113,15.0278],[80.5337,14.914],[80.5937,14.7816],[80.6128,14.7288],[80.636,14.6436],[80.6437,14.5852],[80.6437,14.5264],[80.6207,14.29],[80.6092,14.2323],[80.5856,14.165],[80.5968,14.1311],[80.6585,13.9921],[80.6819,13.9203],[80.6896,13.8877],[80.6973,13.8294],[80.698,13.7636],[80.6943,13.7098],[80.7292,13.6292],[80.7466,13.5785]]]]}},{"type":"Feature","properties":{"District":"SOUTH GOA","STATE":"GOA"},"geometry":{"type":"MultiPolygon","coordinates":[[[[73.3543,15.2827],[73.7759,15.4239],[73.8852,15.4225],[73.89,15.4256],[73.8967,15.4149],[73.8949,15.4075],[73.8879,15.4077],[73.8827,15.3987],[73.8773,15.3973],[73.8715,15.3973],[73.8713,15.4007],[73.8649,15.4029],[73.8585,15.3989],[73.8527,15.4021],[73.8455,15.4001],[73.8443,15.4087],[73.8395,15.4109],[73.8283,15.4071],[73.8283,15.4035],[73.8221,15.4103],[73.8167,15.4109],[73.8159,15.4037],[73.8093,15.4011],[73.8077,15.4069],[73.7923,15.4187],[73.7901,15.4147],[73.7837,15.4135],[73.7831,15.4089],[73.7905,15.3999],[73.7909,15.3943],[73.8061,15.3927],[73.8083,15.3769],[73.8221,15.3707],[73.8341,15.3697],[73.8409,15.3609],[73.8503,15.3609],[73.8531,15.3657],[73.8735,15.3701],[73.8949,15.3319],[73.9285,15.2263],[73.9485,15.1461],[73.9413,15.1357],[73.9353,15.1325],[73.9403,15.1279],[73.9407,15.1215],[73.9357,15.1127],[73.9177,15.1085],[73.9249,15.1047],[73.9263,15.0969],[73.9119,15.0841],[73.9261,15.0855],[73.9319,15.0781],[73.9499,15.0751],[73.9543,15.0703],[73.9671,15.0659],[73.9715,15.0521],[73.9805,15.0523],[73.9851,15.0465],[73.9901,15.0343],[73.9855,15.0291],[73.9891,15.0203],[73.9925,15.0181],[73.9977,15.0213],[74.0027,15.0165],[74.0075,15.0179],[74.0143,15.0065],[74.0137,15.0107],[74.0177,15.0139],[74.0271,15.0065],[74.0243,15.0035],[74.0259,15.0011],[74.0297,15.0021],[74.0269,14.9979],[74.0329,14.9991],[74.0379,14.9865],[74.0499,14.9885],[74.0499,14.9865],[74.0441,14.9885],[74.0421,14.9845],[74.0343,14.9827],[74.0409,14.9805],[74.0489,14.9583],[74.0535,14.9573],[74.0485,14.9571],[74.0477,14.9509],[74.0429,14.9483],[74.0465,14.9351],[74.0435,14.9307],[74.0431,14.9185],[74.0567,14.9147],[74.0667,14.9073],[74.0821,14.9089],[74.0851,14.8999],[74.0957,14.8979],[74.0994,14.8931],[73.6557,14.7075],[73.6537,14.7183],[73.5689,14.8411],[73.5429,14.8937],[73.5173,14.9781],[73.5095,15.0391],[73.4675,15.0823],[73.4147,15.1493],[73.3853,15.2001],[73.3543,15.2827]]]]}},{"type":"Feature","properties":{"District":"PRAKASAM","STATE":"ANDHRA PRADESH"},"geometry":{"type":"MultiPolygon","coordinates":[[[[80.4297,15.8043],[80.6221,15.3509],[80.5242,15.1698],[80.5046,15.0644],[80.5113,15.0278],[80.0535,15.009],[80.0493,15.0457],[80.0485,15.0946],[80.0649,15.1532],[80.0813,15.186],[80.0774,15.1818],[80.061,15.1904],[80.0638,15.1921],[80.046,15.2093],[80.0546,15.2068],[80.0757,15.1893],[80.0835,15.1946],[80.0885,15.2193],[80.0835,15.2671],[80.091,15.2938],[80.0993,15.3099],[80.0799,15.316],[80.0982,15.3143],[80.1012,15.319],[80.099,15.3249],[80.1051,15.3274],[80.1112,15.3488],[80.1282,15.3774],[80.2007,15.4654],[80.2118,15.4957],[80.2004,15.4949],[80.2004,15.4982],[80.204,15.4982],[80.209,15.5054],[80.2129,15.5026],[80.2129,15.511],[80.2251,15.5324],[80.2265,15.5579],[80.2374,15.601],[80.2704,15.6732],[80.3118,15.721],[80.3396,15.7474],[80.4297,15.8043]]]]}},{"type":"Feature","properties":{"District":"KRISHNA","STATE":"ANDHRA PRADESH"},"geometry":{"type":"MultiPolygon","coordinates":[[[[81.561,16.3457],[81.5914,15.8824],[81.5658,15.7979],[81.5242,15.7202],[81.4884,15.6735],[81.4321,15.6195],[81.4028,15.5586],[81.3514,15.487],[81.3098,15.4454],[81.2632,15.4096],[81.1854,15.368],[81.1297,15.3491],[81.072,15.3376],[80.9919,15.3345],[80.9417,15.3176],[80.8753,15.3053],[80.8093,15.7315],[80.8221,15.7129],[80.8379,15.709],[80.881,15.7135],[80.9318,15.724],[80.939,15.7182],[80.9832,15.7404],[81.0062,15.7579],[81.0057,15.7668],[81.0115,15.7688],[81.0121,15.7763],[81.0079,15.7846],[81.0068,15.7799],[81.0032,15.7851],[80.9951,15.8026],[80.9932,15.8213],[80.9957,15.821],[80.9979,15.8296],[81.0043,15.8343],[81.0043,15.8404],[81.0068,15.8315],[81.0068,15.8388],[81.0093,15.8374],[81.0193,15.8557],[81.049,15.8846],[81.0879,15.9299],[81.1282,15.9632],[81.1315,15.9729],[81.1457,15.9738],[81.146,15.9807],[81.139,15.996],[81.141,16.0182],[81.1868,16.0985],[81.2007,16.136],[81.2015,16.1432],[81.1949,16.141],[81.1826,16.1435],[81.1968,16.1426],[81.1985,16.1468],[81.2024,16.1454],[81.2051,16.176],[81.2182,16.2099],[81.231,16.2351],[81.2626,16.2712],[81.2654,16.2813],[81.2685,16.2785],[81.2871,16.2938],[81.3285,16.3179],[81.3926,16.3421],[81.3879,16.3529],[81.3799,16.3599],[81.3657,16.3521],[81.371,16.346],[81.3646,16.3446],[81.3557,16.3338],[81.3457,16.3307],[81.3593,16.3457],[81.3579,16.3499],[81.3613,16.3513],[81.3621,16.3565],[81.3693,16.3621],[81.3729,16.3599],[81.3829,16.3618],[81.3843,16.3557],[81.3974,16.344],[81.4015,16.3457],[81.4013,16.3521],[81.4035,16.3476],[81.4071,16.3474],[81.4035,16.3443],[81.4076,16.3437],[81.4651,16.3529],[81.5088,16.3524],[81.5188,16.3585],[81.5243,16.3582],[81.5238,16.3557],[81.5279,16.354],[81.5362,16.359],[81.5429,16.3582],[81.5526,16.3513],[81.5596,16.3515],[81.561,16.3457]]]]}},{"type":"Feature","properties":{"District":"RATNAGIRI","STATE":"MAHARASHTRA"},"geometry":{"type":"MultiPolygon","coordinates":[[[[73.3313,16.5618],[72.8765,16.4973],[72.823,16.8022],[72.8044,16.9695],[72.8044,17.0283],[72.8095,17.0729],[72.7625,17.2576],[72.7456,17.347],[72.6827,17.5147],[72.6634,17.6113],[72.656,17.6809],[72.596,17.8188],[72.5778,17.872],[73.0374,17.9846],[73.0401,17.9779],[73.0293,17.9668],[73.0312,17.9557],[73.0285,17.949],[73.0379,17.9343],[73.0524,17.9315],[73.0674,17.934],[73.0721,17.929],[73.0762,17.9354],[73.0924,17.9407],[73.0774,17.934],[73.0724,17.9274],[73.0682,17.9268],[73.066,17.9326],[73.0621,17.9274],[73.0668,17.9265],[73.0521,17.929],[73.0551,17.9132],[73.0501,17.9068],[73.0635,17.8907],[73.069,17.891],[73.076,17.8968],[73.0713,17.8888],[73.0762,17.8721],[73.0813,17.8663],[73.0804,17.8612],[73.0904,17.8438],[73.1018,17.8446],[73.0968,17.8429],[73.114,17.8346],[73.1251,17.8368],[73.1312,17.8324],[73.134,17.8251],[73.1249,17.836],[73.1149,17.8335],[73.0938,17.8418],[73.0874,17.8388],[73.0949,17.824],[73.0935,17.8174],[73.089,17.816],[73.091,17.8132],[73.0885,17.8082],[73.0904,17.8118],[73.0957,17.811],[73.1032,17.8029],[73.1076,17.7913],[73.1121,17.7896],[73.1124,17.7868],[73.1096,17.7882],[73.1129,17.7765],[73.124,17.7526],[73.1249,17.7415],[73.1285,17.739],[73.1279,17.7332],[73.1351,17.7162],[73.1357,17.7076],[73.1174,17.6988],[73.114,17.6943],[73.1185,17.6724],[73.1265,17.6588],[73.1332,17.6538],[73.1357,17.6446],[73.1307,17.6438],[73.1271,17.6371],[73.1312,17.6332],[73.1357,17.6143],[73.1437,17.6018],[73.1529,17.5985],[73.1524,17.5943],[73.1621,17.5913],[73.1685,17.5824],[73.1621,17.5754],[73.1632,17.5685],[73.156,17.5668],[73.1524,17.5737],[73.1404,17.5685],[73.1371,17.556],[73.1421,17.5451],[73.1532,17.5382],[73.1515,17.5346],[73.1543,17.5293],[73.1621,17.5301],[73.1704,17.5188],[73.1754,17.5174],[73.1815,17.5046],[73.184,17.5057],[73.1815,17.5004],[73.1937,17.4685],[73.1926,17.4635],[73.184,17.4557],[73.186,17.4418],[73.2057,17.439],[73.1965,17.4374],[73.1929,17.4321],[73.1868,17.4307],[73.1849,17.4168],[73.1871,17.4146],[73.1801,17.4121],[73.1787,17.4068],[73.1685,17.4076],[73.1671,17.4051],[73.1765,17.3874],[73.1901,17.3843],[73.1926,17.3888],[73.2071,17.3843],[73.2104,17.3774],[73.2087,17.3715],[73.2162,17.371],[73.2138,17.3629],[73.2199,17.3565],[73.2146,17.3457],[73.2268,17.3343],[73.2204,17.3332],[73.2187,17.3293],[73.2293,17.319],[73.2426,17.3188],[73.2415,17.3088],[73.244,17.3068],[73.2393,17.3049],[73.2346,17.2863],[73.2276,17.2815],[73.2246,17.284],[73.2221,17.3029],[73.2104,17.3043],[73.2049,17.2987],[73.1957,17.3068],[73.191,17.3043],[73.1893,17.2979],[73.2024,17.2882],[73.2004,17.2818],[73.2046,17.2685],[73.2101,17.2704],[73.2118,17.2757],[73.2235,17.2665],[73.2215,17.2557],[73.226,17.2563],[73.2288,17.251],[73.2232,17.2476],[73.2315,17.246],[73.2343,17.2385],[73.2318,17.2332],[73.2351,17.2268],[73.2404,17.2285],[73.2432,17.226],[73.2471,17.2104],[73.2429,17.2001],[73.2451,17.1965],[73.2346,17.2021],[73.2312,17.1982],[73.2354,17.1938],[73.244,17.1907],[73.2499,17.1921],[73.2529,17.189],[73.2599,17.1721],[73.2607,17.1618],[73.2649,17.1568],[73.2635,17.1521],[73.2726,17.1204],[73.266,17.1129],[73.2835,17.1132],[73.2862,17.0868],[73.2832,17.0796],[73.2982,17.0785],[73.2985,17.0749],[73.2968,17.0771],[73.2882,17.0754],[73.2879,17.0543],[73.2785,17.0404],[73.2901,17.0476],[73.2876,17.044],[73.2949,17.0446],[73.3035,17.0396],[73.3026,17.0374],[73.3199,17.0382],[73.3196,17.0354],[73.3138,17.0379],[73.3165,17.0357],[73.3138,17.0332],[73.3032,17.0346],[73.2957,17.0399],[73.2915,17.0399],[73.2907,17.0368],[73.2843,17.0401],[73.2804,17.0321],[73.2885,17.0293],[73.2932,17.0226],[73.2885,17.0126],[73.2893,17.0068],[73.2862,17.0093],[73.2862,17.0179],[73.2899,17.0218],[73.2826,17.0179],[73.2754,17.0254],[73.2776,17.034],[73.2732,17.0393],[73.2699,17.0387],[73.266,17.0476],[73.256,17.0479],[73.2576,17.0318],[73.2543,17.0274],[73.2574,17.0196],[73.2646,17.0204],[73.2665,17.0246],[73.2763,17.0235],[73.2838,17.0121],[73.2829,17.001],[73.2776,17.0013],[73.2743,16.9976],[73.2693,17.0001],[73.2682,16.9901],[73.271,16.9865],[73.2738,16.9857],[73.2768,16.9921],[73.2799,16.9924],[73.2943,16.986],[73.2921,16.9568],[73.2882,16.9521],[73.2838,16.9535],[73.2818,16.9496],[73.2874,16.9351],[73.2871,16.9318],[73.2821,16.9293],[73.2868,16.9162],[73.284,16.9079],[73.279,16.904],[73.2801,16.8971],[73.2771,16.8921],[73.2865,16.8926],[73.2876,16.8968],[73.2937,16.8979],[73.3037,16.891],[73.3135,16.889],[73.2968,16.8899],[73.2857,16.8807],[73.286,16.8735],[73.2929,16.8707],[73.2949,16.8621],[73.2951,16.8582],[73.2879,16.8582],[73.2926,16.8554],[73.2901,16.8521],[73.2932,16.8496],[73.2879,16.8435],[73.291,16.8438],[73.294,16.8388],[73.2926,16.8354],[73.2971,16.824],[73.2954,16.8168],[73.3035,16.8088],[73.3112,16.8068],[73.3204,16.8101],[73.3265,16.8207],[73.3332,16.8165],[73.3315,16.8124],[73.3262,16.8129],[73.3176,16.806],[73.3176,16.7951],[73.3076,16.7801],[73.3054,16.7293],[73.3093,16.7268],[73.3112,16.7151],[73.319,16.7043],[73.3182,16.6965],[73.3301,16.6874],[73.3396,16.6857],[73.3296,16.6857],[73.3332,16.6535],[73.3285,16.6462],[73.3243,16.6485],[73.3218,16.6424],[73.3238,16.6362],[73.3285,16.6374],[73.3299,16.6415],[73.3399,16.6382],[73.3421,16.6282],[73.3354,16.6274],[73.3307,16.6201],[73.3349,16.6193],[73.3374,16.624],[73.3454,16.621],[73.3518,16.6251],[73.351,16.6118],[73.346,16.6126],[73.3407,16.6054],[73.3468,16.6013],[73.349,16.6035],[73.3526,16.5965],[73.3471,16.5951],[73.3393,16.6049],[73.3307,16.6085],[73.3249,16.6057],[73.3204,16.6074],[73.3168,16.601],[73.324,16.5818],[73.3326,16.5768],[73.3404,16.5804],[73.3449,16.5763],[73.3426,16.5663],[73.3529,16.5643],[73.3551,16.5676],[73.3624,16.5685],[73.3621,16.5663],[73.3549,16.566],[73.3562,16.5554],[73.3749,16.5521],[73.3812,16.5576],[73.3807,16.5554],[73.3938,16.5543],[73.3787,16.554],[73.3735,16.5501],[73.3601,16.5513],[73.3515,16.5574],[73.3457,16.5565],[73.3474,16.5515],[73.3524,16.5504],[73.3487,16.5476],[73.3507,16.5435],[73.359,16.5407],[73.3679,16.5449],[73.3729,16.5399],[73.3674,16.5426],[73.3662,16.5396],[73.3543,16.5393],[73.3579,16.5263],[73.3768,16.5165],[73.3901,16.5143],[73.3901,16.5099],[73.3668,16.5132],[73.349,16.5043],[73.3635,16.5118],[73.364,16.516],[73.3468,16.5299],[73.3454,16.5426],[73.3401,16.5474],[73.3354,16.561],[73.3313,16.5618]]]]}},{"type":"Feature","properties":{"District":"EAST GODAVARI","STATE":"ANDHRA PRADESH"},"geometry":{"type":"MultiPolygon","coordinates":[[[[82.8393,16.9005],[82.8188,16.8895],[82.8198,16.8159],[82.8104,16.726],[82.7849,16.605],[82.7722,16.5602],[82.705,16.3842],[82.6584,16.3093],[82.6197,16.2651],[82.5642,16.218],[82.4238,16.1197],[82.1826,15.9997],[82.0924,15.9633],[81.8718,15.885],[81.815,15.8698],[81.7686,15.8633],[81.709,16.321],[81.7207,16.3185],[81.7204,16.3101],[81.854,16.3746],[81.8924,16.3865],[81.9446,16.3951],[82.0046,16.4254],[82.0065,16.424],[82.0165,16.4318],[82.021,16.4315],[82.0212,16.4343],[82.0315,16.4396],[82.0271,16.441],[82.0329,16.4451],[82.046,16.4476],[82.1096,16.481],[82.114,16.4838],[82.1126,16.4885],[82.1154,16.4851],[82.1196,16.4857],[82.2243,16.5379],[82.2865,16.5574],[82.3104,16.5682],[82.3096,16.5729],[82.306,16.5746],[82.3071,16.569],[82.2924,16.5638],[82.2735,16.5599],[82.2679,16.564],[82.2787,16.5715],[82.289,16.5707],[82.2996,16.5918],[82.2926,16.6026],[82.2665,16.596],[82.2599,16.5868],[82.266,16.5976],[82.2868,16.6013],[82.2924,16.6087],[82.2782,16.6362],[82.2657,16.6424],[82.2565,16.6426],[82.2588,16.6454],[82.254,16.6568],[82.2615,16.6682],[82.2588,16.6888],[82.254,16.6985],[82.2426,16.7082],[82.2457,16.7168],[82.2513,16.7179],[82.2718,16.7082],[82.2935,16.7079],[82.3076,16.7193],[82.3126,16.7265],[82.3118,16.7335],[82.3163,16.7318],[82.324,16.7357],[82.3262,16.7335],[82.3429,16.7379],[82.3426,16.7651],[82.3512,16.7913],[82.3546,16.8185],[82.3482,16.8085],[82.3585,16.8443],[82.3579,16.8651],[82.3657,16.9021],[82.3579,16.9638],[82.3412,16.9854],[82.3315,16.991],[82.3243,16.9888],[82.3332,16.9799],[82.3404,16.9657],[82.3551,16.9563],[82.3593,16.9443],[82.3635,16.909],[82.3615,16.8835],[82.3551,16.8657],[82.3543,16.8515],[82.3487,16.851],[82.336,16.8568],[82.3257,16.8554],[82.319,16.8512],[82.3118,16.8401],[82.3146,16.8446],[82.3132,16.8518],[82.3026,16.8643],[82.289,16.8724],[82.2865,16.8771],[82.2868,16.8715],[82.2824,16.8651],[82.2854,16.8735],[82.2818,16.8776],[82.2699,16.8757],[82.2654,16.8854],[82.2601,16.8885],[82.2562,16.8865],[82.256,16.9001],[82.2493,16.9074],[82.249,16.9304],[82.254,16.9365],[82.2718,16.941],[82.2738,16.9479],[82.269,16.951],[82.2704,16.9613],[82.2754,16.9713],[82.2832,16.971],[82.284,16.974],[82.2838,16.9771],[82.276,16.9768],[82.2763,16.9818],[82.2857,16.9832],[82.2801,16.9865],[82.2785,16.9932],[82.2976,17.0329],[82.319,17.0593],[82.351,17.0901],[82.3532,17.0937],[82.3512,17.0979],[82.356,17.0943],[82.3657,17.1046],[82.3632,17.1093],[82.3685,17.1187],[82.3651,17.1101],[82.3674,17.106],[82.4776,17.2049],[82.5399,17.2474],[82.8393,16.9005]]]]}},{"type":"Feature","properties":{"District":"VISAKHAPATNAM","STATE":"ANDHRA PRADESH"},"geometry":{"type":"MultiPolygon","coordinates":[[[[83.4788,17.919],[83.5484,17.8194],[83.6466,17.698],[83.718,17.6213],[83.7946,17.5581],[83.7289,17.4751],[83.5707,17.2943],[83.5306,17.2544],[83.4851,17.2194],[83.36,17.1452],[83.216,17.0854],[83.083,17.0048],[83.0287,16.9823],[82.9531,16.9573],[82.8393,16.9005],[82.5399,17.2476],[82.596,17.2826],[82.5957,17.2863],[82.6093,17.2899],[82.6076,17.2963],[82.6124,17.2921],[82.6829,17.3329],[82.7387,17.361],[82.8382,17.4057],[82.8699,17.4157],[82.8682,17.4218],[82.8729,17.4313],[82.8796,17.4363],[82.8732,17.4285],[82.8749,17.4201],[82.8849,17.4271],[82.9476,17.4524],[82.954,17.4599],[82.9949,17.4746],[82.9938,17.4796],[83.0054,17.4879],[83.0037,17.4926],[83.0068,17.4982],[83.0285,17.5113],[83.0593,17.5249],[83.0665,17.5246],[83.0721,17.5293],[83.0885,17.5335],[83.0915,17.5393],[83.1121,17.5471],[83.1624,17.5613],[83.1757,17.5754],[83.2135,17.591],[83.2168,17.5993],[83.2382,17.6118],[83.2326,17.6157],[83.2354,17.629],[83.2599,17.6438],[83.2618,17.651],[83.2824,17.6599],[83.2835,17.6646],[83.2954,17.6751],[83.2946,17.6849],[83.2982,17.6865],[83.2824,17.6876],[83.2718,17.7051],[83.2632,17.7043],[83.2663,17.706],[83.2635,17.711],[83.2726,17.7118],[83.2824,17.6893],[83.2996,17.6904],[83.2971,17.6938],[83.3012,17.6921],[83.3012,17.696],[83.306,17.6929],[83.3065,17.6882],[83.3082,17.6976],[83.3054,17.6951],[83.3024,17.6976],[83.3063,17.6974],[83.3063,17.7018],[83.3174,17.7107],[83.3446,17.7251],[83.3426,17.7374],[83.351,17.7476],[83.349,17.7507],[83.3582,17.7607],[83.3846,17.7771],[83.3849,17.7838],[83.3913,17.7938],[83.4101,17.8104],[83.4157,17.8232],[83.416,17.8337],[83.411,17.8371],[83.4099,17.8435],[83.4193,17.8574],[83.4437,17.8724],[83.4465,17.8807],[83.4546,17.8876],[83.4515,17.9001],[83.459,17.9057],[83.4574,17.9207],[83.4596,17.9201],[83.4601,17.9046],[83.4788,17.919]]]]}},{"type":"Feature","properties":{"District":"PALGHAR","STATE":"MAHARASHTRA"},"geometry":{"type":"MultiPolygon","coordinates":[[[[72.7376,20.1361],[72.7382,20.1146],[72.7268,20.0832],[72.7115,20.0793],[72.7076,20.0701],[72.7149,20.0426],[72.7149,20.0226],[72.7215,20.0012],[72.7218,19.9874],[72.7162,19.9724],[72.7249,19.9693],[72.7329,19.9613],[72.7379,19.9443],[72.7537,19.9426],[72.7549,19.9274],[72.754,19.939],[72.7499,19.9426],[72.7343,19.9426],[72.7307,19.9582],[72.7199,19.9688],[72.711,19.9693],[72.701,19.9613],[72.6901,19.9582],[72.6826,19.9443],[72.6643,19.9329],[72.6771,19.9193],[72.6757,19.9049],[72.6807,19.9007],[72.6829,19.8885],[72.6813,19.8651],[72.6701,19.8518],[72.6629,19.851],[72.6546,19.859],[72.6518,19.8585],[72.6507,19.8532],[72.6549,19.8426],[72.6507,19.8396],[72.6596,19.8207],[72.6654,19.8218],[72.6796,19.8135],[72.6871,19.7943],[72.6885,19.8057],[72.6957,19.8049],[72.6896,19.8029],[72.6912,19.7943],[72.6879,19.7887],[72.6885,19.7707],[72.6854,19.7601],[72.6874,19.7476],[72.6935,19.7357],[72.7068,19.7324],[72.714,19.7526],[72.7193,19.7551],[72.7138,19.7488],[72.7087,19.7262],[72.6974,19.7265],[72.6937,19.7293],[72.7099,19.7068],[72.7104,19.6943],[72.7063,19.6824],[72.711,19.6674],[72.7129,19.6446],[72.7199,19.6304],[72.7279,19.6249],[72.7301,19.6012],[72.7379,19.5979],[72.731,19.5988],[72.7276,19.5946],[72.7232,19.5974],[72.7126,19.596],[72.7179,19.5826],[72.7162,19.5726],[72.721,19.5665],[72.7201,19.5462],[72.7229,19.544],[72.7168,19.5454],[72.7207,19.5435],[72.7182,19.5387],[72.7246,19.539],[72.7246,19.5318],[72.7268,19.534],[72.7315,19.5265],[72.7365,19.5265],[72.7418,19.5157],[72.7649,19.5043],[72.7726,19.5046],[72.7835,19.5163],[72.784,19.5257],[72.7754,19.5265],[72.7832,19.5288],[72.7862,19.526],[72.7838,19.5132],[72.7787,19.5088],[72.7801,19.4913],[72.7749,19.4899],[72.774,19.484],[72.7724,19.4868],[72.7674,19.484],[72.7643,19.4763],[72.7546,19.4743],[72.7451,19.464],[72.7446,19.4587],[72.7588,19.4213],[72.7618,19.3962],[72.766,19.3932],[72.7607,19.389],[72.7576,19.376],[72.7721,19.3615],[72.7754,19.3532],[72.7826,19.3493],[72.799,19.3313],[72.7932,19.3104],[72.3179,19.2615],[72.2666,19.5026],[72.2589,19.5609],[72.2557,19.6369],[72.2429,19.6772],[72.2312,19.7287],[72.2155,19.8414],[72.2174,19.948],[72.2251,20.0063],[72.2403,20.0631],[72.2723,20.1359],[72.2841,20.211],[72.7376,20.1361]]]]}},{"type":"Feature","properties":{"District":"SRIKAKULAM","STATE":"ANDHRA PRADESH"},"geometry":{"type":"MultiPolygon","coordinates":[[[[85.1339,18.8116],[85.0703,18.7185],[85.0144,18.6455],[84.9729,18.6039],[84.9371,18.5734],[84.8334,18.4398],[84.6884,18.2735],[84.5092,18.0841],[84.4898,18.0523],[84.454,18.0056],[84.4179,17.9689],[84.3505,17.9099],[84.2756,17.8633],[84.0604,17.7752],[83.9755,17.7353],[83.6617,18.0768],[83.6732,18.0868],[83.711,18.1093],[83.7668,18.1385],[83.8626,18.1757],[83.8696,18.1796],[83.8774,18.1901],[83.8893,18.1968],[83.9371,18.2107],[83.9343,18.2143],[83.9507,18.2168],[84.0118,18.2501],[84.076,18.2776],[84.086,18.2879],[84.1246,18.3093],[84.1299,18.3151],[84.1274,18.3263],[84.1251,18.3246],[84.1235,18.3271],[84.1274,18.3362],[84.1243,18.3432],[84.1293,18.3432],[84.1257,18.3515],[84.1321,18.3468],[84.1371,18.3493],[84.1504,18.3735],[84.2021,18.4263],[84.2843,18.5001],[84.3562,18.5568],[84.3557,18.5632],[84.3449,18.559],[84.339,18.5507],[84.3443,18.5615],[84.3549,18.5643],[84.3557,18.5749],[84.3618,18.5868],[84.3776,18.606],[84.4407,18.664],[84.441,18.6802],[84.4657,18.7129],[84.5021,18.751],[84.5263,18.7674],[84.5485,18.791],[84.5535,18.7918],[84.5571,18.8174],[84.5646,18.8279],[84.5765,18.8371],[84.576,18.8488],[84.5865,18.8704],[84.5826,18.8763],[84.5896,18.8729],[84.6115,18.8996],[84.6693,18.9515],[84.6832,18.9676],[84.6801,18.9688],[84.6679,18.9571],[84.6637,18.9615],[84.6646,18.9657],[84.6704,18.9704],[84.6835,18.9693],[84.6876,18.9724],[84.7601,19.0704],[85.1339,18.8116]]]]}},{"type":"Feature","properties":{"District":"GIR SOMNATH","STATE":"GUJARAT"},"geometry":{"type":"MultiPolygon","coordinates":[[[[70.8929,20.7079],[70.9681,20.2526],[70.8251,20.2463],[70.7375,20.2549],[70.6727,20.2729],[70.4037,20.3737],[70.2979,20.4245],[70.1007,20.5407],[70.0007,20.6113],[69.9407,20.6597],[70.2579,20.9733],[70.3093,20.9391],[70.3207,20.9277],[70.3453,20.9159],[70.3505,20.9199],[70.3473,20.9153],[70.3515,20.9099],[70.3739,20.8949],[70.3711,20.9027],[70.3941,20.8941],[70.4065,20.8829],[70.4169,20.8835],[70.4171,20.8871],[70.4181,20.8827],[70.4115,20.8805],[70.4121,20.8765],[70.4389,20.8529],[70.4427,20.8541],[70.4471,20.8483],[70.4519,20.8491],[70.4685,20.8387],[70.4765,20.8405],[70.4871,20.8347],[70.4889,20.8283],[70.5099,20.8215],[70.5419,20.8017],[70.5535,20.8035],[70.5621,20.7929],[70.5713,20.7929],[70.5865,20.7815],[70.6077,20.7771],[70.6155,20.7701],[70.6355,20.7695],[70.6465,20.7631],[70.6571,20.7647],[70.6567,20.7601],[70.6627,20.7583],[70.6665,20.7527],[70.6629,20.7621],[70.6717,20.7615],[70.6735,20.7647],[70.6745,20.7577],[70.7035,20.7381],[70.7303,20.7285],[70.7441,20.7201],[70.7585,20.7227],[70.7921,20.7123],[70.8047,20.7007],[70.8111,20.7037],[70.8057,20.7065],[70.8063,20.7107],[70.8097,20.7107],[70.8129,20.7183],[70.8165,20.7191],[70.8153,20.7153],[70.8277,20.7111],[70.8277,20.6979],[70.8193,20.6983],[70.8201,20.7017],[70.8077,20.7001],[70.8277,20.6903],[70.8385,20.6903],[70.8345,20.6995],[70.8449,20.7073],[70.8737,20.7047],[70.8693,20.7063],[70.8679,20.7127],[70.8727,20.7243],[70.8635,20.7307],[70.8579,20.7421],[70.8627,20.7521],[70.8647,20.7377],[70.8751,20.7271],[70.8861,20.7335],[70.9105,20.7373],[70.9199,20.7435],[70.9141,20.7385],[70.9191,20.7363],[70.8827,20.7291],[70.8743,20.7191],[70.8741,20.7093],[70.8929,20.7079]]]]}},{"type":"Feature","properties":{"District":"BHAVNAGAR","STATE":"GUJARAT"},"geometry":{"type":"MultiPolygon","coordinates":[[[[72.4082,21.4283],[72.4082,21.3671],[72.2936,20.7838],[72.2269,20.7446],[72.1754,20.7193],[71.9611,20.6332],[71.8513,20.5956],[71.6899,21.0082],[71.7207,21.0218],[71.7279,21.0207],[71.7288,21.0135],[71.7357,21.0207],[71.7393,21.0174],[71.7526,21.0229],[71.764,21.0212],[71.7651,21.0263],[71.7857,21.0318],[71.7782,21.0368],[71.7782,21.0399],[71.7871,21.0404],[71.786,21.0376],[71.7913,21.0396],[71.7918,21.0357],[71.7988,21.0393],[71.8068,21.0379],[71.8043,21.0457],[71.7962,21.0532],[71.8021,21.0629],[71.8199,21.0721],[71.8238,21.0682],[71.8421,21.0749],[71.8426,21.0779],[71.8493,21.0765],[71.8607,21.0854],[71.8682,21.086],[71.8696,21.0901],[71.879,21.0896],[71.8993,21.1093],[71.919,21.1129],[71.9262,21.111],[71.9318,21.116],[71.9401,21.1151],[71.9435,21.1204],[71.9454,21.1176],[71.9521,21.1185],[71.954,21.1229],[71.9568,21.1215],[71.9601,21.1246],[71.9665,21.1232],[71.9643,21.1204],[71.9707,21.1232],[71.9701,21.1207],[71.9768,21.121],[71.9782,21.1238],[71.9746,21.1254],[71.9771,21.1285],[71.974,21.129],[71.9857,21.1332],[71.9785,21.1354],[71.9915,21.1426],[71.991,21.1526],[71.986,21.1529],[71.9857,21.1568],[71.9951,21.161],[71.9932,21.1696],[71.9968,21.1696],[71.9974,21.1649],[72.0037,21.169],[72.004,21.181],[72.0101,21.1821],[72.0107,21.186],[72.0182,21.1882],[72.0238,21.1799],[72.0168,21.1707],[72.0121,21.1707],[72.0143,21.1649],[72.0068,21.1621],[72.0085,21.1562],[72.0043,21.1524],[71.9996,21.1535],[71.9968,21.1474],[71.9971,21.1421],[72.0037,21.1415],[72.0024,21.1371],[72.0071,21.1376],[72.0076,21.1326],[72.0113,21.1351],[72.0099,21.1457],[72.0174,21.1499],[72.0182,21.1543],[72.0263,21.154],[72.0415,21.1626],[72.0465,21.159],[72.0557,21.174],[72.0629,21.1726],[72.064,21.1774],[72.0749,21.1793],[72.0821,21.1865],[72.0871,21.1871],[72.0871,21.1904],[72.1057,21.1968],[72.1137,21.1965],[72.1154,21.2021],[72.1104,21.2054],[72.1143,21.2118],[72.1051,21.2154],[72.1124,21.2226],[72.109,21.2251],[72.1093,21.221],[72.1068,21.221],[72.1043,21.2249],[72.0963,21.2229],[72.091,21.2265],[72.0821,21.2457],[72.0815,21.2518],[72.0851,21.2493],[72.0924,21.2615],[72.0982,21.264],[72.0974,21.2771],[72.0935,21.2743],[72.0879,21.2782],[72.0829,21.2915],[72.0751,21.2887],[72.0813,21.2935],[72.076,21.3021],[72.0826,21.2954],[72.086,21.2974],[72.0837,21.3029],[72.0863,21.3043],[72.0904,21.289],[72.1018,21.2779],[72.109,21.2829],[72.1118,21.2935],[72.109,21.3015],[72.1215,21.3254],[72.1668,21.3765],[72.1671,21.3829],[72.1765,21.3965],[72.201,21.4126],[72.2021,21.4174],[72.2232,21.4388],[72.224,21.4438],[72.2354,21.4571],[72.2357,21.4643],[72.2426,21.4737],[72.254,21.5018],[72.2651,21.5415],[72.264,21.5565],[72.269,21.5738],[72.306,21.6285],[72.3026,21.644],[72.2854,21.6649],[72.2829,21.684],[72.2682,21.7063],[72.2471,21.7512],[72.2412,21.7874],[72.2154,21.8021],[72.2051,21.8224],[72.1949,21.8271],[72.1829,21.8237],[72.1871,21.8279],[72.1999,21.8265],[72.209,21.8207],[72.2129,21.8079],[72.2188,21.8018],[72.2329,21.7946],[72.2365,21.7965],[72.2457,21.7924],[72.2526,21.761],[72.2632,21.7407],[72.266,21.7418],[72.271,21.7515],[72.2601,21.7843],[72.2588,21.8371],[72.2549,21.8568],[72.2582,21.8824],[72.2532,21.8974],[72.2424,21.9165],[72.2307,21.9268],[72.2201,21.9479],[72.2137,21.9488],[72.2018,21.9396],[72.1901,21.9371],[72.1671,21.9549],[72.1599,21.9574],[72.1471,21.9549],[72.161,21.9618],[72.156,21.974],[72.1465,21.9835],[72.1563,21.9757],[72.164,21.9599],[72.174,21.9588],[72.1907,21.9424],[72.2087,21.9543],[72.221,21.9563],[72.221,21.9676],[72.2301,21.9946],[72.2285,22.0001],[72.231,22.0076],[72.2243,22.0068],[72.2137,21.999],[72.2004,22.0043],[72.1971,22.0168],[72.1857,22.0154],[72.1799,22.019],[72.181,22.0332],[72.1724,22.0415],[72.1821,22.0351],[72.186,22.0196],[72.196,22.0226],[72.2096,22.0104],[72.2165,22.0118],[72.2232,22.021],[72.2326,22.0176],[72.2299,22.0424],[72.2332,22.0538],[72.2379,22.0593],[72.2554,22.066],[72.2651,22.0746],[72.2782,22.0804],[72.2749,22.0974],[72.266,22.1015],[72.2654,22.1054],[72.2676,22.1068],[72.2693,22.1007],[72.2768,22.0982],[72.2774,22.0907],[72.2849,22.0926],[72.2865,22.0996],[72.3001,22.1088],[72.3026,22.089],[72.2952,22.0807],[72.304,22.0768],[72.304,22.0721],[72.2979,22.0635],[72.294,22.0632],[72.2865,22.0743],[72.2415,22.0496],[72.2451,22.0329],[72.2551,22.0279],[72.2607,22.0193],[72.2532,22.0013],[72.2518,21.9874],[72.2551,21.9824],[72.2615,21.981],[72.2604,21.9596],[72.2632,21.9465],[72.2693,21.9346],[72.2751,21.9299],[72.2785,21.9321],[72.279,21.9549],[72.271,21.9676],[72.2799,21.9643],[72.3065,22.0774],[72.3154,22.0996],[72.3113,22.1115],[72.3232,22.1226],[72.3201,22.1287],[72.3238,22.1301],[72.3135,22.1371],[72.3104,22.1446],[72.3126,22.1807],[72.3001,22.186],[72.2943,22.2024],[72.2976,22.2013],[72.2999,22.1926],[72.3035,22.1932],[72.3157,22.1851],[72.3176,22.1807],[72.3196,22.1718],[72.3162,22.1465],[72.3238,22.1471],[72.3349,22.1388],[72.3396,22.1388],[72.3426,22.1332],[72.3412,22.1246],[72.3501,22.1268],[72.3524,22.1365],[72.3504,22.1465],[72.3565,22.1482],[72.3538,22.1613],[72.3471,22.1632],[72.344,22.1685],[72.3532,22.1646],[72.3518,22.1821],[72.356,22.1818],[72.3596,22.186],[72.3576,22.1929],[72.3637,22.189],[72.359,22.1726],[72.3721,22.1718],[72.376,22.1499],[72.3788,22.1515],[72.3774,22.1585],[72.384,22.156],[72.3871,22.1599],[72.3865,22.1724],[72.3896,22.1668],[72.3915,22.1679],[72.389,22.1754],[72.3915,22.1801],[72.3865,22.189],[72.3621,22.2051],[72.3601,22.2251],[72.371,22.2451],[72.3632,22.2604],[72.3568,22.2632],[72.3562,22.2712],[72.359,22.2674],[72.3774,22.261],[72.3821,22.2535],[72.3835,22.2457],[72.3757,22.236],[72.3774,22.2263],[72.3821,22.2185],[72.3904,22.2151],[72.3974,22.2057],[72.4159,22.1302],[72.4421,22.0988],[72.425,22.0455],[72.4154,21.8875],[72.4082,21.718],[72.4082,21.4283]]]]}},{"type":"Feature","properties":{"District":"AMRELI","STATE":"GUJARAT"},"geometry":{"type":"MultiPolygon","coordinates":[[[[71.8513,20.5956],[71.799,20.5781],[71.7262,20.519],[71.6405,20.4712],[71.5862,20.4486],[71.5155,20.4277],[71.406,20.3874],[71.2557,20.8151],[71.2801,20.8282],[71.2918,20.8288],[71.2963,20.8354],[71.301,20.8351],[71.3226,20.8463],[71.3846,20.8571],[71.3879,20.8604],[71.3818,20.8599],[71.3815,20.8649],[71.3757,20.8707],[71.3779,20.874],[71.3863,20.876],[71.391,20.8701],[71.3887,20.8663],[71.396,20.8651],[71.4046,20.8685],[71.4196,20.869],[71.4207,20.866],[71.4396,20.8693],[71.4479,20.8771],[71.4485,20.8815],[71.4626,20.881],[71.4651,20.8849],[71.4771,20.8899],[71.4824,20.9063],[71.4951,20.9076],[71.4851,20.9107],[71.4882,20.9149],[71.4932,20.9179],[71.5082,20.9162],[71.516,20.9224],[71.5154,20.9249],[71.511,20.9237],[71.5065,20.9318],[71.5113,20.9385],[71.509,20.9432],[71.5149,20.9482],[71.5226,20.949],[71.534,20.9432],[71.5457,20.9507],[71.5651,20.9496],[71.5685,20.954],[71.5796,20.954],[71.581,20.959],[71.5926,20.9607],[71.5974,20.9674],[71.601,20.9643],[71.6118,20.9674],[71.6101,20.9718],[71.6126,20.9757],[71.6182,20.9746],[71.6168,20.969],[71.6279,20.9693],[71.6387,20.976],[71.636,20.9785],[71.6385,20.9899],[71.6557,20.9982],[71.6796,20.9974],[71.6799,21.0024],[71.6899,21.0082],[71.8513,20.5956]]]]}},{"type":"Feature","properties":{"District":"ANDROTH","STATE":"LAKSHADWEEP"},"geometry":{"type":"MultiPolygon","coordinates":[[[[73.6746,11.2712],[73.7257,11.2687],[73.7806,11.26],[73.8235,11.25],[73.8644,11.2363],[73.9055,11.218],[73.9454,11.1951],[73.9826,11.1684],[74.0161,11.1389],[74.0469,11.1057],[74.0751,11.0684],[74.0997,11.0273],[74.1194,10.985],[74.1342,10.9423],[74.1451,10.8961],[74.151,10.8505],[74.1521,10.8032],[74.1474,10.7489],[74.1366,10.6971],[74.1192,10.6455],[74.0958,10.5967],[74.0674,10.5519],[74.0327,10.5093],[73.9945,10.4723],[73.9513,10.4395],[74.0024,10.3855],[74.0433,10.3249],[74.0739,10.2585],[74.0936,10.1869],[74.1014,10.1193],[74.099,10.047],[74.0847,9.9541],[74.0592,9.8782],[74.0292,9.8211],[73.9881,9.7649],[73.9411,9.7177],[73.8871,9.6776],[73.8264,9.6453],[73.764,9.6233],[73.6965,9.6103],[73.6299,9.6076],[73.5849,9.611],[73.5411,9.6189],[73.4986,9.6308],[73.4571,9.6471],[73.4166,9.6678],[73.3781,9.6927],[73.3432,9.7205],[73.3118,9.751],[73.2836,9.7842],[73.2583,9.8205],[73.2365,9.8596],[73.2189,9.9003],[73.2031,9.9472],[73.1928,9.9914],[73.187,10.037],[73.1859,10.0831],[73.1911,10.141],[73.203,10.1955],[73.2211,10.2468],[73.2504,10.308],[73.2757,10.3515],[73.3054,10.3917],[73.3393,10.4282],[73.377,10.4606],[73.3252,10.5107],[73.2812,10.5695],[73.2479,10.6332],[73.2241,10.7037],[73.2121,10.776],[73.2116,10.8479],[73.2226,10.9198],[73.2444,10.9875],[73.2746,11.0477],[73.313,11.1021],[73.361,11.1521],[73.4139,11.193],[73.4728,11.2258],[73.5353,11.2495],[73.6083,11.2659],[73.6746,11.2712]],[[73.676,10.8207],[73.6751,10.8182],[73.6615,10.8176],[73.6621,10.8085],[73.6729,10.8046],[73.7026,10.8149],[73.696,10.8182],[73.6771,10.8176],[73.6785,10.8215],[73.676,10.8207]],[[73.6507,10.0979],[73.6446,10.0765],[73.6404,10.071],[73.6354,10.0721],[73.6418,10.0571],[73.6468,10.0576],[73.6479,10.0613],[73.6515,10.1043],[73.6507,10.0979]]]]}},{"type":"Feature","properties":{"District":"AMINI","STATE":"LAKSHADWEEP"},"geometry":{"type":"MultiPolygon","coordinates":[[[[73.0404,10.7945],[72.308,11.3156],[72.356,11.3965],[72.3228,11.4428],[72.2968,11.4906],[72.2762,11.5429],[72.2624,11.5967],[72.2553,11.653],[72.255,11.7069],[72.2616,11.7626],[72.2749,11.817],[72.2994,11.8816],[72.321,11.9258],[72.3489,11.9694],[72.3826,12.0107],[72.4223,12.0489],[72.465,12.081],[72.5117,12.1081],[72.5622,12.1297],[72.6088,12.1436],[72.6555,12.1522],[72.7033,12.1558],[72.7526,12.1542],[72.7996,12.1477],[72.8452,12.1363],[72.8908,12.1197],[72.9348,12.098],[72.9836,12.0662],[73.0278,12.0283],[73.0675,11.9843],[73.1009,11.9362],[73.1575,11.9194],[73.2126,11.8947],[73.2626,11.8639],[73.309,11.8261],[73.3473,11.7861],[73.3824,11.7389],[73.4103,11.6904],[73.4322,11.6393],[73.4447,11.5988],[73.4539,11.5543],[73.46,11.5045],[73.4609,11.4567],[73.4571,11.4114],[73.4488,11.3668],[73.4356,11.3221],[73.4194,11.2822],[73.3794,11.2124],[73.3281,11.1514],[73.2683,11.1009],[73.1998,11.0611],[73.1662,10.9826],[73.115,10.8889],[73.0819,10.8409],[73.0404,10.7945]],[[72.721,11.1113],[72.7329,11.1279],[72.7324,11.136],[72.716,11.1251],[72.7151,11.1168],[72.721,11.1113]],[[72.7621,11.1801],[72.7693,11.204],[72.7782,11.2174],[72.7901,11.2599],[72.7779,11.241],[72.7621,11.191],[72.7621,11.1801]],[[73.0076,11.4676],[73.0115,11.4715],[73.009,11.4874],[73.0038,11.496],[72.9987,11.4979],[72.9968,11.4954],[73.0018,11.4915],[73.0076,11.4676]],[[72.7079,11.6807],[72.7168,11.6932],[72.714,11.7063],[72.7149,11.7026],[72.7043,11.6838],[72.704,11.6813],[72.7079,11.6807]]]]}},{"type":"Feature","properties":{"District":"RAMANATHAPURAM","STATE":"TAMIL NADU"},"geometry":{"type":"MultiPolygon","coordinates":[[[[79.422,9.581],[79.4648,9.474],[79.6254,9.3776],[79.5505,9.1278],[79.4577,8.9314],[79.3819,8.7151],[79.2961,8.7343],[79.2404,8.7532],[79.1877,8.7792],[79.1359,8.814],[79.018,8.8226],[78.8067,8.7509],[78.6164,8.6922],[78.6042,8.6828],[78.3662,9.0766],[78.3624,9.0868],[78.3651,9.0918],[78.3637,9.0871],[78.371,9.081],[78.4107,9.1118],[78.4576,9.1265],[78.4818,9.1274],[78.4821,9.1354],[78.4879,9.1388],[78.4887,9.1501],[78.489,9.1329],[78.484,9.1279],[78.5104,9.1351],[78.5388,9.1374],[78.5621,9.1365],[78.5782,9.1313],[78.596,9.1443],[78.6143,9.1521],[78.6574,9.1576],[78.6507,9.1593],[78.6424,9.1738],[78.6451,9.1815],[78.6579,9.1924],[78.6712,9.1985],[78.7185,9.1901],[78.7176,9.2001],[78.7276,9.2088],[78.7554,9.2154],[78.794,9.2288],[78.8049,9.2363],[78.8163,9.2368],[78.8324,9.2432],[78.8288,9.2549],[78.8335,9.264],[78.8326,9.2688],[78.8346,9.2643],[78.8301,9.2543],[78.8349,9.2451],[78.8535,9.2485],[78.8601,9.2535],[78.8696,9.2535],[78.8732,9.2565],[78.9065,9.2496],[78.9257,9.266],[78.9551,9.2724],[78.9846,9.2749],[79.0654,9.2607],[79.0938,9.2599],[79.1204,9.2693],[79.1426,9.2726],[79.1479,9.2765],[79.1907,9.2818],[79.1612,9.284],[79.1401,9.2924],[79.1324,9.2871],[79.106,9.289],[79.0646,9.2999],[79.0474,9.3096],[78.9893,9.3538],[78.9432,9.4018],[78.9135,9.4446],[78.8985,9.4782],[78.8985,9.4901],[78.9035,9.4932],[78.9112,9.491],[78.9149,9.494],[78.9149,9.5088],[78.9226,9.5299],[78.9185,9.5365],[78.9221,9.5643],[78.9349,9.6082],[78.9596,9.6299],[78.9613,9.6424],[78.9638,9.641],[78.9713,9.656],[78.9757,9.6785],[78.994,9.7085],[79.0176,9.7326],[79.0199,9.7399],[79.0376,9.7626],[79.0579,9.7726],[79.069,9.7921],[79.079,9.8007],[79.0865,9.8215],[79.0963,9.8315],[79.422,9.581]]]]}},{"type":"Feature","properties":{"District":"GANJAM","STATE":"ODISHA"},"geometry":{"type":"MultiPolygon","coordinates":[[[[85.1639,19.4611],[85.4409,19.1105],[85.1971,18.907],[85.1665,18.8696],[85.1339,18.8116],[84.7601,19.0704],[84.7832,19.111],[84.7657,19.0996],[84.7593,19.1007],[84.7582,19.0874],[84.7507,19.0821],[84.7521,19.0879],[84.7474,19.0907],[84.7438,19.0876],[84.7393,19.0921],[84.7226,19.0896],[84.711,19.1082],[84.7065,19.1085],[84.7029,19.1199],[84.7193,19.1301],[84.7226,19.1399],[84.7446,19.1446],[84.7493,19.1418],[84.7504,19.1365],[84.7446,19.1329],[84.7468,19.1318],[84.744,19.1271],[84.7465,19.1215],[84.7354,19.1249],[84.7374,19.1221],[84.7335,19.1207],[84.7382,19.1126],[84.7326,19.1126],[84.7257,19.1026],[84.7254,19.0965],[84.7326,19.0982],[84.7365,19.1101],[84.7457,19.1176],[84.7526,19.1157],[84.7535,19.1112],[84.7571,19.1154],[84.7682,19.1093],[84.7824,19.1132],[84.7849,19.1199],[84.7963,19.1288],[84.8087,19.1549],[84.8238,19.1735],[84.8676,19.2204],[84.9126,19.2596],[84.9063,19.2626],[84.9057,19.2696],[84.9104,19.2624],[84.9187,19.2646],[84.9549,19.2951],[84.9646,19.3015],[84.969,19.2985],[84.9676,19.3054],[84.9976,19.3276],[85.0647,19.3644],[85.0662,19.3717],[85.0839,19.3828],[85.1056,19.4148],[85.1639,19.4611]]]]}},{"type":"Feature","properties":{"District":"GUNTUR","STATE":"ANDHRA PRADESH"},"geometry":{"type":"MultiPolygon","coordinates":[[[[80.8093,15.7315],[80.8753,15.3053],[80.7959,15.3032],[80.7375,15.3109],[80.6807,15.3261],[80.6221,15.3509],[80.4297,15.8043],[80.4718,15.8251],[80.5321,15.8476],[80.5296,15.8518],[80.5374,15.8549],[80.5451,15.8524],[80.5912,15.8674],[80.644,15.8776],[80.6868,15.8826],[80.7118,15.8801],[80.7471,15.8724],[80.7688,15.8632],[80.774,15.8663],[80.7818,15.8588],[80.786,15.8601],[80.7904,15.8568],[80.8096,15.8371],[80.8121,15.8315],[80.811,15.816],[80.796,15.8171],[80.7932,15.8146],[80.811,15.7638],[80.8135,15.7396],[80.8032,15.7438],[80.7924,15.7601],[80.7937,15.771],[80.7887,15.7726],[80.7882,15.7854],[80.7826,15.7888],[80.7826,15.7921],[80.7804,15.7854],[80.781,15.7785],[80.7971,15.7443],[80.8093,15.7315]]]]}},{"type":"Feature","properties":{"District":"CHENNAI","STATE":"TAMIL NADU"},"geometry":{"type":"MultiPolygon","coordinates":[[[[80.7684,13.1195],[80.756,13.057],[80.7192,12.9461],[80.7119,12.8923],[80.2625,12.9554],[80.2712,13.0004],[80.2771,13.011],[80.2668,13.0132],[80.2776,13.0163],[80.2821,13.0565],[80.2843,13.0632],[80.2876,13.0637],[80.2851,13.0688],[80.2901,13.0685],[80.3032,13.0896],[80.306,13.1004],[80.3037,13.1013],[80.3007,13.0924],[80.2957,13.0935],[80.2971,13.0982],[80.3015,13.0988],[80.2985,13.1018],[80.3018,13.1129],[80.3018,13.1051],[80.3051,13.1071],[80.2982,13.126],[80.7684,13.1195]]]]}},{"type":"Feature","properties":{"District":"THIRUVALLUR","STATE":"TAMIL NADU"},"geometry":{"type":"MultiPolygon","coordinates":[[[[80.7684,13.1195],[80.2979,13.126],[80.2976,13.1321],[80.3007,13.1324],[80.2999,13.1432],[80.3118,13.1676],[80.3235,13.2029],[80.3226,13.2093],[80.3337,13.2349],[80.3204,13.2265],[80.3107,13.209],[80.3135,13.2193],[80.3179,13.2218],[80.3171,13.224],[80.3135,13.2221],[80.3074,13.2113],[80.3063,13.2151],[80.311,13.219],[80.3107,13.2226],[80.3176,13.226],[80.3132,13.2315],[80.3138,13.2465],[80.3171,13.2313],[80.3335,13.2388],[80.3385,13.2676],[80.3412,13.2732],[80.3449,13.2732],[80.3432,13.2865],[80.3465,13.2915],[80.3446,13.3379],[80.3296,13.4001],[80.3257,13.4438],[80.3262,13.4299],[80.3193,13.4238],[80.3307,13.3929],[80.3315,13.3765],[80.3271,13.3701],[80.329,13.3665],[80.3243,13.3707],[80.3304,13.3779],[80.3299,13.3871],[80.3224,13.3899],[80.3265,13.396],[80.3251,13.4051],[80.3215,13.4129],[80.3171,13.4118],[80.3207,13.4165],[80.3165,13.4282],[80.313,13.4279],[80.3257,13.4497],[80.7466,13.5785],[80.7688,13.5155],[80.7847,13.4526],[80.7974,13.372],[80.7946,13.2839],[80.7684,13.1195]]]]}},{"type":"Feature","properties":{"District":"PUDUCHERRY","STATE":"PUDUCHERRY"},"geometry":{"type":"MultiPolygon","coordinates":[[[[80.2954,11.8693],[80.2608,11.7672],[79.8031,11.8085],[79.8004,11.8101],[79.806,11.8324],[79.7996,11.8401],[79.8018,11.8418],[79.8076,11.8365],[79.8199,11.8693],[79.8046,11.8746],[79.8196,11.8743],[79.8057,11.8821],[79.7907,11.8787],[79.801,11.8838],[79.8185,11.8796],[79.8238,11.8818],[79.8282,11.9029],[79.8321,11.9054],[79.8215,11.9074],[79.8179,11.9015],[79.8185,11.9063],[79.8224,11.9093],[79.826,11.9079],[79.8243,11.9165],[79.8276,11.9143],[79.8276,11.9074],[79.831,11.9071],[79.8296,11.9107],[79.8379,11.9424],[80.2954,11.8693]]]]}},{"type":"Feature","properties":{"District":"VILUPPURAM","STATE":"TAMIL NADU"},"geometry":{"type":"MultiPolygon","coordinates":[[[[80.5271,12.2052],[80.2954,11.8693],[79.8376,11.9426],[79.8493,11.9876],[79.8849,12.0649],[80.0071,12.2546],[80.5271,12.2052]]]]}},{"type":"Feature","properties":{"District":"KARAIKAL","STATE":"TAMIL NADU"},"geometry":{"type":"MultiPolygon","coordinates":[[[[80.2971,10.8422],[79.8512,10.8149],[79.8515,10.826],[79.8474,10.826],[79.8238,10.8176],[79.844,10.8274],[79.8521,10.8276],[79.8529,10.8785],[79.8515,10.8843],[79.8482,10.8843],[79.8529,10.8899],[79.8529,10.9121],[79.8476,10.9129],[79.8532,10.9135],[79.8543,10.9179],[79.8549,10.9776],[80.3033,11.0026],[80.2965,10.9156],[80.2971,10.8422]]]]}},{"type":"Feature","properties":{"District":"NAGAPPATTINAM SOUTH","STATE":"TAMIL NADU"},"geometry":{"type":"MultiPolygon","coordinates":[[[[79.9404,10.0715],[79.7411,10.2678],[79.7386,10.282],[79.7003,10.2975],[79.6694,10.304],[79.6407,10.304],[79.6365,10.3182],[79.6721,10.3193],[79.6871,10.3254],[79.7104,10.3252],[79.7085,10.3235],[79.7213,10.3187],[79.7301,10.311],[79.7613,10.3132],[79.7663,10.3068],[79.7785,10.3018],[79.7699,10.3032],[79.7571,10.3121],[79.7604,10.3046],[79.7796,10.2921],[79.7868,10.2835],[79.7849,10.2807],[79.779,10.2815],[79.7763,10.2857],[79.7715,10.2843],[79.7685,10.2879],[79.7632,10.2871],[79.7604,10.2824],[79.7579,10.284],[79.7607,10.2865],[79.7588,10.2901],[79.751,10.2901],[79.7504,10.2838],[79.7471,10.2824],[79.7557,10.2754],[79.7476,10.2796],[79.7462,10.2768],[79.7415,10.2779],[79.7429,10.2751],[79.7585,10.2738],[79.796,10.2729],[79.8493,10.2785],[79.8671,10.2863],[79.8829,10.3024],[79.884,10.314],[79.8715,10.3682],[79.866,10.4163],[79.8532,10.6538],[79.851,10.8149],[80.2971,10.8422],[80.2945,10.7978],[80.3141,10.3856],[80.308,10.2758],[80.0287,10.1128],[79.9404,10.0715]]]]}},{"type":"Feature","properties":{"District":"TIRUNELVELI","STATE":"TAMIL NADU"},"geometry":{"type":"MultiPolygon","coordinates":[[[[78.2021,7.9328],[78.0129,7.8067],[77.9326,7.7703],[77.8425,7.7428],[77.8098,7.7152],[77.7758,7.6918],[77.5688,8.1279],[77.5757,8.1357],[77.6107,8.1496],[77.6501,8.1601],[77.6579,8.1579],[77.7162,8.1657],[77.7235,8.171],[77.7468,8.1774],[77.7546,8.1832],[77.7518,8.1863],[77.7815,8.2007],[77.7843,8.2074],[77.7821,8.2204],[77.7993,8.2343],[77.804,8.2482],[77.8024,8.2401],[77.889,8.2732],[77.901,8.286],[77.9276,8.2974],[77.9538,8.314],[77.9562,8.3229],[77.9635,8.3289],[78.2021,7.9328]]]]}},{"type":"Feature","properties":{"District":"THIRUVANANTHAPURAM","STATE":"KERALA"},"geometry":{"type":"MultiPolygon","coordinates":[[[[77.096,8.2932],[76.8434,7.9142],[76.8143,7.9404],[76.7021,8.0272],[76.6264,8.1041],[76.4849,8.279],[76.3269,8.488],[76.2876,8.5284],[76.6751,8.7785],[76.6996,8.7376],[76.7349,8.6979],[76.8904,8.5026],[76.9599,8.4218],[76.9707,8.4035],[76.9732,8.3963],[76.9696,8.394],[76.9754,8.3888],[76.9749,8.3851],[76.9896,8.3729],[76.9887,8.3774],[76.9954,8.3763],[77.0021,8.371],[77.0088,8.3571],[77.0179,8.356],[77.0276,8.349],[77.0618,8.319],[77.0857,8.3043],[77.0854,8.3007],[77.096,8.2932]]]]}},{"type":"Feature","properties":{"District":"KOLLAM","STATE":"KERALA"},"geometry":{"type":"MultiPolygon","coordinates":[[[[76.675,8.7785],[76.2876,8.5284],[76.2191,8.6032],[76.1864,8.6521],[76.1507,8.7305],[76.0519,8.9195],[76.474,9.1118],[76.511,9.0296],[76.5188,9.0185],[76.5188,9.0107],[76.5207,9.0054],[76.5226,9.0065],[76.5238,8.9838],[76.5368,8.9388],[76.5351,8.9329],[76.5393,8.931],[76.5462,8.9024],[76.5654,8.8796],[76.5835,8.8701],[76.5679,8.8799],[76.5715,8.8824],[76.581,8.8807],[76.5935,8.8738],[76.614,8.8557],[76.6415,8.8243],[76.6488,8.8101],[76.675,8.7785]]]]}},{"type":"Feature","properties":{"District":"MALAPPURAM","STATE":"KERALA"},"geometry":{"type":"MultiPolygon","coordinates":[[[[75.9571,10.6835],[75.5387,10.5171],[75.5087,10.5835],[75.4817,10.6588],[75.4317,10.8465],[75.3855,10.97],[75.8276,11.1204],[75.8463,11.0638],[75.856,11.0207],[75.8613,11.0187],[75.8643,11.0065],[75.8654,11.0135],[75.8677,11.0093],[75.8665,11.0054],[75.8629,11.0054],[75.861,11.0176],[75.8576,11.0185],[75.9101,10.7924],[75.9571,10.6835]]]]}},{"type":"Feature","properties":{"District":"KANNUR","STATE":"KERALA"},"geometry":{"type":"MultiPolygon","coordinates":[[[[74.9079,11.6634],[75.2959,11.9438],[75.3051,11.9491],[75.3153,11.949],[75.3176,11.9521],[75.3179,11.9462],[75.3354,11.9435],[75.3432,11.9363],[75.3588,11.9315],[75.3618,11.9343],[75.3635,11.946],[75.3735,11.9574],[75.3729,11.9421],[75.3782,11.9393],[75.3788,11.9301],[75.3887,11.9299],[75.3913,11.9254],[75.3893,11.9179],[75.399,11.9196],[75.3993,11.9154],[75.3851,11.9165],[75.3854,11.9257],[75.3776,11.9274],[75.3754,11.9374],[75.3721,11.9396],[75.364,11.9304],[75.3565,11.9285],[75.3529,11.9315],[75.3376,11.9324],[75.3054,11.9471],[75.2987,11.9435],[75.3187,11.916],[75.3182,11.9054],[75.3249,11.9038],[75.3315,11.8974],[75.3521,11.8713],[75.3551,11.8599],[75.3629,11.8568],[75.3668,11.8513],[75.374,11.8524],[75.3746,11.8579],[75.3838,11.8568],[75.3976,11.8415],[75.4051,11.8382],[75.4257,11.8104],[75.4354,11.806],[75.4465,11.7901],[75.4474,11.7818],[75.454,11.7785],[75.4593,11.7782],[75.4612,11.7846],[75.4601,11.8074],[75.4635,11.799],[75.4635,11.7851],[75.4604,11.7768],[75.4554,11.7768],[75.4535,11.7713],[75.4599,11.7654],[75.4701,11.7657],[75.4729,11.7743],[75.4807,11.7793],[75.479,11.7893],[75.4824,11.7926],[75.4868,11.7918],[75.4843,11.7963],[75.4749,11.7996],[75.4743,11.8035],[75.4876,11.7963],[75.5001,11.7982],[75.5001,11.7932],[75.4965,11.7954],[75.4938,11.7904],[75.4899,11.7921],[75.4846,11.7885],[75.4837,11.7846],[75.4879,11.7843],[75.4849,11.7788],[75.4868,11.7762],[75.4837,11.7729],[75.4785,11.7732],[75.4749,11.7665],[75.4879,11.7665],[75.4924,11.7582],[75.5071,11.7646],[75.5076,11.7612],[75.5018,11.7624],[75.4935,11.7563],[75.4896,11.7576],[75.486,11.7651],[75.4721,11.7638],[75.4829,11.7535],[75.4854,11.7465],[75.4926,11.7426],[75.4976,11.7324],[75.5032,11.7346],[75.5085,11.7315],[75.5168,11.7151],[75.5204,11.7149],[75.524,11.7071],[75.5304,11.7029],[75.1332,11.4641],[75.0394,11.5641],[75.0117,11.599],[74.969,11.6207],[74.9079,11.6634]]]]}},{"type":"Feature","properties":{"District":"UDUPI","STATE":"KARNATAKA"},"geometry":{"type":"MultiPolygon","coordinates":[[[[74.7729,13.0854],[74.3235,13.0048],[74.29,13.1754],[74.2344,13.4281],[74.2267,13.4864],[74.2232,13.5541],[74.1933,13.6795],[74.0974,13.8421],[74.5849,13.9226],[74.6018,13.8726],[74.6104,13.8674],[74.6126,13.8599],[74.6176,13.8596],[74.6129,13.859],[74.6157,13.8518],[74.6332,13.849],[74.6146,13.8513],[74.6068,13.8665],[74.6263,13.7963],[74.6446,13.6849],[74.6513,13.6663],[74.6618,13.6554],[74.6707,13.6338],[74.6679,13.6282],[74.6815,13.5474],[74.6904,13.4607],[74.6943,13.454],[74.6974,13.4024],[74.6957,13.379],[74.6988,13.361],[74.6951,13.3476],[74.709,13.3401],[74.7113,13.3418],[74.7188,13.3249],[74.7237,13.2901],[74.7293,13.2874],[74.736,13.2896],[74.729,13.2854],[74.729,13.2771],[74.7218,13.284],[74.7132,13.3307],[74.7051,13.3413],[74.6904,13.3485],[74.7068,13.3371],[74.714,13.3215],[74.7207,13.284],[74.7268,13.2701],[74.7357,13.224],[74.7549,13.1629],[74.7729,13.0854]]]]}},{"type":"Feature","properties":{"District":"RAIGARH","STATE":"MAHARASHTRA"},"geometry":{"type":"MultiPolygon","coordinates":[[[[73.0374,17.9846],[72.5778,17.872],[72.5304,18.0928],[72.5226,18.1525],[72.4786,18.2451],[72.4531,18.3295],[72.4457,18.3834],[72.4399,18.4816],[72.4128,18.5728],[72.4052,18.6311],[72.4029,18.6911],[72.8563,18.8548],[72.8941,18.9733],[73.0323,18.9993],[73.0315,18.9932],[73.0276,18.9921],[73.0274,18.9888],[73.0232,18.991],[73.0173,18.9868],[73.0171,18.981],[73.0126,18.9776],[73.006,18.9768],[72.9962,18.9685],[72.9854,18.9701],[72.9793,18.9626],[72.9649,18.9668],[72.9599,18.9735],[72.9557,18.974],[72.9549,18.9638],[72.9476,18.9526],[72.9488,18.9621],[72.9393,18.946],[72.9613,18.9232],[72.9576,18.9085],[72.9424,18.9093],[72.9418,18.8954],[72.9274,18.9115],[72.9168,18.9104],[72.9163,18.9046],[72.9079,18.9021],[72.9082,18.8857],[72.9218,18.8682],[72.9226,18.8549],[72.9265,18.851],[72.9465,18.8463],[72.9649,18.8529],[72.9779,18.8632],[72.9887,18.866],[72.9807,18.8507],[72.9838,18.8285],[72.9796,18.8171],[72.9826,18.8096],[72.9796,18.8046],[72.976,18.8043],[72.9771,18.7996],[72.9704,18.7899],[72.9574,18.8013],[72.9435,18.8279],[72.9407,18.8279],[72.9368,18.8249],[72.929,18.8057],[72.9163,18.7924],[72.9057,18.7946],[72.9054,18.8004],[72.9007,18.804],[72.8874,18.7982],[72.8871,18.8038],[72.8732,18.8018],[72.8693,18.8046],[72.8635,18.7912],[72.8632,18.7707],[72.8682,18.7563],[72.8657,18.7563],[72.8624,18.7432],[72.8643,18.7213],[72.8551,18.6968],[72.8596,18.6907],[72.8646,18.6688],[72.8635,18.6585],[72.8704,18.6396],[72.8821,18.6374],[72.8874,18.6413],[72.9018,18.6326],[72.8985,18.6296],[72.8971,18.6354],[72.884,18.6385],[72.8854,18.6263],[72.9057,18.5863],[72.9101,18.586],[72.9088,18.5799],[72.9204,18.5599],[72.9243,18.5451],[72.9285,18.5418],[72.9287,18.5354],[72.9174,18.529],[72.9112,18.5304],[72.9071,18.5413],[72.9046,18.5393],[72.9112,18.5235],[72.9112,18.5032],[72.904,18.5015],[72.9007,18.4899],[72.9013,18.4763],[72.8954,18.4726],[72.8949,18.4638],[72.8946,18.4571],[72.8996,18.4554],[72.9054,18.441],[72.904,18.4282],[72.909,18.4218],[72.9063,18.4174],[72.9065,18.4026],[72.9132,18.3932],[72.924,18.3921],[72.9262,18.3865],[72.9262,18.3729],[72.9168,18.3726],[72.9112,18.3668],[72.9174,18.3485],[72.9215,18.3468],[72.9243,18.3504],[72.9343,18.351],[72.9362,18.3482],[72.934,18.3429],[72.9415,18.344],[72.9501,18.3371],[72.961,18.3196],[72.9554,18.316],[72.9596,18.3113],[72.9643,18.3132],[72.9676,18.3101],[72.9704,18.2996],[72.9724,18.3018],[72.9815,18.2999],[72.9871,18.2871],[72.9901,18.2865],[72.9929,18.2735],[73.0004,18.2843],[73.0124,18.2837],[73.0221,18.2779],[73.0204,18.2704],[73.026,18.2693],[73.0279,18.2643],[73.0415,18.2646],[73.0546,18.2704],[73.0401,18.2929],[73.0401,18.3015],[73.0504,18.3079],[73.0615,18.3029],[73.0682,18.3049],[73.0788,18.3146],[73.084,18.3293],[73.0879,18.3268],[73.0837,18.3254],[73.0857,18.3201],[73.0885,18.3235],[73.0821,18.3121],[73.0826,18.3013],[73.0776,18.2985],[73.0826,18.2957],[73.0862,18.2879],[73.0768,18.2985],[73.0571,18.3001],[73.0512,18.3037],[73.0429,18.299],[73.0526,18.2799],[73.0629,18.2785],[73.0679,18.2701],[73.069,18.2654],[73.0624,18.2582],[73.0615,18.251],[73.0685,18.2421],[73.0762,18.2388],[73.0804,18.2313],[73.0785,18.2238],[73.081,18.2157],[73.0765,18.2087],[73.0757,18.1999],[73.0618,18.1965],[73.0596,18.1907],[73.0718,18.1807],[73.0804,18.1793],[73.0832,18.1699],[73.0876,18.171],[73.0915,18.1679],[73.0896,18.1657],[73.0918,18.1621],[73.089,18.1643],[73.0837,18.1618],[73.0874,18.1582],[73.0871,18.1504],[73.0793,18.1624],[73.0726,18.1565],[73.0771,18.1649],[73.0732,18.1699],[73.0687,18.1654],[73.0715,18.1724],[73.0557,18.1871],[73.0576,18.199],[73.0707,18.2074],[73.0699,18.221],[73.0663,18.2251],[73.0201,18.2413],[73.0179,18.2457],[73.0126,18.2421],[72.9987,18.2485],[72.9976,18.2449],[72.9926,18.2463],[72.9815,18.2421],[72.9804,18.2454],[72.974,18.2468],[72.9713,18.2571],[72.974,18.2629],[72.9699,18.2643],[72.9707,18.2713],[72.9654,18.2796],[72.9551,18.2776],[72.9479,18.2854],[72.9388,18.2846],[72.9351,18.281],[72.9374,18.2751],[72.9346,18.2718],[72.9396,18.2643],[72.9426,18.2468],[72.9399,18.2432],[72.9415,18.2346],[72.931,18.2238],[72.9315,18.2193],[72.9393,18.2168],[72.9446,18.2232],[72.9557,18.2196],[72.9682,18.2051],[72.9812,18.1954],[72.9879,18.1943],[72.979,18.1926],[72.9904,18.1579],[72.9863,18.1568],[72.9868,18.149],[72.9818,18.1371],[72.971,18.1321],[72.9793,18.1138],[72.979,18.1082],[72.9899,18.1001],[72.9987,18.0746],[73.0029,18.0757],[73.0015,18.0707],[72.9935,18.0665],[72.9899,18.0551],[72.9949,18.0493],[73.0015,18.0546],[73.0049,18.0526],[73.0157,18.0321],[73.0251,18.0504],[73.0404,18.0532],[73.0396,18.0487],[73.0263,18.0457],[73.0215,18.0393],[73.0215,18.0368],[73.0265,18.0379],[73.0296,18.0321],[73.0374,18.0374],[73.0407,18.0443],[73.0454,18.0415],[73.0407,18.0432],[73.039,18.0368],[73.0235,18.0238],[73.0149,18.0257],[73.0021,18.0212],[73.0085,18.0104],[73.0168,18.0065],[73.0215,17.9938],[73.0179,17.991],[73.0265,17.9888],[73.0296,17.9913],[73.0374,17.9846]]]]}},{"type":"Feature","properties":{"District":"THANE, MUMBAI SUBURBAN, MUMBAI CITY","STATE":"MAHARASHTRA"},"geometry":{"type":"MultiPolygon","coordinates":[[[[72.7932,19.3104],[72.7857,19.306],[72.7838,19.2804],[72.7782,19.279],[72.7846,19.266],[72.7815,19.2596],[72.7807,19.2399],[72.7779,19.2379],[72.7799,19.2304],[72.776,19.2246],[72.7815,19.2151],[72.7793,19.2054],[72.7838,19.2063],[72.7862,19.2026],[72.7821,19.2001],[72.7824,19.1932],[72.7901,19.1926],[72.7937,19.196],[72.7921,19.2038],[72.804,19.2187],[72.7985,19.2232],[72.8051,19.221],[72.8196,19.2362],[72.8204,19.2454],[72.8365,19.2512],[72.8379,19.2557],[72.8343,19.2607],[72.8396,19.2674],[72.8351,19.2604],[72.8396,19.2507],[72.8282,19.2457],[72.8224,19.231],[72.8112,19.2213],[72.8115,19.2146],[72.8037,19.2085],[72.8007,19.1999],[72.7968,19.199],[72.7946,19.1721],[72.7862,19.1665],[72.7801,19.1663],[72.784,19.1624],[72.7813,19.1576],[72.789,19.1501],[72.7862,19.1296],[72.7935,19.1299],[72.7968,19.1335],[72.7949,19.1404],[72.799,19.1401],[72.8026,19.1451],[72.7979,19.156],[72.8043,19.151],[72.8187,19.1707],[72.8288,19.1768],[72.8276,19.1835],[72.8299,19.1824],[72.8296,19.166],[72.824,19.166],[72.811,19.154],[72.8035,19.1415],[72.8215,19.1221],[72.8201,19.1176],[72.8268,19.094],[72.8262,19.0782],[72.821,19.0776],[72.8207,19.0585],[72.8238,19.0551],[72.816,19.0424],[72.8215,19.0426],[72.8243,19.0376],[72.8238,19.0421],[72.8349,19.0499],[72.8382,19.0393],[72.8357,19.0276],[72.8265,19.0185],[72.8204,19.0176],[72.8146,19.0271],[72.8162,19.0132],[72.8112,19.0024],[72.8107,18.989],[72.814,18.9818],[72.8057,18.9782],[72.7996,18.9593],[72.7918,18.9507],[72.7932,18.9388],[72.8082,18.9549],[72.8176,18.951],[72.8235,18.9415],[72.8235,18.9338],[72.8185,18.9249],[72.8251,18.9226],[72.8254,18.9196],[72.8224,18.9168],[72.8165,18.9185],[72.8129,18.9113],[72.8082,18.9149],[72.8037,18.9085],[72.8076,18.891],[72.8165,18.899],[72.821,18.9093],[72.8265,18.9085],[72.8332,18.9212],[72.8396,18.9199],[72.8449,18.9249],[72.8401,18.9224],[72.8385,18.9257],[72.8407,18.9276],[72.8382,18.9285],[72.8407,18.9324],[72.8443,18.929],[72.8468,18.9538],[72.8521,18.9676],[72.8501,18.9726],[72.8554,18.9743],[72.8512,18.9774],[72.8554,18.9765],[72.8526,18.9793],[72.8576,18.9782],[72.861,18.9815],[72.8568,18.9921],[72.8615,18.9957],[72.8621,19.0029],[72.8851,19.009],[72.886,18.9996],[72.9029,18.9974],[72.9051,18.9901],[72.9049,18.9954],[72.9093,18.9913],[72.9051,18.9965],[72.9068,18.9993],[72.9185,18.9996],[72.9554,19.0276],[72.961,19.0396],[72.9632,19.0585],[72.9824,19.0626],[72.9929,19.059],[73.0037,19.0293],[73.0007,19.0168],[73.0029,19.0015],[73.0168,18.9985],[73.0199,19.0015],[73.0299,19.0021],[73.0318,18.9993],[72.8941,18.9733],[72.8563,18.8548],[72.4029,18.6911],[72.3838,18.7211],[72.3578,18.7739],[72.3389,18.8296],[72.3274,18.8872],[72.3245,18.9753],[72.3322,19.0337],[72.3421,19.0729],[72.3208,19.1734],[72.3179,19.2615],[72.7932,19.3104]]]]}},{"type":"Feature","properties":{"District":"VALSAD SOUTH","STATE":"GUJARAT"},"geometry":{"type":"MultiPolygon","coordinates":[[[[72.8215,20.3711],[72.8226,20.3676],[72.8082,20.3529],[72.7926,20.3518],[72.7868,20.3474],[72.7757,20.3335],[72.7746,20.3038],[72.7671,20.2987],[72.7621,20.3001],[72.7557,20.2921],[72.7532,20.2649],[72.7404,20.2429],[72.7457,20.2299],[72.7482,20.2015],[72.7426,20.1829],[72.7376,20.1361],[72.2841,20.211],[72.3098,20.3733],[72.3354,20.4576],[72.8215,20.3711]]]]}},{"type":"Feature","properties":{"District":"NAVSARI","STATE":"GUJARAT"},"geometry":{"type":"MultiPolygon","coordinates":[[[[72.851,20.7415],[72.4371,20.6598],[72.4278,20.6823],[72.3529,20.7288],[72.2936,20.7838],[72.7246,21.051],[72.7237,21.0363],[72.7379,20.9843],[72.7521,20.9465],[72.7712,20.9162],[72.7782,20.9149],[72.7712,20.9204],[72.7721,20.9363],[72.7937,20.9451],[72.7885,20.9388],[72.7932,20.9379],[72.794,20.9315],[72.7876,20.9318],[72.7857,20.9254],[72.7885,20.9226],[72.7854,20.9232],[72.7904,20.9132],[72.7918,20.8965],[72.8171,20.8426],[72.8257,20.8143],[72.8346,20.8049],[72.8468,20.8038],[72.8507,20.799],[72.8388,20.7988],[72.8346,20.7818],[72.8465,20.7687],[72.8593,20.7643],[72.8668,20.7482],[72.8843,20.7421],[72.8896,20.7482],[72.8876,20.7418],[72.8899,20.739],[72.8701,20.7326],[72.869,20.7357],[72.8601,20.7351],[72.8526,20.7449],[72.851,20.7415]]]]}},{"type":"Feature","properties":{"District":"PORBANDAR","STATE":"GUJARAT"},"geometry":{"type":"MultiPolygon","coordinates":[[[[69.9982,21.208],[69.6341,20.9403],[69.5385,21.0524],[69.4533,21.1649],[69.3773,21.2378],[69.3285,21.2661],[69.2588,21.3205],[69.1341,21.4391],[69.083,21.4834],[69.4004,21.7971],[69.4401,21.7607],[69.4776,21.7349],[69.5604,21.6554],[69.591,21.6354],[69.5876,21.621],[69.5901,21.6204],[69.5893,21.626],[69.5918,21.6254],[69.5932,21.6293],[69.5932,21.6351],[69.5899,21.6374],[69.6021,21.6374],[69.6885,21.5501],[69.706,21.5385],[69.7201,21.5435],[69.7154,21.554],[69.7243,21.5713],[69.7074,21.5882],[69.686,21.5957],[69.6668,21.6201],[69.6499,21.6268],[69.6326,21.6429],[69.661,21.6246],[69.669,21.626],[69.6918,21.6143],[69.7012,21.6032],[69.699,21.6004],[69.6954,21.6038],[69.6932,21.6024],[69.6935,21.5943],[69.6968,21.5929],[69.7015,21.6015],[69.7162,21.599],[69.7174,21.6026],[69.7124,21.6099],[69.6999,21.6171],[69.6915,21.6296],[69.6843,21.6313],[69.6757,21.6388],[69.6862,21.6365],[69.6904,21.6404],[69.6963,21.6396],[69.6976,21.6443],[69.7051,21.6474],[69.7135,21.6321],[69.7174,21.6332],[69.7149,21.6401],[69.7254,21.6324],[69.7307,21.6365],[69.7265,21.6415],[69.7312,21.6413],[69.7343,21.6507],[69.7376,21.6504],[69.7371,21.6404],[69.7438,21.636],[69.7465,21.6221],[69.7518,21.6185],[69.7496,21.6135],[69.7554,21.6071],[69.7557,21.5938],[69.7637,21.596],[69.7643,21.5788],[69.7526,21.5774],[69.751,21.5732],[69.7479,21.5749],[69.7513,21.5643],[69.7493,21.5613],[69.736,21.5621],[69.7265,21.5565],[69.7296,21.5421],[69.7235,21.5418],[69.7204,21.536],[69.711,21.5324],[69.7124,21.5293],[69.7751,21.4599],[69.7749,21.4632],[69.7782,21.4629],[69.7771,21.461],[69.7851,21.4538],[69.7957,21.4526],[69.8051,21.4638],[69.801,21.4571],[69.8046,21.4549],[69.8018,21.4557],[69.7999,21.4521],[69.7876,21.4515],[69.7782,21.4579],[69.9982,21.208]]]]}},{"type":"Feature","properties":{"District":"DEVBHUMI DWARAKA","STATE":"GUJARAT"},"geometry":{"type":"MultiPolygon","coordinates":[[[[69.6692,22.5847],[69.7649,22.4451],[69.7814,22.4121],[69.7621,22.4321],[69.7596,22.4415],[69.7557,22.4262],[69.7446,22.4307],[69.7462,22.4338],[69.7426,22.4393],[69.7349,22.4438],[69.7401,22.449],[69.741,22.4574],[69.736,22.4688],[69.7301,22.474],[69.7224,22.4688],[69.7251,22.4646],[69.7099,22.4571],[69.7035,22.4471],[69.6999,22.4479],[69.701,22.4574],[69.691,22.4513],[69.6882,22.4443],[69.6749,22.4421],[69.6718,22.4507],[69.6718,22.4393],[69.6776,22.4396],[69.6801,22.4432],[69.6979,22.4429],[69.7021,22.4338],[69.6924,22.4199],[69.6971,22.411],[69.6993,22.396],[69.664,22.3938],[69.656,22.3768],[69.6571,22.3638],[69.6546,22.359],[69.6432,22.356],[69.6179,22.3685],[69.6199,22.3571],[69.6168,22.3546],[69.6174,22.3463],[69.6068,22.3257],[69.6124,22.3404],[69.609,22.3493],[69.6068,22.3385],[69.6054,22.3507],[69.6015,22.3513],[69.6015,22.3471],[69.5993,22.3507],[69.5963,22.3479],[69.5943,22.3524],[69.5818,22.3463],[69.5801,22.3376],[69.5729,22.3332],[69.5768,22.3229],[69.5749,22.319],[69.5718,22.3343],[69.5788,22.3382],[69.5796,22.3468],[69.5907,22.354],[69.5912,22.361],[69.5829,22.3615],[69.581,22.3668],[69.5757,22.3685],[69.5618,22.3557],[69.5599,22.3668],[69.5504,22.3724],[69.5507,22.3754],[69.5574,22.3754],[69.556,22.3885],[69.5488,22.394],[69.5515,22.3937],[69.5532,22.3987],[69.5507,22.4049],[69.5362,22.4099],[69.5329,22.419],[69.5229,22.4265],[69.5071,22.4237],[69.5026,22.4332],[69.4982,22.4357],[69.5032,22.4246],[69.5151,22.4168],[69.5179,22.411],[69.516,22.3951],[69.5238,22.3857],[69.516,22.3746],[69.499,22.366],[69.4901,22.3557],[69.4885,22.3379],[69.4674,22.3301],[69.4543,22.3357],[69.4418,22.3304],[69.4357,22.3221],[69.4193,22.3157],[69.4026,22.316],[69.3968,22.321],[69.3899,22.3215],[69.3863,22.3185],[69.3832,22.3224],[69.3646,22.3165],[69.3665,22.3221],[69.3343,22.3304],[69.3304,22.3282],[69.3307,22.3243],[69.3374,22.3182],[69.3376,22.3118],[69.3332,22.3038],[69.3238,22.3035],[69.3262,22.3015],[69.3249,22.2954],[69.3199,22.2912],[69.3121,22.2918],[69.3138,22.2882],[69.3087,22.2865],[69.2979,22.2876],[69.2962,22.2835],[69.2924,22.2863],[69.2951,22.2799],[69.2754,22.269],[69.2571,22.269],[69.249,22.2671],[69.2518,22.2649],[69.2504,22.261],[69.2465,22.2651],[69.2421,22.2649],[69.2387,22.2593],[69.2235,22.2579],[69.206,22.2646],[69.186,22.2793],[69.1654,22.2993],[69.1579,22.3129],[69.1682,22.3265],[69.1676,22.3451],[69.1704,22.3485],[69.1762,22.3476],[69.1738,22.3507],[69.1779,22.3563],[69.1732,22.3568],[69.1735,22.3626],[69.1774,22.3679],[69.1804,22.3668],[69.1832,22.3729],[69.1829,22.3763],[69.1801,22.3749],[69.1787,22.3779],[69.1882,22.386],[69.1982,22.3876],[69.2004,22.3918],[69.1979,22.3976],[69.2043,22.4018],[69.2035,22.4043],[69.196,22.4046],[69.1935,22.4088],[69.194,22.4237],[69.1829,22.421],[69.1757,22.4243],[69.1693,22.4201],[69.1732,22.4182],[69.1699,22.4143],[69.1654,22.4126],[69.1621,22.4152],[69.156,22.4121],[69.1485,22.4026],[69.1307,22.4029],[69.129,22.3979],[69.114,22.4049],[69.1099,22.4101],[69.1026,22.4101],[69.0987,22.4082],[69.0987,22.399],[69.0915,22.3946],[69.0799,22.3924],[69.0693,22.3957],[69.0621,22.4021],[69.0612,22.4074],[69.0549,22.4107],[69.0437,22.4326],[69.0451,22.4368],[69.0501,22.4368],[69.0671,22.4518],[69.0735,22.4521],[69.0768,22.4646],[69.0854,22.4724],[69.0793,22.4793],[69.0699,22.4774],[69.0674,22.4801],[69.0599,22.4674],[69.0321,22.4549],[69.0065,22.4388],[68.9935,22.4204],[68.9846,22.4143],[68.9693,22.3915],[68.9668,22.3813],[68.9568,22.3665],[68.959,22.3518],[68.9557,22.3457],[68.9565,22.3382],[68.9518,22.3321],[68.9426,22.3329],[68.936,22.3121],[68.9435,22.2851],[68.9579,22.2579],[68.9526,22.2513],[68.9574,22.2377],[68.9632,22.2374],[68.969,22.2318],[68.981,22.2118],[69.0229,22.1679],[69.0551,22.1285],[69.0876,22.0999],[69.1082,22.0735],[69.1771,21.9996],[69.1929,21.9837],[69.2015,21.9846],[69.1974,21.9807],[69.2365,21.9382],[69.3238,21.861],[69.3521,21.8388],[69.3737,21.8282],[69.4001,21.7974],[69.083,21.4834],[68.9329,21.6091],[68.7775,21.766],[68.6202,21.9535],[68.5889,21.998],[68.5595,22.0489],[68.5292,22.1205],[68.5116,22.1729],[68.5001,22.2306],[68.4939,22.325],[68.4978,22.3837],[68.5092,22.4414],[68.5228,22.4837],[68.5631,22.5843],[68.6049,22.6563],[69.6692,22.5847]]]]}},{"type":"Feature","properties":{"District":"KACHCHH","STATE":"GUJARAT"},"geometry":{"type":"MultiPolygon","coordinates":[[[[70.4354,22.9624],[70.417,22.9672],[70.3515,22.8982],[69.8923,22.668],[69.6692,22.5847],[68.6049,22.6563],[68.5277,22.6997],[68.4092,22.7744],[68.3411,22.8303],[68.2185,22.9579],[68.1863,22.9954],[68.0777,23.153],[68.5199,23.9465],[68.526,23.9485],[68.5224,23.9526],[68.5279,23.9551],[68.5335,23.9515],[68.5365,23.9543],[68.5357,23.9599],[68.5429,23.9671],[68.5451,23.9818],[68.549,23.9876],[68.5474,23.9751],[68.554,23.9737],[68.5574,23.9693],[68.5437,23.9599],[68.5374,23.9468],[68.5437,23.9351],[68.5593,23.9318],[68.5587,23.924],[68.5885,23.9224],[68.5874,23.9407],[68.596,23.9418],[68.6093,23.9338],[68.6143,23.9226],[68.6224,23.9274],[68.6176,23.9129],[68.6199,23.9065],[68.6382,23.9032],[68.6521,23.9157],[68.6582,23.9176],[68.6596,23.9218],[68.6624,23.9226],[68.6632,23.9174],[68.6363,23.8976],[68.6385,23.8949],[68.6135,23.9032],[68.5985,23.8924],[68.5729,23.881],[68.566,23.8632],[68.5574,23.8563],[68.5465,23.8357],[68.5343,23.8279],[68.5151,23.8249],[68.5229,23.8171],[68.5215,23.811],[68.526,23.8021],[68.531,23.8021],[68.5374,23.8151],[68.531,23.8001],[68.5254,23.8004],[68.5179,23.7954],[68.5154,23.7854],[68.5263,23.7735],[68.5251,23.759],[68.529,23.7554],[68.5351,23.7571],[68.5646,23.7979],[68.5762,23.8235],[68.5882,23.8365],[68.6001,23.8396],[68.5987,23.8474],[68.6038,23.8501],[68.6001,23.8454],[68.6049,23.8382],[68.6374,23.836],[68.6468,23.8396],[68.6485,23.8432],[68.6449,23.8463],[68.6499,23.844],[68.6482,23.8479],[68.6554,23.846],[68.6657,23.8518],[68.6654,23.8568],[68.6601,23.8585],[68.6837,23.8618],[68.7018,23.8568],[68.7162,23.8574],[68.7365,23.8626],[68.7543,23.8751],[68.7613,23.8754],[68.746,23.866],[68.7465,23.8629],[68.749,23.8638],[68.7468,23.8599],[68.7399,23.861],[68.729,23.8549],[68.7257,23.8463],[68.7371,23.8432],[68.7349,23.8379],[68.7301,23.8399],[68.7329,23.8371],[68.7221,23.8318],[68.7276,23.831],[68.7432,23.8438],[68.7426,23.8371],[68.7185,23.826],[68.6874,23.8218],[68.6774,23.8143],[68.6779,23.8076],[68.6754,23.811],[68.6663,23.8085],[68.6507,23.7938],[68.6332,23.764],[68.6326,23.7579],[68.6035,23.7488],[68.5954,23.7301],[68.5799,23.7285],[68.5762,23.7246],[68.5776,23.7201],[68.5713,23.7249],[68.5585,23.7193],[68.5463,23.6968],[68.5357,23.6893],[68.5249,23.6907],[68.5274,23.6868],[68.5265,23.6771],[68.5174,23.6635],[68.5201,23.6546],[68.524,23.6532],[68.5299,23.6621],[68.5385,23.6615],[68.5287,23.6596],[68.5232,23.6513],[68.5196,23.6526],[68.5174,23.6607],[68.5007,23.6571],[68.4968,23.6529],[68.499,23.6443],[68.489,23.6354],[68.4921,23.6096],[68.4949,23.6076],[68.4865,23.596],[68.4874,23.5779],[68.4924,23.5743],[68.4938,23.5493],[68.496,23.5507],[68.4974,23.5474],[68.484,23.5482],[68.4957,23.5249],[68.4946,23.5165],[68.499,23.5151],[68.4918,23.501],[68.5001,23.4985],[68.5026,23.5004],[68.4999,23.504],[68.5038,23.506],[68.5051,23.5035],[68.5015,23.5021],[68.504,23.4996],[68.499,23.494],[68.5146,23.4929],[68.5129,23.4876],[68.5188,23.4896],[68.5129,23.4849],[68.5024,23.4918],[68.5004,23.476],[68.5046,23.4715],[68.5115,23.4738],[68.509,23.4696],[68.5121,23.4671],[68.5085,23.4626],[68.5049,23.4676],[68.5024,23.4654],[68.5104,23.4587],[68.5104,23.4551],[68.5132,23.4574],[68.5129,23.4529],[68.5154,23.4579],[68.5232,23.4465],[68.5249,23.4554],[68.521,23.4593],[68.5212,23.4543],[68.5185,23.4554],[68.5174,23.4682],[68.5124,23.4679],[68.5124,23.4718],[68.5154,23.4685],[68.514,23.4746],[68.5163,23.4751],[68.5218,23.4674],[68.5224,23.4587],[68.5313,23.4479],[68.5354,23.4313],[68.541,23.4257],[68.5379,23.4243],[68.5326,23.4335],[68.5357,23.4212],[68.5501,23.4232],[68.5479,23.4199],[68.5437,23.4204],[68.5521,23.4151],[68.5551,23.4201],[68.5604,23.4193],[68.5646,23.4001],[68.5638,23.3937],[68.5612,23.3949],[68.5629,23.391],[68.5579,23.3951],[68.5585,23.3871],[68.5682,23.3813],[68.5707,23.3751],[68.5796,23.376],[68.5774,23.3832],[68.5713,23.3868],[68.5724,23.3829],[68.5682,23.3882],[68.5729,23.3918],[68.5785,23.386],[68.581,23.3899],[68.5899,23.3757],[68.5982,23.3696],[68.6024,23.3593],[68.6057,23.3635],[68.596,23.3821],[68.6001,23.3846],[68.606,23.381],[68.6032,23.3771],[68.6065,23.3768],[68.6088,23.3707],[68.6196,23.3654],[68.6132,23.3651],[68.6146,23.359],[68.6224,23.3571],[68.6229,23.3504],[68.6263,23.354],[68.6279,23.3513],[68.6332,23.3521],[68.6368,23.3468],[68.6349,23.3393],[68.6257,23.3463],[68.6246,23.339],[68.626,23.336],[68.6343,23.334],[68.6335,23.3293],[68.6376,23.3313],[68.6326,23.324],[68.6357,23.3165],[68.6446,23.3226],[68.6479,23.3085],[68.6524,23.3029],[68.6565,23.3029],[68.6588,23.3087],[68.6588,23.3229],[68.6687,23.3254],[68.6607,23.3199],[68.6588,23.3035],[68.6621,23.3057],[68.6682,23.3029],[68.6701,23.3065],[68.6738,23.3038],[68.6751,23.3082],[68.6774,23.3051],[68.6765,23.3085],[68.6924,23.3085],[68.6988,23.3138],[68.7085,23.3149],[68.7135,23.3054],[68.7185,23.3046],[68.7135,23.3043],[68.714,23.2999],[68.724,23.2971],[68.7343,23.309],[68.7468,23.3057],[68.7582,23.3304],[68.7482,23.304],[68.7357,23.3087],[68.7304,23.299],[68.7251,23.2957],[68.7126,23.2971],[68.7046,23.3054],[68.696,23.3074],[68.6843,23.3004],[68.6568,23.2949],[68.6301,23.2957],[68.6293,23.291],[68.6407,23.2665],[68.6563,23.2721],[68.671,23.2726],[68.6718,23.2699],[68.6615,23.2679],[68.659,23.2613],[68.6479,23.2576],[68.6457,23.251],[68.6393,23.2499],[68.6432,23.2474],[68.6404,23.2446],[68.6282,23.2471],[68.6307,23.2432],[68.6038,23.2429],[68.619,23.2199],[68.6188,23.2251],[68.621,23.2224],[68.6237,23.2262],[68.624,23.2207],[68.629,23.2249],[68.6399,23.2224],[68.6287,23.2176],[68.6307,23.2132],[68.6182,23.2165],[68.6182,23.219],[68.6099,23.2176],[68.609,23.221],[68.6012,23.2185],[68.599,23.2404],[68.5854,23.2346],[68.5851,23.2218],[68.6265,23.1857],[68.639,23.1821],[68.6429,23.1735],[68.651,23.1674],[68.656,23.1551],[68.6668,23.1529],[68.6712,23.1468],[68.6815,23.1418],[68.6557,23.1535],[68.644,23.1665],[68.646,23.1674],[68.6346,23.1721],[68.6357,23.1757],[68.6312,23.1774],[68.631,23.1735],[68.6449,23.1643],[68.6529,23.1546],[68.7135,23.1185],[68.7435,23.0963],[68.7593,23.0804],[68.7871,23.0724],[68.8082,23.0607],[68.8149,23.0632],[68.8146,23.0674],[68.8143,23.0593],[68.8235,23.0546],[68.8165,23.0568],[68.836,23.0435],[68.9037,23.0054],[68.901,23.011],[68.9118,22.9993],[68.9276,22.9924],[68.9407,22.981],[68.9643,22.971],[68.9704,22.9638],[69.0446,22.9296],[69.0985,22.8974],[69.1315,22.8726],[69.1612,22.8604],[69.1974,22.8385],[69.2076,22.8401],[69.2082,22.8368],[69.2232,22.836],[69.2285,22.8424],[69.2307,22.8346],[69.2668,22.824],[69.3007,22.8324],[69.3143,22.8326],[69.3313,22.8288],[69.3485,22.8204],[69.3557,22.8288],[69.3521,22.8176],[69.3613,22.8226],[69.3907,22.8138],[69.4196,22.7993],[69.4465,22.7801],[69.4599,22.7793],[69.4696,22.7737],[69.494,22.7815],[69.4871,22.7863],[69.4826,22.7857],[69.4846,22.7879],[69.5093,22.7876],[69.516,22.791],[69.5446,22.7857],[69.5499,22.7863],[69.5551,22.7924],[69.5526,22.7857],[69.5632,22.7737],[69.5793,22.7649],[69.601,22.759],[69.6085,22.7615],[69.6093,22.7671],[69.6215,22.7674],[69.6221,22.7649],[69.6296,22.7635],[69.6413,22.7665],[69.6346,22.7774],[69.6368,22.7882],[69.6338,22.7954],[69.6432,22.7657],[69.6593,22.7565],[69.6668,22.7774],[69.6624,22.7568],[69.6735,22.7571],[69.6929,22.7429],[69.706,22.7404],[69.7057,22.7304],[69.7029,22.729],[69.7051,22.7279],[69.7101,22.7299],[69.7068,22.7307],[69.7085,22.7388],[69.7162,22.7413],[69.714,22.7515],[69.7201,22.7624],[69.7243,22.764],[69.734,22.781],[69.7379,22.7813],[69.7468,22.7938],[69.7446,22.8035],[69.7524,22.8196],[69.7746,22.8307],[69.7763,22.8324],[69.7729,22.8313],[69.7735,22.8337],[69.7985,22.8507],[69.8168,22.8521],[69.8538,22.8682],[69.8621,22.8585],[69.8574,22.8696],[69.8668,22.8729],[69.8838,22.871],[69.8929,22.8657],[69.9057,22.8663],[69.9118,22.8729],[69.9182,22.8729],[69.934,22.8851],[69.9371,22.8932],[69.9601,22.8943],[69.996,22.9029],[70.0074,22.8993],[70.0104,22.9021],[70.0121,22.8996],[70.0182,22.9015],[70.0179,22.8993],[70.024,22.9015],[70.0326,22.8954],[70.0485,22.8993],[70.0546,22.9043],[70.0821,22.906],[70.0826,22.909],[70.106,22.909],[70.1321,22.9246],[70.1387,22.9324],[70.139,22.9413],[70.1188,22.9451],[70.1113,22.9496],[70.0999,22.9382],[70.091,22.9526],[70.0954,22.951],[70.0974,22.9429],[70.1012,22.9418],[70.111,22.9526],[70.1265,22.9465],[70.111,22.9601],[70.1124,22.9726],[70.1232,22.9821],[70.1299,23.0007],[70.1402,23.0088],[70.1435,23.0179],[70.1532,23.0296],[70.1526,23.0235],[70.146,23.0171],[70.1435,23.009],[70.1329,23.0001],[70.129,22.9921],[70.1299,22.9874],[70.134,22.9849],[70.1204,22.9685],[70.1232,22.9607],[70.1318,22.9612],[70.1415,22.9524],[70.1618,22.9426],[70.1735,22.9507],[70.2024,22.9507],[70.2199,22.9565],[70.2251,22.9601],[70.2243,22.9632],[70.2007,22.9815],[70.1979,22.994],[70.1899,22.9951],[70.1865,22.9913],[70.189,22.9976],[70.1979,22.9985],[70.2057,22.9807],[70.2271,22.966],[70.2299,22.9682],[70.2293,22.9771],[70.2376,22.9796],[70.2507,22.9735],[70.2793,22.9488],[70.291,22.9449],[70.3074,22.9513],[70.306,22.9468],[70.3101,22.9415],[70.3476,22.9304],[70.3807,22.9429],[70.3868,22.9482],[70.3935,22.9632],[70.3946,22.9954],[70.3826,22.9979],[70.3938,23.0015],[70.3962,23.0254],[70.4013,23.0307],[70.4024,23.029],[70.4193,23.0482],[70.4379,23.0626],[70.476,23.0696],[70.4846,23.0774],[70.4935,23.0751],[70.4871,23.0504],[70.4707,23.0107],[70.4543,22.9851],[70.4376,22.9751],[70.4426,22.9748],[70.4354,22.9624]]]]}},{"type":"Feature","properties":{"District":"KOMATRA & KATCHAL ISLAND","STATE":"ANDAMAN AND NICOBAR"},"geometry":{"type":"MultiPolygon","coordinates":[[[[94.0244,7.8611],[92.9974,7.6149],[92.9521,7.6712],[92.9202,7.7225],[92.8953,7.7783],[92.8746,7.8463],[92.8197,7.888],[92.7746,7.9335],[92.7298,7.9924],[92.6878,8.063],[92.6576,8.1351],[92.6436,8.1895],[92.6357,8.2423],[92.6152,8.2882],[92.5992,8.3383],[92.5879,8.3984],[92.5848,8.4593],[92.5486,8.4894],[93.5948,9.0254],[93.6449,9.0247],[93.6946,9.0183],[93.7432,9.0066],[93.7892,8.9899],[93.8431,8.9626],[93.8925,8.9285],[93.9348,8.8909],[93.9742,8.8457],[94.0041,8.8014],[94.029,8.7535],[94.0618,8.6671],[94.0763,8.6138],[94.0907,8.5042],[94.091,8.4363],[94.0848,8.3866],[94.0725,8.3362],[94.0248,8.219],[94.0457,8.1191],[94.051,8.0497],[94.046,7.9791],[94.0301,7.9095],[94.0244,7.8611]],[[93.4634,7.8737],[93.4747,7.8925],[93.4656,7.9161],[93.4656,7.9289],[93.4597,7.9375],[93.4358,7.9564],[93.43,7.9678],[93.4228,7.96],[93.4164,7.9592],[93.4028,7.9745],[93.4031,7.9944],[93.4058,8.0036],[93.4098,8.006],[93.4078,8.0092],[93.3986,8.0172],[93.38,8.0247],[93.3714,8.0222],[93.365,8.0133],[93.3547,8.0078],[93.35,8.0097],[93.3475,8.0164],[93.3426,8.0106],[93.3364,8.0122],[93.3334,8.0098],[93.3225,7.9931],[93.3239,7.9758],[93.3108,7.9625],[93.3111,7.9558],[93.3192,7.94],[93.3172,7.9336],[93.3225,7.9267],[93.3303,7.9233],[93.333,7.9255],[93.3306,7.9289],[93.3339,7.9358],[93.3431,7.9317],[93.3486,7.94],[93.3431,7.9394],[93.3494,7.945],[93.3581,7.9417],[93.345,7.9308],[93.3461,7.9272],[93.3517,7.9317],[93.3426,7.9188],[93.3469,7.91],[93.3436,7.9064],[93.3444,7.9017],[93.3503,7.8936],[93.3778,7.8817],[93.3925,7.8925],[93.3975,7.9019],[93.4081,7.9019],[93.4225,7.9072],[93.4414,7.8989],[93.4517,7.8839],[93.4531,7.8756],[93.4634,7.8737]],[[93.4858,8.0244],[93.4853,8.0178],[93.4919,8],[93.5014,7.9972],[93.5019,8.0005],[93.5056,7.9992],[93.5095,8.01],[93.5069,8.0147],[93.5119,8.0167],[93.5061,8.0239],[93.5084,8.0338],[93.5203,8.0372],[93.5253,8.0319],[93.5306,8.0489],[93.5359,8.0471],[93.5417,8.0375],[93.5503,8.0361],[93.5453,8.0489],[93.5489,8.0506],[93.5531,8.0664],[93.5483,8.0883],[93.5319,8.0992],[93.5322,8.1047],[93.5242,8.1225],[93.5031,8.1482],[93.5073,8.1492],[93.5081,8.156],[93.5119,8.1578],[93.5108,8.1683],[93.5217,8.1722],[93.5341,8.1837],[93.5244,8.1744],[93.5253,8.1714],[93.535,8.18],[93.538,8.1905],[93.5453,8.1978],[93.5468,8.2102],[93.5442,8.225],[93.5226,8.2332],[93.4947,8.2228],[93.4911,8.2172],[93.4906,8.1989],[93.4813,8.1925],[93.476,8.1843],[93.4594,8.1792],[93.4539,8.1736],[93.4556,8.1458],[93.4583,8.1414],[93.4625,8.1433],[93.4647,8.1397],[93.4583,8.1344],[93.4594,8.1222],[93.4617,8.1183],[93.4683,8.1183],[93.4639,8.115],[93.4667,8.1064],[93.4783,8.0903],[93.4815,8.0964],[93.4894,8.0916],[93.4872,8.0875],[93.4806,8.0861],[93.485,8.0519],[93.4901,8.0492],[93.4926,8.0512],[93.4944,8.0597],[93.4919,8.0622],[93.5123,8.0736],[93.5144,8.0839],[93.5197,8.0814],[93.5228,8.0839],[93.5244,8.0783],[93.5299,8.0787],[93.5236,8.0736],[93.5253,8.0667],[93.53,8.0678],[93.5289,8.0644],[93.5239,8.0633],[93.5258,8.0539],[93.5181,8.0469],[93.5139,8.05],[93.5156,8.0575],[93.5111,8.0683],[93.5089,8.0578],[93.5033,8.0556],[93.5089,8.0511],[93.5056,8.0407],[93.5039,8.0478],[93.4997,8.0394],[93.4903,8.0467],[93.4856,8.045],[93.4858,8.0244]],[[93.1881,8.1925],[93.2019,8.1964],[93.2047,8.2156],[93.1943,8.225],[93.1543,8.243],[93.1333,8.2642],[93.1261,8.2772],[93.1339,8.3017],[93.1311,8.3098],[93.1411,8.3294],[93.1433,8.3467],[93.1319,8.3483],[93.1263,8.3559],[93.1128,8.3472],[93.1058,8.3503],[93.0947,8.3392],[93.0947,8.3258],[93.0846,8.3054],[93.0836,8.2822],[93.0875,8.2689],[93.1005,8.2536],[93.1051,8.2401],[93.1119,8.2325],[93.1157,8.2324],[93.1153,8.2269],[93.1208,8.2225],[93.1527,8.2092],[93.1611,8.2008],[93.1751,8.2005],[93.1881,8.1925]],[[93.2238,8.2591],[93.2199,8.2479],[93.2247,8.2364],[93.2335,8.2299],[93.2342,8.2244],[93.2389,8.2208],[93.2402,8.2238],[93.2488,8.2242],[93.2517,8.2334],[93.2375,8.2639],[93.235,8.2656],[93.2238,8.2591]],[[93.5772,8.125],[93.5614,8.1181],[93.5706,8.1061],[93.5751,8.1098],[93.5692,8.0953],[93.5706,8.0903],[93.5815,8.0807],[93.5815,8.0735],[93.5742,8.0728],[93.5717,8.0664],[93.5928,8.0378],[93.6011,8.0442],[93.6014,8.05],[93.5906,8.0697],[93.5931,8.0767],[93.5887,8.1094],[93.5803,8.125],[93.5772,8.125]],[[93.5465,8.0283],[93.5433,8.025],[93.5489,8.0204],[93.5522,8.0078],[93.5508,7.9962],[93.5431,8.0064],[93.5425,8.015],[93.5325,8.025],[93.5282,8.0187],[93.5311,8.0064],[93.5183,7.9931],[93.5133,7.9989],[93.5072,7.9967],[93.5072,7.9847],[93.5161,7.9786],[93.5161,7.9747],[93.5356,7.9636],[93.5456,7.9514],[93.5775,7.9283],[93.5814,7.9383],[93.5819,7.963],[93.5794,7.9656],[93.5831,7.9714],[93.5797,7.9789],[93.583,7.9833],[93.5828,7.9917],[93.5667,8.0156],[93.5647,8.0236],[93.5465,8.0283]],[[93.6253,8.4278],[93.6275,8.4415],[93.6228,8.4492],[93.6267,8.4672],[93.6339,8.4706],[93.6413,8.4646],[93.6424,8.4685],[93.637,8.4972],[93.6319,8.5053],[93.6373,8.5105],[93.6333,8.5176],[93.6361,8.5222],[93.6219,8.5317],[93.6182,8.552],[93.6203,8.5649],[93.6131,8.5761],[93.6111,8.5717],[93.6144,8.5645],[93.6105,8.5607],[93.6101,8.5443],[93.622,8.5254],[93.6203,8.5206],[93.6249,8.5151],[93.6258,8.5036],[93.624,8.4968],[93.6283,8.4886],[93.6244,8.4822],[93.6184,8.4804],[93.6186,8.4739],[93.6229,8.4724],[93.6203,8.4694],[93.6228,8.4611],[93.6194,8.4564],[93.6156,8.4564],[93.6205,8.452],[93.6169,8.4433],[93.6204,8.4378],[93.6164,8.4349],[93.6224,8.4216],[93.6253,8.4278]],[[93.053,8.4389],[93.0608,8.4431],[93.0564,8.4481],[93.0572,8.4592],[93.0433,8.4736],[93.0344,8.4511],[93.0425,8.4408],[93.053,8.4389]]]]}},{"type":"Feature","properties":{"District":"NARCONDAM ISLAND","STATE":"ANDAMAN AND NICOBAR"},"geometry":{"type":"MultiPolygon","coordinates":[[[[94.7274,13.4655],[94.7202,13.373],[94.7102,13.3269],[94.6962,13.283],[94.6783,13.2418],[94.6565,13.2025],[94.6309,13.1652],[94.6016,13.1304],[94.5705,13.1001],[94.5345,13.0711],[94.494,13.0442],[94.4528,13.0224],[94.4133,13.0062],[94.3692,12.9931],[94.3234,12.9844],[94.2798,12.9803],[94.2361,12.9804],[94.1906,12.985],[94.1471,12.9938],[94.1022,13.0077],[94.0612,13.0249],[94.0224,13.0459],[93.9843,13.0718],[93.9506,13.1],[93.9179,13.1335],[93.8877,13.1714],[93.8635,13.2087],[93.8416,13.2512],[93.8253,13.2913],[93.8124,13.3348],[93.8041,13.3779],[93.7999,13.4232],[93.8001,13.4698],[93.8053,13.5173],[93.815,13.5627],[93.83,13.6083],[93.8489,13.6506],[93.8707,13.6885],[93.9015,13.7324],[93.9329,13.7695],[93.965,13.8009],[94,13.829],[94.0374,13.8532],[94.0778,13.874],[94.1192,13.8904],[94.1612,13.9023],[94.204,13.9102],[94.2521,13.9145],[94.2962,13.9143],[94.3408,13.9098],[94.3856,13.9006],[94.4291,13.8869],[94.4717,13.8686],[94.5106,13.8469],[94.5498,13.8202],[94.5856,13.7898],[94.6175,13.7565],[94.6453,13.7209],[94.6701,13.6815],[94.6901,13.6411],[94.706,13.5988],[94.7176,13.5553],[94.7248,13.5099],[94.7274,13.4655]],[[94.2706,13.4646],[94.2628,13.464],[94.2492,13.4456],[94.2558,13.4303],[94.2632,13.4301],[94.275,13.4406],[94.277,13.4524],[94.275,13.4575],[94.2778,13.4618],[94.2706,13.4646]]]]}},{"type":"Feature","properties":{"District":"NORTH SENTINEL ISLAND","STATE":"ANDAMAN AND NICOBAR"},"geometry":{"type":"MultiPolygon","coordinates":[[[[92.7637,12.0638],[92.762,12.0514],[92.7597,12.0558],[92.7517,12.0552],[92.7583,12.0639],[92.7518,12.0709],[92.7419,12.0744],[92.7378,12.0699],[92.7375,12.0639],[92.7353,12.0653],[92.7411,12.0742],[92.7358,12.0845],[92.7362,12.1066],[92.7552,12.1525],[92.7575,12.1764],[92.7525,12.1803],[92.7483,12.1769],[92.7367,12.1822],[92.7243,12.1784],[92.7212,12.1803],[92.7136,12.1653],[92.7127,12.1756],[92.7037,12.1654],[92.7056,12.1803],[92.7125,12.1901],[92.7068,12.1983],[92.7097,12.2162],[92.7054,12.2311],[92.6992,12.2394],[92.6936,12.239],[92.6861,12.2259],[92.685,12.2087],[92.6804,12.2141],[92.6775,12.2042],[92.6777,12.2163],[92.6741,12.218],[92.6579,12.1875],[92.6583,12.1829],[92.6551,12.1817],[92.6655,12.2171],[92.662,12.2155],[92.6457,12.1792],[92.6315,12.1228],[92.6359,12.1205],[92.6236,12.1028],[92.6195,12.0708],[92.6203,12.065],[92.6256,12.0608],[92.6206,12.0529],[92.6225,12.0483],[92.627,12.0478],[92.6278,12.0433],[92.6197,12.0412],[92.6228,12.0278],[92.6169,12.0256],[92.6131,12.0066],[92.617,11.9912],[92.6138,11.9902],[92.612,11.9836],[92.6133,11.9628],[92.6084,11.9483],[92.6116,11.9409],[92.606,11.9234],[92.606,11.9178],[92.6091,11.918],[92.6116,11.9135],[92.611,11.8713],[92.604,11.8671],[92.6042,11.8582],[92.6003,11.8671],[92.6016,11.8972],[92.594,11.899],[92.592,11.887],[92.5868,11.8875],[92.5801,11.9244],[92.5732,11.9271],[92.5624,11.9465],[92.555,11.9254],[92.543,11.9235],[92.5412,11.9176],[92.5345,11.9118],[92.538,11.9043],[92.5353,11.8995],[92.5266,11.8954],[92.5249,11.8714],[92.5135,11.848],[92.5182,11.8429],[92.5177,11.8339],[92.523,11.8256],[92.5367,11.8386],[92.5413,11.8361],[92.5422,11.8287],[92.5464,11.8349],[92.5409,11.8193],[92.549,11.8161],[92.5539,11.7934],[92.5524,11.784],[92.5561,11.7727],[92.5593,11.7731],[92.5528,11.7627],[92.5523,11.7213],[92.5616,11.6949],[92.5654,11.692],[92.5725,11.6992],[92.5744,11.7156],[92.5858,11.714],[92.5881,11.7179],[92.5948,11.7106],[92.593,11.7025],[92.5997,11.6908],[92.5985,11.6787],[92.5914,11.6689],[92.5998,11.6562],[92.5988,11.6517],[92.6069,11.6411],[92.6084,11.634],[92.6124,11.6352],[92.631,11.6283],[92.6318,11.6509],[92.6379,11.6456],[92.6344,11.6348],[92.6384,11.6346],[92.6424,11.6392],[92.6444,11.6363],[92.6442,11.6244],[92.6361,11.6156],[92.6299,11.6168],[92.6284,11.6257],[92.6244,11.6176],[92.6153,11.6217],[92.6082,11.6197],[92.6056,11.6088],[92.6088,11.6],[92.6074,11.5948],[92.6191,11.5827],[92.6179,11.5628],[92.6206,11.5616],[92.6314,11.5717],[92.6332,11.5792],[92.6473,11.5724],[92.6422,11.5605],[92.651,11.5511],[92.6439,11.5407],[92.6469,11.522],[92.6672,11.5039],[92.6719,11.504],[92.6784,11.5114],[92.6867,11.5096],[92.6793,11.4567],[92.6759,11.4621],[92.6773,11.4715],[92.6711,11.4789],[92.6686,11.49],[92.6596,11.4914],[92.6457,11.5008],[92.6459,11.511],[92.6411,11.5104],[92.6364,11.5172],[92.632,11.5145],[92.6206,11.497],[92.6111,11.4586],[92.6236,11.4408],[92.6235,11.4347],[92.62,11.4355],[92.6197,11.4304],[92.6225,11.4315],[92.6241,11.4276],[92.6239,11.4073],[92.6139,11.4003],[92.5874,11.401],[92.5925,11.3806],[92.581,11.369],[92.5887,11.3541],[92.6019,11.3461],[92.6276,11.3495],[92.638,11.3463],[92.6525,11.3571],[92.6649,11.3526],[92.6431,11.1959],[91.8336,11.217],[91.8592,11.2539],[91.8235,11.3074],[91.7966,11.3637],[91.7727,11.4356],[91.7605,11.5044],[91.7576,11.5813],[91.7599,11.6304],[91.7682,11.6824],[91.7829,11.7339],[91.8043,11.7848],[91.8327,11.8341],[91.8653,11.8773],[91.9082,11.9229],[91.9502,11.9576],[91.9967,11.9874],[92.045,12.0106],[92.097,12.0283],[92.1127,12.0712],[92.1361,12.1204],[92.1832,12.1934],[92.2166,12.3135],[92.7161,12.3095],[92.7204,12.3003],[92.7325,12.3019],[92.736,12.3087],[92.736,12.3008],[92.7479,12.3],[92.7548,12.2957],[92.7618,12.3091],[92.7644,12.3017],[92.7671,12.3091],[92.7697,12.3091],[92.7676,12.2977],[92.7751,12.3011],[92.7772,12.2966],[92.7748,12.2933],[92.7817,12.2851],[92.7778,12.2789],[92.7747,12.2797],[92.7645,12.2638],[92.7506,12.2741],[92.7423,12.2455],[92.7476,12.2439],[92.748,12.235],[92.7514,12.2325],[92.7608,12.2364],[92.7595,12.2335],[92.7621,12.2322],[92.766,12.2374],[92.7699,12.2369],[92.7642,12.2113],[92.7697,12.2007],[92.7677,12.1866],[92.7392,12.0948],[92.7417,12.0781],[92.7566,12.0743],[92.7637,12.0638]],[[92.749,12.1816],[92.7512,12.1839],[92.7637,12.1822],[92.7662,12.185],[92.7681,12.2014],[92.7626,12.2094],[92.7623,12.2294],[92.747,12.2305],[92.7451,12.2266],[92.7398,12.2358],[92.7381,12.228],[92.7448,12.223],[92.7448,12.2102],[92.7426,12.2136],[92.7443,12.2202],[92.7393,12.2236],[92.7354,12.2208],[92.7329,12.2103],[92.73,12.2255],[92.7348,12.2394],[92.7298,12.2425],[92.7223,12.2333],[92.7251,12.2216],[92.7223,12.2166],[92.7245,12.208],[92.7226,12.1911],[92.7259,12.1889],[92.7312,12.193],[92.7332,12.1852],[92.749,12.1816]],[[92.7117,12.2326],[92.714,12.2523],[92.7192,12.2589],[92.7153,12.2603],[92.7188,12.2629],[92.7166,12.2658],[92.7239,12.2917],[92.7228,12.2955],[92.7062,12.2988],[92.7025,12.2897],[92.7044,12.2833],[92.7018,12.2637],[92.7048,12.2444],[92.7107,12.2303],[92.7117,12.2326]],[[92.7589,12.2886],[92.7531,12.2775],[92.7648,12.2662],[92.768,12.2845],[92.7635,12.2941],[92.7589,12.2886]],[[92.7473,12.2772],[92.7489,12.2885],[92.742,12.2791],[92.7395,12.2821],[92.7348,12.2485],[92.7429,12.2552],[92.7473,12.2772]],[[92.5922,11.9769],[92.5889,11.9761],[92.5889,11.9725],[92.5956,11.9664],[92.5964,11.9308],[92.5989,11.9278],[92.6094,11.9428],[92.6067,11.945],[92.6008,11.9714],[92.5922,11.9769]],[[92.532,11.5951],[92.5353,11.5821],[92.5323,11.5719],[92.5353,11.564],[92.5302,11.5541],[92.5384,11.5619],[92.5537,11.5619],[92.5571,11.5685],[92.5651,11.5729],[92.5621,11.5835],[92.5695,11.5889],[92.5667,11.5921],[92.5455,11.5918],[92.5481,11.5997],[92.5369,11.606],[92.532,11.5951]],[[92.6098,11.5883],[92.6012,11.5856],[92.6006,11.5681],[92.606,11.5705],[92.6146,11.5627],[92.6192,11.5771],[92.6098,11.5883]],[[92.6083,11.5629],[92.6058,11.5613],[92.6099,11.554],[92.6016,11.5535],[92.606,11.5488],[92.6069,11.5371],[92.6105,11.5318],[92.6177,11.5368],[92.6202,11.5576],[92.6184,11.5601],[92.6148,11.5572],[92.6127,11.561],[92.6102,11.5587],[92.6083,11.5629]],[[92.5616,11.5322],[92.5589,11.5413],[92.552,11.5381],[92.5527,11.531],[92.5615,11.5168],[92.5664,11.517],[92.5691,11.5274],[92.5616,11.5322]],[[92.2742,11.5383],[92.2689,11.5552],[92.271,11.5836],[92.2641,11.5892],[92.2415,11.5921],[92.2304,11.5873],[92.2155,11.5946],[92.2157,11.5891],[92.2076,11.5857],[92.215,11.5735],[92.2091,11.5598],[92.2081,11.5478],[92.2179,11.5267],[92.2227,11.53],[92.2355,11.525],[92.2503,11.5258],[92.2615,11.5176],[92.2704,11.5232],[92.2742,11.5383]],[[92.5863,11.543],[92.5831,11.5403],[92.5836,11.5344],[92.5863,11.541],[92.5876,11.5335],[92.5926,11.5363],[92.5956,11.5328],[92.5974,11.5609],[92.5933,11.5671],[92.5924,11.5774],[92.5884,11.5714],[92.5894,11.5614],[92.5842,11.5503],[92.5863,11.543]]]]}},{"type":"Feature","properties":{"District":"BALESHWAR","STATE":"ODISHA"},"geometry":{"type":"MultiPolygon","coordinates":[[[[87.6371,21.1814],[87.5703,21.1703],[87.4737,21.1359],[87.4169,21.1206],[87.3263,21.1094],[87.3208,21.1045],[87.3537,21.0422],[86.8322,21.205],[86.8394,21.2072],[86.8453,21.2192],[86.8383,21.2108],[86.8428,21.2292],[86.8489,21.2267],[86.8444,21.2331],[86.8544,21.2528],[86.8683,21.2761],[86.8836,21.2944],[86.8922,21.3164],[86.9094,21.3303],[86.9108,21.3403],[86.9172,21.3406],[86.9247,21.3472],[86.9811,21.4108],[87.0256,21.4394],[87.0539,21.4628],[87.0592,21.4633],[87.0605,21.4597],[87.0642,21.4639],[87.0614,21.4733],[87.0484,21.4755],[87.0457,21.469],[87.0442,21.4753],[87.0603,21.4769],[87.0733,21.4711],[87.0894,21.4839],[87.1139,21.5083],[87.1147,21.5133],[87.1069,21.5177],[87.1139,21.5164],[87.1236,21.5214],[87.1253,21.5147],[87.1317,21.5176],[87.1272,21.5136],[87.1297,21.5129],[87.1653,21.5319],[87.1992,21.5434],[87.2009,21.5485],[87.2075,21.5461],[87.2408,21.552],[87.3039,21.5557],[87.3511,21.5514],[87.3642,21.5533],[87.38,21.5456],[87.3844,21.5494],[87.3878,21.5475],[87.3914,21.55],[87.382,21.5533],[87.3864,21.5666],[87.4044,21.5564],[87.4119,21.5617],[87.4091,21.5624],[87.4133,21.5697],[87.4144,21.5658],[87.4197,21.5739],[87.455,21.5964],[87.4525,21.5978],[87.4614,21.605],[87.483,21.6093],[87.6371,21.1814]]]]}},{"type":"Feature","properties":{"District":"SOUTH 24 PARGANAS","STATE":"WEST BENGAL"},"geometry":{"type":"MultiPolygon","coordinates":[[[[88.0781,21.2717],[88.0419,21.3752],[88.0134,21.6275],[88.017,21.747],[88.0723,21.8666],[88.0866,21.9059],[88.1372,21.9545],[88.1536,21.9586],[88.1608,21.9455],[88.1745,21.9336],[88.1772,21.9261],[88.1633,21.8794],[88.1781,21.849],[88.1919,21.8339],[88.2094,21.8014],[88.2181,21.7772],[88.2172,21.7644],[88.2728,21.7558],[88.2711,21.7435],[88.2631,21.7318],[88.272,21.7305],[88.2739,21.7408],[88.2827,21.7576],[88.2709,21.7647],[88.2546,21.7829],[88.2517,21.8019],[88.2561,21.7832],[88.2706,21.7667],[88.2819,21.7611],[88.2786,21.77],[88.2636,21.788],[88.2584,21.8008],[88.259,21.8076],[88.2634,21.8138],[88.2771,21.8219],[88.3056,21.8303],[88.3138,21.8466],[88.3108,21.8527],[88.2993,21.8594],[88.2787,21.8556],[88.2593,21.8585],[88.2547,21.8706],[88.2637,21.8816],[88.2701,21.885],[88.2562,21.8709],[88.258,21.8616],[88.262,21.8587],[88.2791,21.8573],[88.3006,21.8613],[88.3098,21.8777],[88.3068,21.8673],[88.3013,21.8614],[88.3089,21.8564],[88.3263,21.8622],[88.3532,21.8569],[88.3635,21.8714],[88.3692,21.8966],[88.3621,21.9153],[88.35,21.9274],[88.3565,21.9243],[88.3685,21.9057],[88.3706,21.8961],[88.3658,21.873],[88.3549,21.8557],[88.3547,21.8235],[88.3636,21.8086],[88.364,21.7978],[88.3836,21.7923],[88.3924,21.8033],[88.3858,21.8394],[88.3938,21.8523],[88.394,21.873],[88.3975,21.8853],[88.3851,21.8948],[88.3831,21.9025],[88.4064,21.9198],[88.3928,21.9369],[88.3981,21.9522],[88.3772,21.9609],[88.3728,21.9667],[88.3794,21.9708],[88.3943,21.9707],[88.3776,21.9691],[88.3739,21.9653],[88.3988,21.9531],[88.3942,21.9368],[88.4078,21.9195],[88.4043,21.9136],[88.3889,21.9066],[88.3847,21.8992],[88.4001,21.8894],[88.4025,21.8847],[88.4092,21.8856],[88.4147,21.8902],[88.4197,21.9066],[88.4242,21.9077],[88.433,21.9028],[88.4417,21.9114],[88.4585,21.9188],[88.4587,21.9236],[88.4516,21.9333],[88.4515,21.942],[88.4689,21.958],[88.4648,21.9619],[88.4453,21.9642],[88.448,21.9845],[88.4416,21.9911],[88.4485,21.9982],[88.4504,22.0092],[88.4609,22.0116],[88.4505,22.0072],[88.45,21.9986],[88.4434,21.9901],[88.4494,21.984],[88.4459,21.966],[88.4637,21.9635],[88.4702,21.9589],[88.4682,21.9528],[88.4561,21.9458],[88.4529,21.9395],[88.4622,21.9225],[88.4556,21.8999],[88.4736,21.8953],[88.4832,21.91],[88.5207,21.9154],[88.5218,21.939],[88.5154,21.9457],[88.4953,21.9551],[88.4912,21.9605],[88.4916,21.9669],[88.5002,21.9786],[88.5176,21.9887],[88.5248,21.9891],[88.5372,21.98],[88.5414,21.9817],[88.5486,21.9966],[88.5553,22.0228],[88.5546,22.0357],[88.5566,22.0232],[88.5433,21.982],[88.537,21.9788],[88.5242,21.988],[88.5191,21.9882],[88.4989,21.9751],[88.4928,21.9637],[88.4951,21.9577],[88.5212,21.9432],[88.5255,21.9294],[88.5218,21.9137],[88.5073,21.9032],[88.4956,21.8861],[88.4943,21.8791],[88.5255,21.8536],[88.5367,21.8567],[88.5389,21.8711],[88.548,21.8822],[88.5476,21.8905],[88.5397,21.8989],[88.5403,21.9035],[88.545,21.906],[88.5634,21.8989],[88.5706,21.904],[88.5671,21.9098],[88.5488,21.9218],[88.5488,21.9387],[88.5414,21.9542],[88.5426,21.9706],[88.5473,21.9738],[88.5568,21.9737],[88.5678,21.9589],[88.5633,21.9606],[88.5564,21.9728],[88.5436,21.97],[88.5425,21.9578],[88.5514,21.9347],[88.5514,21.9203],[88.5725,21.9072],[88.58,21.9167],[88.5792,21.9247],[88.5864,21.9281],[88.5803,21.9239],[88.5814,21.9164],[88.5728,21.9056],[88.5786,21.8894],[88.6014,21.9058],[88.6095,21.9178],[88.6102,21.9276],[88.6014,21.9353],[88.6111,21.9317],[88.615,21.9364],[88.5983,21.9683],[88.6019,21.9903],[88.6144,22.0197],[88.5999,22.0236],[88.6003,22.0382],[88.6049,22.0483],[88.5962,22.061],[88.5966,22.0673],[88.6017,22.0736],[88.5967,22.0633],[88.6064,22.0477],[88.602,22.0376],[88.6009,22.0264],[88.6034,22.0236],[88.6178,22.0211],[88.6366,22.0448],[88.6273,22.0548],[88.62,22.1045],[88.6067,22.1078],[88.6091,22.1163],[88.5976,22.1306],[88.6034,22.1591],[88.5839,22.1668],[88.5809,22.1711],[88.5811,22.1807],[88.5727,22.1891],[88.5775,22.1985],[88.5738,22.1889],[88.5821,22.1812],[88.5831,22.1697],[88.6046,22.1598],[88.603,22.1393],[88.6,22.1388],[88.5989,22.1297],[88.6019,22.1269],[88.6011,22.1314],[88.6103,22.1169],[88.6098,22.1079],[88.6193,22.1088],[88.625,22.127],[88.6314,22.1358],[88.6297,22.1453],[88.6327,22.1366],[88.64,22.143],[88.6395,22.1575],[88.6668,22.1882],[88.6725,22.2012],[88.6726,22.2051],[88.6664,22.208],[88.6393,22.2081],[88.6321,22.214],[88.6309,22.2221],[88.6571,22.2506],[88.6606,22.2662],[88.6792,22.2939],[88.676,22.3171],[88.6694,22.3258],[88.6656,22.3382],[88.6711,22.3258],[88.6808,22.3292],[88.6903,22.3269],[88.6789,22.3231],[88.6849,22.2943],[88.6676,22.267],[88.659,22.2413],[88.6379,22.2257],[88.6346,22.2181],[88.6395,22.2131],[88.6525,22.2112],[88.6576,22.2168],[88.6656,22.2175],[88.6812,22.2092],[88.6993,22.2101],[88.7127,22.2031],[88.7201,22.0476],[88.719,21.987],[88.7049,21.9463],[88.6878,21.8799],[88.6659,21.6841],[88.664,21.5051],[88.6815,21.2931],[88.5466,21.2481],[88.4572,21.2731],[88.3653,21.2424],[88.195,21.2483],[88.0781,21.2717]]]]}},{"type":"Feature","properties":{"District":"BHADRAK","STATE":"ODISHA"},"geometry":{"type":"MultiPolygon","coordinates":[[[[86.8322,21.205],[87.3537,21.0422],[87.3774,20.9892],[87.398,20.9268],[87.415,20.8997],[87.441,20.8469],[87.4651,20.7688],[86.8161,20.7269],[86.8186,20.7442],[86.8146,20.7437],[86.8128,20.7483],[86.8208,20.7644],[86.8344,20.7767],[86.8644,20.7922],[86.8814,20.7975],[86.9006,20.7925],[86.9395,20.7903],[86.9575,20.7847],[86.9633,20.7917],[86.9703,20.8233],[86.9594,20.8636],[86.9383,20.8969],[86.9306,20.9181],[86.91,20.9558],[86.9101,20.9651],[86.8986,20.9978],[86.8889,21.0164],[86.8583,21.055],[86.8367,21.0997],[86.8269,21.1347],[86.8233,21.1383],[86.8283,21.1769],[86.8186,21.1781],[86.8225,21.1939],[86.8272,21.1986],[86.8292,21.1975],[86.8269,21.1944],[86.83,21.1936],[86.8289,21.2011],[86.8322,21.205]]]]}},{"type":"Feature","properties":{"District":"KENDRAPARA","STATE":"ODISHA"},"geometry":{"type":"MultiPolygon","coordinates":[[[[87.2384,20.2758],[86.7083,20.2975],[86.7217,20.3064],[86.735,20.3078],[86.7453,20.3172],[86.7692,20.3311],[86.7747,20.3381],[86.7736,20.3469],[86.7778,20.3428],[86.79,20.3611],[86.7875,20.3717],[86.7778,20.3556],[86.785,20.3775],[86.7732,20.3754],[86.7642,20.3658],[86.7728,20.3781],[86.7817,20.3822],[86.7817,20.3883],[86.7772,20.3942],[86.7639,20.3978],[86.7567,20.3886],[86.7567,20.3992],[86.74,20.3942],[86.752,20.4],[86.7492,20.4056],[86.7327,20.4025],[86.7294,20.4049],[86.7339,20.4178],[86.7331,20.4536],[86.7386,20.4725],[86.7339,20.4792],[86.7383,20.4781],[86.7436,20.4686],[86.7533,20.4975],[86.7595,20.5056],[86.7636,20.5033],[86.7728,20.5061],[86.7794,20.5275],[86.7922,20.5441],[86.8506,20.5817],[86.8538,20.5891],[86.8566,20.589],[86.8561,20.5864],[86.885,20.6044],[86.885,20.6164],[86.8878,20.6172],[86.8872,20.6061],[86.9381,20.6403],[86.9867,20.6683],[87.0452,20.7095],[87,20.6953],[86.9872,20.6982],[87,20.6967],[87.0055,20.7001],[86.9797,20.7042],[86.97,20.7088],[86.9339,20.7107],[86.9025,20.6978],[86.8669,20.6645],[86.8451,20.6508],[86.8393,20.6534],[86.8346,20.6667],[86.8285,20.6723],[86.8022,20.6752],[86.7973,20.6717],[86.7965,20.6656],[86.8047,20.6692],[86.8141,20.6637],[86.823,20.6465],[86.8206,20.6396],[86.8159,20.6364],[86.8069,20.6433],[86.7736,20.6453],[86.7686,20.6222],[86.7557,20.6133],[86.7651,20.6265],[86.7683,20.6481],[86.7875,20.6728],[86.7944,20.6972],[86.8014,20.7089],[86.815,20.7217],[86.8161,20.7269],[87.4651,20.7688],[87.4743,20.7042],[87.4714,20.6161],[87.4599,20.5584],[87.4288,20.4759],[87.3823,20.4011],[87.3435,20.3569],[87.2993,20.3181],[87.2384,20.2758]]]]}},{"type":"Feature","properties":{"District":"JAGATSINGHAPUR","STATE":"ODISHA"},"geometry":{"type":"MultiPolygon","coordinates":[[[[87.2384,20.2758],[87.2171,20.2118],[87.1911,20.1591],[87.1584,20.1102],[87.1115,20.0523],[87.0283,19.9646],[86.9841,19.9258],[86.8991,19.8684],[86.8472,19.839],[86.8245,19.786],[86.7951,19.7351],[86.7392,19.667],[86.3655,19.9578],[86.3483,19.9631],[86.3459,19.9653],[86.3516,19.9637],[86.3424,19.9695],[86.3283,19.9544],[86.3175,19.9492],[86.3281,19.9556],[86.341,19.9724],[86.3239,19.9836],[86.3171,19.9797],[86.3027,19.9835],[86.3172,19.9806],[86.3219,19.9844],[86.3059,20.0133],[86.2988,20.017],[86.2949,20.0244],[86.2864,20.0243],[86.2775,20.0182],[86.265,20.0169],[86.2367,20.027],[86.2436,20.0336],[86.2392,20.0372],[86.2456,20.0408],[86.2505,20.0557],[86.2692,20.0628],[86.2745,20.0616],[86.2872,20.0497],[86.2922,20.0539],[86.2875,20.0575],[86.2901,20.0611],[86.3015,20.0467],[86.316,20.0402],[86.3274,20.0307],[86.329,20.0204],[86.3362,20.0107],[86.3422,19.9864],[86.3492,19.9814],[86.3497,19.9872],[86.3522,19.9814],[86.3738,19.98],[86.3789,19.985],[86.3822,19.9956],[86.3828,19.9925],[86.3872,19.9922],[86.3808,19.99],[86.3778,19.9789],[86.3875,19.9764],[86.4111,20],[86.4128,20.0122],[86.4072,20.0197],[86.4117,20.0364],[86.415,20.0303],[86.4144,20.0408],[86.4186,20.0483],[86.4261,20.0472],[86.4272,20.0497],[86.4239,20.0561],[86.4118,20.0555],[86.4217,20.0578],[86.4283,20.0536],[86.4308,20.0588],[86.4368,20.061],[86.4758,20.1006],[86.4772,20.1103],[86.4819,20.1111],[86.4794,20.1072],[86.4839,20.1103],[86.4811,20.1153],[86.4842,20.1189],[86.485,20.1139],[86.4939,20.1236],[86.4997,20.1389],[86.5042,20.1417],[86.5206,20.1692],[86.5589,20.2006],[86.5478,20.1939],[86.5397,20.1938],[86.5372,20.1881],[86.5292,20.1858],[86.5039,20.1644],[86.5022,20.1586],[86.4947,20.1533],[86.495,20.1464],[86.4889,20.1431],[86.4925,20.1394],[86.4892,20.1214],[86.4872,20.1272],[86.4911,20.1333],[86.4875,20.1406],[86.4808,20.1333],[86.4814,20.1256],[86.4639,20.1147],[86.4656,20.1075],[86.4722,20.1028],[86.4714,20.0975],[86.4708,20.1019],[86.4628,20.1086],[86.4622,20.1147],[86.4656,20.1197],[86.48,20.1258],[86.4783,20.135],[86.4842,20.1417],[86.4764,20.1414],[86.4762,20.1379],[86.4746,20.1414],[86.4844,20.1444],[86.4911,20.1578],[86.485,20.17],[86.4744,20.1617],[86.4731,20.1492],[86.466,20.146],[86.46,20.1539],[86.46,20.1622],[86.4638,20.1486],[86.4683,20.1472],[86.4736,20.1531],[86.4717,20.1586],[86.4758,20.1642],[86.4742,20.1689],[86.4775,20.1656],[86.4825,20.1714],[86.4925,20.1733],[86.4953,20.1783],[86.4919,20.1833],[86.4975,20.1903],[86.5003,20.1892],[86.4936,20.1817],[86.5097,20.1772],[86.5181,20.1873],[86.5361,20.2],[86.541,20.2019],[86.5447,20.1972],[86.5536,20.21],[86.5569,20.2078],[86.5742,20.2178],[86.5822,20.2181],[86.5908,20.2247],[86.6363,20.2455],[86.6797,20.2581],[86.6728,20.2625],[86.6725,20.2678],[86.6664,20.2733],[86.6708,20.2819],[86.6693,20.2752],[86.6725,20.2733],[86.6764,20.2786],[86.6736,20.2694],[86.68,20.2633],[86.6811,20.27],[86.7181,20.2878],[86.7172,20.2928],[86.7086,20.2925],[86.7083,20.2975],[87.2384,20.2758]]]]}},{"type":"Feature","properties":{"District":"BARREN ISLAND","STATE":"ANDAMAN AND NICOBAR"},"geometry":{"type":"MultiPolygon","coordinates":[[[[93.5156,11.9199],[93.4789,11.975],[93.4302,12.0795],[93.4132,12.2448],[93.447,12.5538],[93.4715,12.5872],[93.539,12.6563],[93.5798,12.6877],[93.6161,12.7109],[93.6557,12.7311],[93.6967,12.7471],[93.739,12.759],[93.7829,12.7669],[93.8292,12.7703],[93.8745,12.7691],[93.9196,12.7633],[93.9639,12.753],[94.0062,12.7385],[94.0466,12.7201],[94.0863,12.6968],[94.123,12.67],[94.2047,12.5941],[94.2325,12.5612],[94.2571,12.5255],[94.28,12.4839],[94.3005,12.4358],[94.3135,12.394],[94.3227,12.3488],[94.3303,12.2286],[94.327,12.1823],[94.3188,12.1351],[94.3049,12.0876],[94.2853,12.0404],[94.2604,11.9957],[94.2302,11.9538],[94.1981,11.9181],[94.1623,11.8861],[94.1233,11.8581],[94.0811,11.8341],[94.0362,11.8147],[93.9837,11.7983],[93.9371,11.7888],[93.8904,11.7843],[93.8306,11.785],[93.7854,11.7893],[93.7405,11.7983],[93.6869,11.8143],[93.6436,11.8327],[93.5953,11.8589],[93.5543,11.8871],[93.5156,11.9199]],[[93.8778,12.2822],[93.8672,12.2956],[93.8577,12.2931],[93.8397,12.3208],[93.829,12.3123],[93.8508,12.2873],[93.8482,12.2856],[93.8242,12.3075],[93.8187,12.3004],[93.8148,12.2853],[93.8155,12.2708],[93.8267,12.2449],[93.8514,12.2687],[93.832,12.2412],[93.851,12.2342],[93.8617,12.2338],[93.8589,12.265],[93.8625,12.266],[93.8681,12.2336],[93.8703,12.2335],[93.8807,12.2366],[93.8724,12.2678],[93.8764,12.2708],[93.8778,12.2822]]]]}},{"type":"Feature","properties":{"District":"PURI","STATE":"ODISHA"},"geometry":{"type":"MultiPolygon","coordinates":[[[[86.3658,19.9575],[86.7392,19.667],[86.695,19.6282],[86.6461,19.5955],[86.5933,19.5695],[86.547,19.5534],[86.4969,19.5213],[86.4442,19.4953],[86.282,19.4392],[86.135,19.397],[86.0505,19.3802],[85.9928,19.3648],[85.784,19.3032],[85.6418,19.2454],[85.5796,19.1973],[85.5136,19.1601],[85.4409,19.1105],[85.1639,19.4611],[85.2864,19.5481],[85.3494,19.5867],[85.4192,19.6231],[85.49,19.6528],[85.6308,19.7222],[85.6536,19.732],[85.6597,19.7317],[85.6636,19.7392],[85.7764,19.7775],[85.7797,19.7797],[85.7799,19.785],[85.7819,19.7819],[85.787,19.7825],[85.9081,19.8179],[85.905,19.8322],[85.9103,19.8206],[85.9258,19.8231],[86.0456,19.8471],[86.0341,19.8539],[86.0281,19.8453],[86.0237,19.8442],[86.035,19.8553],[86.0475,19.8517],[86.1317,19.8697],[86.228,19.9009],[86.2172,19.9117],[86.2119,19.9036],[86.208,19.9047],[86.2122,19.9056],[86.2136,19.912],[86.22,19.9114],[86.225,19.9175],[86.2225,19.9256],[86.2266,19.9186],[86.2211,19.9108],[86.2278,19.9036],[86.2381,19.9139],[86.24,19.9128],[86.2416,19.9221],[86.2433,19.9186],[86.2403,19.9156],[86.2474,19.9112],[86.2938,19.9346],[86.3627,19.9528],[86.3658,19.9575]]]]}},{"type":"Feature","properties":{"District":"RANGATH BAY","STATE":"ANDAMAN AND NICOBAR"},"geometry":{"type":"MultiPolygon","coordinates":[[[[93.4191,12.3039],[92.9344,12.3078],[92.9344,12.3106],[92.9323,12.3078],[92.8489,12.3084],[92.8531,12.313],[92.8686,12.3138],[92.8724,12.3178],[92.8781,12.3132],[92.8861,12.3233],[92.8951,12.3203],[92.8968,12.3263],[92.8895,12.3251],[92.8885,12.3311],[92.8797,12.3335],[92.8814,12.3441],[92.8875,12.3439],[92.8958,12.3367],[92.89,12.3504],[92.8845,12.3556],[92.8792,12.3579],[92.873,12.3534],[92.8689,12.3619],[92.8598,12.3626],[92.8597,12.3717],[92.8386,12.395],[92.8416,12.4059],[92.8339,12.4092],[92.8329,12.4174],[92.8289,12.4217],[92.8294,12.4286],[92.8111,12.4334],[92.8051,12.4387],[92.7942,12.4382],[92.7985,12.4642],[92.7911,12.4697],[92.8003,12.4644],[92.7965,12.438],[92.8044,12.4404],[92.8184,12.4338],[92.8196,12.4375],[92.8255,12.4326],[92.8375,12.4314],[92.8465,12.4234],[92.857,12.4223],[92.865,12.4258],[92.875,12.4137],[92.8856,12.4232],[92.899,12.4156],[92.8883,12.4343],[92.877,12.4424],[92.8736,12.4406],[92.8683,12.4431],[92.849,12.4586],[92.8417,12.4706],[92.8433,12.4792],[92.8361,12.4858],[92.8376,12.4906],[92.8292,12.4964],[92.8347,12.4948],[92.8388,12.4924],[92.8379,12.4855],[92.8444,12.4808],[92.8444,12.4694],[92.8542,12.4577],[92.8696,12.4461],[92.8798,12.448],[92.8858,12.454],[92.8783,12.4447],[92.909,12.4211],[92.9065,12.4076],[92.9145,12.4059],[92.9195,12.4294],[92.9236,12.4355],[92.9194,12.4412],[92.9147,12.4414],[92.9153,12.4437],[92.9231,12.4426],[92.9316,12.4485],[92.9412,12.4492],[92.9462,12.4571],[92.9443,12.4608],[92.9579,12.4677],[92.9588,12.4732],[92.9529,12.4763],[92.9456,12.4734],[92.9436,12.4686],[92.9311,12.4658],[92.9353,12.4698],[92.9319,12.4803],[92.9396,12.4828],[92.9474,12.4991],[92.9576,12.4875],[92.9638,12.4882],[92.9642,12.4933],[92.9684,12.4967],[92.9663,12.5141],[92.9747,12.5318],[92.9738,12.5499],[92.9617,12.5767],[92.9561,12.6081],[92.9581,12.6429],[92.9652,12.6798],[92.9631,12.6985],[92.9709,12.711],[92.9787,12.7076],[92.9805,12.7097],[92.9769,12.7182],[92.9678,12.7199],[92.9656,12.7235],[92.9645,12.7296],[92.9686,12.74],[92.9625,12.7472],[92.9625,12.7529],[92.9495,12.7612],[92.9498,12.7698],[92.9393,12.7677],[92.9342,12.7738],[92.9345,12.7816],[92.9491,12.7929],[92.9541,12.8061],[92.9442,12.8267],[92.9481,12.8365],[92.9416,12.8362],[92.9397,12.8406],[92.9414,12.8551],[92.9363,12.8542],[92.9297,12.8588],[92.9271,12.885],[92.9198,12.8877],[92.9071,12.8831],[92.9063,12.8893],[93.4317,12.8485],[93.4179,12.8138],[93.4269,12.7635],[93.4302,12.7125],[93.4277,12.6627],[93.4196,12.6124],[93.4236,12.5787],[93.447,12.5538],[93.4191,12.3039]],[[92.9467,12.4069],[92.9528,12.4084],[92.9606,12.4193],[92.9563,12.4355],[92.9493,12.4291],[92.9491,12.4146],[92.9416,12.4214],[92.9369,12.4214],[92.9317,12.4171],[92.9259,12.4036],[92.9245,12.391],[92.9278,12.387],[92.9196,12.3768],[92.9178,12.3678],[92.9311,12.3588],[92.9376,12.3778],[92.9425,12.3828],[92.9429,12.4005],[92.9467,12.4069]],[[92.8938,12.4004],[92.8899,12.4009],[92.8882,12.4079],[92.8811,12.3983],[92.8737,12.4054],[92.8658,12.4037],[92.8525,12.4089],[92.8448,12.4044],[92.8437,12.4],[92.8444,12.395],[92.8606,12.388],[92.8623,12.3801],[92.8673,12.3778],[92.8734,12.3841],[92.8796,12.3835],[92.8833,12.3739],[92.8861,12.3789],[92.8842,12.3881],[92.8905,12.392],[92.8938,12.4004]],[[92.8456,12.4144],[92.8467,12.4167],[92.8381,12.425],[92.8297,12.4256],[92.8339,12.4175],[92.8456,12.4144]]]]}},{"type":"Feature","properties":{"District":"FLAT ISLAND","STATE":"ANDAMAN AND NICOBAR"},"geometry":{"type":"MultiPolygon","coordinates":[[[[92.7114,12.3095],[92.2166,12.3135],[92.2445,12.3831],[92.2268,12.4498],[92.2193,12.5163],[92.2217,12.584],[92.2343,12.6511],[92.2235,12.6883],[92.2002,12.7483],[92.1866,12.8049],[92.1802,12.8743],[92.1846,12.9452],[92.671,12.9075],[92.6657,12.9025],[92.6676,12.8959],[92.6645,12.8806],[92.6299,12.8827],[92.6632,12.8791],[92.6482,12.8612],[92.6537,12.8378],[92.6601,12.8289],[92.6609,12.8184],[92.6657,12.8122],[92.6651,12.7981],[92.6601,12.7956],[92.6673,12.7911],[92.6687,12.7825],[92.6754,12.8078],[92.6831,12.8092],[92.689,12.8167],[92.6848,12.8295],[92.676,12.8234],[92.6779,12.8331],[92.6754,12.8359],[92.6801,12.8384],[92.6898,12.8345],[92.7012,12.8412],[92.7034,12.8528],[92.7126,12.86],[92.7195,12.8742],[92.7087,12.8839],[92.7196,12.8817],[92.7226,12.9035],[92.7869,12.8985],[92.7836,12.8947],[92.7929,12.8918],[92.8041,12.8972],[92.7913,12.889],[92.7939,12.8824],[92.7932,12.8632],[92.7826,12.8601],[92.7814,12.8481],[92.7803,12.8625],[92.7695,12.8617],[92.7687,12.8505],[92.7756,12.8414],[92.7744,12.8306],[92.7838,12.8245],[92.7814,12.8236],[92.7831,12.81],[92.7861,12.8103],[92.7818,12.8076],[92.7802,12.8248],[92.7731,12.8325],[92.7742,12.8414],[92.7633,12.8522],[92.7606,12.8594],[92.7581,12.8473],[92.7537,12.848],[92.7444,12.8389],[92.7435,12.8245],[92.7404,12.8358],[92.7386,12.8111],[92.7311,12.8354],[92.7239,12.8271],[92.7204,12.8055],[92.7211,12.797],[92.7239,12.7959],[92.7212,12.7877],[92.7313,12.7537],[92.7306,12.7449],[92.7386,12.7381],[92.7415,12.7245],[92.7461,12.7225],[92.7411,12.7208],[92.7395,12.7137],[92.743,12.6994],[92.7301,12.6981],[92.7281,12.6931],[92.7358,12.6847],[92.7329,12.6744],[92.744,12.6712],[92.7525,12.6747],[92.7601,12.6712],[92.7685,12.6718],[92.7844,12.6938],[92.7857,12.7069],[92.7789,12.713],[92.7864,12.7089],[92.7886,12.6745],[92.7839,12.665],[92.7829,12.6532],[92.7805,12.6539],[92.7803,12.6312],[92.7862,12.6257],[92.7862,12.6203],[92.7835,12.6185],[92.7858,12.6248],[92.7796,12.6302],[92.7797,12.6374],[92.7773,12.6375],[92.7775,12.6325],[92.7765,12.6363],[92.7794,12.6418],[92.7771,12.6671],[92.7739,12.6697],[92.7628,12.6678],[92.7533,12.6708],[92.7504,12.6656],[92.7443,12.6677],[92.7403,12.6601],[92.7343,12.6568],[92.7361,12.64],[92.7269,12.6342],[92.7247,12.6267],[92.7197,12.6433],[92.7154,12.6435],[92.7122,12.6234],[92.7042,12.6075],[92.7024,12.613],[92.6918,12.6079],[92.6869,12.6156],[92.6845,12.6081],[92.6867,12.6012],[92.7075,12.5969],[92.7042,12.5878],[92.7069,12.5845],[92.7052,12.5787],[92.7086,12.5756],[92.7048,12.5654],[92.7088,12.5562],[92.7034,12.5475],[92.7068,12.5477],[92.7004,12.5437],[92.6994,12.5289],[92.6942,12.5157],[92.7011,12.5108],[92.7014,12.5005],[92.7086,12.4931],[92.6995,12.4675],[92.7066,12.4517],[92.702,12.446],[92.703,12.4361],[92.6987,12.4257],[92.7006,12.4083],[92.6978,12.3894],[92.6993,12.3795],[92.7029,12.3787],[92.7056,12.3706],[92.7001,12.3662],[92.6995,12.3278],[92.7051,12.3305],[92.7088,12.3284],[92.7073,12.3173],[92.7114,12.3095]],[[92.6829,12.5346],[92.6843,12.5397],[92.674,12.5422],[92.6686,12.5331],[92.6784,12.5222],[92.6829,12.5346]],[[92.7191,12.7208],[92.7189,12.7503],[92.7236,12.7425],[92.725,12.7544],[92.7123,12.7771],[92.7152,12.8274],[92.7085,12.83],[92.7061,12.8181],[92.6987,12.805],[92.7006,12.8006],[92.6965,12.8013],[92.6945,12.7971],[92.7094,12.7738],[92.7128,12.7382],[92.7087,12.7309],[92.7113,12.728],[92.708,12.7198],[92.7191,12.7208]],[[92.7186,12.8353],[92.73,12.8611],[92.7275,12.8653],[92.7203,12.8644],[92.7214,12.86],[92.7175,12.8589],[92.7133,12.8433],[92.708,12.8383],[92.71,12.8336],[92.7158,12.8325],[92.7186,12.8353]]]]}},{"type":"Feature","properties":{"District":"LITTLE ANDAMAN","STATE":"ANDAMAN AND NICOBAR"},"geometry":{"type":"MultiPolygon","coordinates":[[[[93.1529,11.1827],[93.1252,11.1008],[93.101,11.0484],[93.0579,10.9802],[93.0145,10.9286],[93.0334,10.8468],[93.0464,10.7396],[93.0478,10.6814],[93.0446,10.6328],[93.0375,10.5884],[93.0138,10.5102],[92.9963,10.4374],[92.9642,10.3628],[92.9058,10.2694],[92.8673,10.2195],[92.8208,10.1743],[92.7814,10.1447],[92.7394,10.1197],[92.6952,10.0994],[92.6449,10.0818],[92.6031,10.0711],[92.5587,10.0643],[92.5088,10.0613],[92.4608,10.063],[92.4131,10.0698],[92.3651,10.0819],[92.2905,10.0925],[92.2492,10.1036],[92.2076,10.1191],[92.1611,10.1424],[92.1166,10.1717],[92.0765,10.2053],[92.04,10.2438],[92.0116,10.2812],[91.9841,10.3266],[91.9637,10.3707],[91.9482,10.4167],[91.9384,10.46],[91.9329,10.5046],[91.9319,10.5518],[91.9358,10.5994],[91.9326,10.6254],[91.8772,10.6794],[91.8306,10.7436],[91.7967,10.8119],[91.7749,10.8839],[91.768,10.9262],[91.7651,10.9699],[91.7664,11.0128],[91.7719,11.0566],[91.7812,11.0978],[91.7953,11.1404],[91.8126,11.1796],[91.8336,11.217],[93.1529,11.1827]],[[92.2175,10.9733],[92.2279,10.9761],[92.2286,10.9822],[92.2225,10.9833],[92.215,10.9789],[92.2175,10.9733]],[[92.5122,10.8969],[92.5068,10.8894],[92.5126,10.8774],[92.5106,10.8692],[92.5027,10.8724],[92.5098,10.87],[92.5115,10.8775],[92.5064,10.8817],[92.505,10.8892],[92.4995,10.8907],[92.4925,10.8892],[92.4794,10.8714],[92.4701,10.8715],[92.4683,10.8669],[92.4569,10.8614],[92.46,10.8517],[92.4574,10.84],[92.4472,10.8375],[92.4342,10.8222],[92.4269,10.8233],[92.4261,10.8128],[92.4183,10.7953],[92.4069,10.7842],[92.3971,10.7809],[92.3939,10.7719],[92.3958,10.7628],[92.3994,10.7631],[92.3975,10.7606],[92.3933,10.7689],[92.3947,10.7791],[92.3866,10.7832],[92.3847,10.7908],[92.3758,10.7794],[92.3815,10.7622],[92.3783,10.7558],[92.3777,10.7401],[92.3825,10.7214],[92.3798,10.6941],[92.3836,10.6742],[92.3803,10.6675],[92.395,10.6664],[92.3997,10.6611],[92.4161,10.6317],[92.4206,10.6147],[92.4127,10.6061],[92.4094,10.5828],[92.4006,10.5725],[92.3921,10.5575],[92.3936,10.5536],[92.3814,10.5372],[92.3869,10.5317],[92.3998,10.5311],[92.4083,10.5347],[92.4212,10.5482],[92.4519,10.5447],[92.4814,10.5183],[92.5008,10.5109],[92.5131,10.5117],[92.5314,10.5184],[92.5458,10.5517],[92.5541,10.5571],[92.5683,10.5761],[92.5694,10.5808],[92.5639,10.5869],[92.5444,10.5933],[92.54,10.6128],[92.5527,10.6378],[92.5664,10.6506],[92.5829,10.657],[92.5787,10.6588],[92.5764,10.6722],[92.5847,10.6792],[92.5964,10.6778],[92.5985,10.6998],[92.5828,10.7425],[92.5875,10.7875],[92.5786,10.7928],[92.572,10.8028],[92.5642,10.8042],[92.5617,10.8003],[92.5602,10.8018],[92.5601,10.8061],[92.5612,10.8036],[92.5647,10.8072],[92.5614,10.8119],[92.5633,10.8281],[92.5567,10.8441],[92.5589,10.8622],[92.5319,10.885],[92.5294,10.8833],[92.5333,10.8739],[92.5298,10.8676],[92.5369,10.8657],[92.5303,10.8653],[92.53,10.8869],[92.5211,10.8969],[92.5122,10.8969]]]]}},{"type":"Feature","properties":{"District":"WEST & LANDFALL ISLAND","STATE":"ANDAMAN AND NICOBAR"},"geometry":{"type":"MultiPolygon","coordinates":[[[[92.8038,12.8987],[92.8005,12.8975],[92.7916,12.9166],[92.7878,12.9126],[92.7742,12.9109],[92.7747,12.9048],[92.7793,12.902],[92.7888,12.9047],[92.7869,12.8985],[92.7226,12.9035],[92.7198,12.9202],[92.7157,12.9225],[92.7215,12.927],[92.7212,12.9465],[92.7145,12.9423],[92.7199,12.9622],[92.7199,12.9784],[92.7112,12.9847],[92.7109,12.988],[92.707,12.9859],[92.6954,12.9922],[92.6843,12.9869],[92.6737,12.965],[92.6698,12.9625],[92.6687,12.9505],[92.6804,12.9481],[92.6701,12.918],[92.6369,12.9195],[92.6366,12.9133],[92.6706,12.9123],[92.6712,12.9075],[92.1846,12.9452],[92.2057,13.0471],[92.224,13.0977],[92.2493,13.1476],[92.2604,13.2067],[92.2788,13.2625],[92.2967,13.3015],[92.3183,13.3389],[92.3427,13.373],[92.3714,13.4061],[92.3748,13.4891],[92.3899,13.5629],[92.4116,13.6215],[92.4418,13.6775],[92.4594,13.7381],[92.486,13.7975],[92.5293,13.8663],[92.5831,13.9259],[92.6275,13.9624],[92.6723,13.9916],[92.7177,14.0293],[92.7727,14.0634],[92.7823,14.1185],[93.2127,13.8241],[93.0372,13.4269],[93.0328,13.4247],[93.0211,13.4311],[93.0342,13.4344],[93.0359,13.4434],[93.0334,13.4517],[93.036,13.4522],[93.0297,13.4606],[93.0186,13.4639],[93.0239,13.4675],[93.0308,13.4644],[93.0342,13.4664],[93.0379,13.4807],[93.035,13.4833],[93.0397,13.4867],[93.04,13.4989],[93.0436,13.5053],[93.0447,13.5294],[93.0272,13.5792],[93.0233,13.5728],[93.0192,13.5736],[93.0161,13.5706],[93.0144,13.5436],[93.0101,13.542],[93.0028,13.5608],[92.9931,13.5661],[92.9903,13.5742],[92.9878,13.5731],[92.9853,13.5572],[92.9808,13.5522],[92.9922,13.5361],[92.9889,13.5278],[92.9764,13.5278],[92.9722,13.5383],[92.9647,13.5444],[92.9606,13.5417],[92.9514,13.5431],[92.9472,13.5369],[92.9319,13.5395],[92.9175,13.5364],[92.9142,13.5261],[92.9183,13.5217],[92.9278,13.5203],[92.9231,13.5128],[92.9294,13.5017],[92.9231,13.4956],[92.9197,13.5006],[92.9037,13.4973],[92.9036,13.4847],[92.8989,13.4761],[92.8867,13.4778],[92.877,13.4753],[92.8761,13.4708],[92.8717,13.4714],[92.8708,13.4653],[92.8761,13.4603],[92.873,13.4478],[92.8767,13.4436],[92.8808,13.4439],[92.8845,13.4306],[92.875,13.4231],[92.8703,13.4248],[92.8683,13.4189],[92.873,13.4147],[92.8745,13.408],[92.8719,13.4119],[92.8678,13.4022],[92.8514,13.4117],[92.8453,13.4086],[92.8433,13.3933],[92.8536,13.3867],[92.8594,13.3853],[92.864,13.3897],[92.8669,13.3856],[92.8653,13.3814],[92.8553,13.3786],[92.8506,13.3708],[92.8447,13.3772],[92.8394,13.3747],[92.8336,13.3522],[92.8347,13.3381],[92.8264,13.3272],[92.8275,13.3186],[92.8314,13.3156],[92.8292,13.3119],[92.8217,13.31],[92.8339,13.3047],[92.8389,13.3067],[92.8422,13.3019],[92.8356,13.2942],[92.8381,13.2864],[92.8242,13.2881],[92.8253,13.2813],[92.8225,13.2772],[92.8269,13.2658],[92.833,13.2692],[92.8389,13.2589],[92.8475,13.2625],[92.8544,13.2572],[92.8497,13.2392],[92.8442,13.2369],[92.8364,13.2436],[92.8317,13.2428],[92.8278,13.2367],[92.8258,13.2242],[92.8294,13.2236],[92.8245,13.2172],[92.8317,13.2133],[92.8183,13.2017],[92.8186,13.1947],[92.8242,13.1931],[92.8189,13.1839],[92.8356,13.1739],[92.8325,13.1708],[92.8281,13.174],[92.8153,13.1744],[92.8097,13.1536],[92.8208,13.1482],[92.8217,13.145],[92.8294,13.1489],[92.8333,13.145],[92.8422,13.1461],[92.8475,13.1392],[92.8397,13.1364],[92.8433,13.1314],[92.8422,13.1275],[92.8353,13.1303],[92.8325,13.1247],[92.8297,13.1322],[92.8267,13.1303],[92.8228,13.1336],[92.8186,13.1278],[92.81,13.1269],[92.8164,13.115],[92.8253,13.1144],[92.8206,13.1078],[92.8222,13.0964],[92.8139,13.1036],[92.8078,13.0994],[92.8053,13.0864],[92.8089,13.0833],[92.8072,13.08],[92.8113,13.0789],[92.8103,13.0753],[92.8033,13.0772],[92.8006,13.0914],[92.7957,13.085],[92.7969,13.0681],[92.7925,13.0558],[92.7958,13.0503],[92.7933,13.0481],[92.7947,13.0308],[92.7883,13.0192],[92.7894,13.015],[92.7989,13.0094],[92.8042,13.0122],[92.8064,13.0067],[92.8253,13.0119],[92.8189,13.0006],[92.8087,12.9978],[92.8087,12.9936],[92.8175,12.9905],[92.8183,12.9868],[92.8136,12.9831],[92.8064,12.9831],[92.7997,12.9917],[92.7931,12.9818],[92.7976,12.9707],[92.7968,12.9646],[92.7925,12.9672],[92.7918,12.9561],[92.7929,12.9515],[92.8,12.9481],[92.8016,12.939],[92.7986,12.9306],[92.7936,12.93],[92.7942,12.9144],[92.8038,12.8987]],[[92.7065,13.0732],[92.7053,13.0822],[92.7111,13.0897],[92.7208,13.0951],[92.7192,13.0989],[92.7061,13.0947],[92.6994,13.0981],[92.6961,13.095],[92.7003,13.0717],[92.7051,13.0699],[92.7065,13.0732]],[[92.8331,13.4194],[92.8464,13.4308],[92.8425,13.4447],[92.8403,13.4403],[92.8214,13.4364],[92.822,13.4208],[92.8331,13.4194]],[[92.8856,13.5742],[92.8925,13.5861],[92.9033,13.5958],[92.9022,13.6006],[92.8958,13.6014],[92.8864,13.5928],[92.8814,13.5828],[92.8856,13.5742]],[[93.0483,13.6214],[93.0554,13.6428],[93.0675,13.6506],[93.0637,13.6544],[93.0565,13.6542],[93.0425,13.6369],[93.0483,13.6214]],[[93.0258,13.6542],[93.0223,13.6703],[93.0158,13.6761],[93.0086,13.6736],[93.0064,13.6675],[93.0029,13.6706],[92.9822,13.6656],[92.9808,13.6592],[92.9767,13.6564],[92.9864,13.6428],[92.9944,13.6442],[93.0008,13.6494],[93.0147,13.6439],[93.0178,13.6328],[93.0278,13.6269],[93.0322,13.6339],[93.0253,13.6483],[93.0258,13.6542]]]]}},{"type":"Feature","properties":{"District":"DIGLIPUR","STATE":"ANDAMAN AND NICOBAR"},"geometry":{"type":"MultiPolygon","coordinates":[[[[93.5308,13.4275],[93.5402,13.3434],[93.5336,13.259],[93.5212,13.2063],[93.4994,13.1487],[93.4856,13.0997],[93.4828,13.0379],[93.4715,12.9734],[93.4317,12.8485],[92.9063,12.8893],[92.9101,12.9039],[92.922,12.9118],[92.9104,12.9086],[92.9065,12.9147],[92.9,12.915],[92.9013,12.9227],[92.8984,12.9274],[92.8952,12.9169],[92.8983,12.9042],[92.8918,12.8954],[92.8701,12.8921],[92.8766,12.906],[92.8751,12.9094],[92.8695,12.9084],[92.8647,12.902],[92.8589,12.9034],[92.8594,12.9127],[92.856,12.9127],[92.854,12.9167],[92.8545,12.9278],[92.8578,12.935],[92.8694,12.9347],[92.8771,12.9444],[92.8728,12.9503],[92.8774,12.9582],[92.8751,12.964],[92.8816,12.9691],[92.8795,12.9727],[92.8836,12.9786],[92.8823,12.9827],[92.8879,12.9825],[92.897,12.995],[92.8994,12.9937],[92.8985,12.9866],[92.9069,12.985],[92.9065,12.9678],[92.9097,12.9623],[92.9079,12.9512],[92.9127,12.9465],[92.9189,12.96],[92.928,12.9578],[92.9317,12.966],[92.9385,12.9713],[92.937,12.9811],[92.931,12.9803],[92.9331,12.9893],[92.9191,12.9867],[92.916,13.0006],[92.9118,12.9981],[92.9081,13],[92.9055,13.0173],[92.9017,13.0218],[92.9096,13.0335],[92.9163,13.0542],[92.8981,13.058],[92.8879,13.0457],[92.8955,13.0578],[92.9105,13.0612],[92.9149,13.0704],[92.9221,13.0567],[92.9281,13.0621],[92.9344,13.0607],[92.9367,13.0847],[92.943,13.0547],[92.9354,13.0513],[92.9348,13.0428],[92.9512,13.0291],[92.9553,13.0185],[92.9709,13.0125],[92.976,13.0149],[92.9687,13.0181],[92.966,13.0352],[92.9824,13.024],[92.9902,13.0262],[92.9904,13.0323],[92.995,13.0353],[93.0033,13.0282],[93.0093,13.0358],[93.0095,13.0434],[93.0141,13.044],[93.0126,13.0483],[93.0208,13.05],[93.0306,13.0689],[93.0261,13.0718],[93.0265,13.0758],[93.0293,13.0802],[93.0349,13.081],[93.036,13.0892],[93.0308,13.1278],[93.0374,13.1389],[93.0342,13.1625],[93.0372,13.1708],[93.0322,13.1789],[93.0417,13.2061],[93.0461,13.2101],[93.043,13.2229],[93.0561,13.2328],[93.0575,13.2564],[93.0648,13.2642],[93.0667,13.2725],[93.0458,13.2592],[93.0403,13.2703],[93.047,13.2772],[93.0461,13.2819],[93.0328,13.2761],[93.0259,13.2837],[93.0222,13.2786],[93.0125,13.2767],[93.0108,13.2822],[93.0167,13.2897],[93.0126,13.2952],[93.0219,13.2953],[93.0214,13.2978],[93.0142,13.2986],[93.0133,13.3069],[93.0068,13.3093],[93.0095,13.32],[93.0058,13.3197],[92.9995,13.3107],[92.9977,13.3155],[92.9867,13.3172],[92.9785,13.324],[92.9648,13.3245],[92.9538,13.3328],[92.9505,13.3439],[92.955,13.3445],[92.9644,13.3597],[92.9694,13.3605],[92.9714,13.3488],[92.9766,13.3486],[92.9797,13.3347],[92.9868,13.329],[92.9894,13.3307],[92.9898,13.342],[93.0033,13.3533],[93.0328,13.3453],[93.0344,13.3492],[93.0411,13.3519],[93.0383,13.3603],[93.0345,13.3605],[93.0417,13.3672],[93.0392,13.3614],[93.0458,13.3461],[93.0414,13.3383],[93.0399,13.323],[93.0464,13.3208],[93.0542,13.3283],[93.06,13.3292],[93.0628,13.3072],[93.0658,13.3031],[93.0706,13.3069],[93.072,13.3228],[93.0761,13.3292],[93.0906,13.3359],[93.0876,13.3434],[93.0792,13.3414],[93.0783,13.3483],[93.0717,13.3475],[93.0628,13.3608],[93.0553,13.3822],[93.0491,13.3739],[93.0283,13.3732],[93.0448,13.377],[93.0486,13.3744],[93.0526,13.3911],[93.0625,13.3914],[93.0673,13.3953],[93.0708,13.4061],[93.0597,13.3992],[93.0614,13.4211],[93.0522,13.407],[93.0453,13.4039],[93.045,13.4106],[93.0364,13.4167],[93.0408,13.4258],[93.0372,13.4269],[93.2127,13.8241],[93.5159,13.6168],[93.5019,13.5346],[93.5308,13.4275]],[[93.022,13.3124],[93.0197,13.3164],[93.0251,13.3283],[93.0163,13.3316],[93.0158,13.3159],[93.0101,13.3169],[93.0094,13.311],[93.0183,13.3083],[93.0217,13.303],[93.022,13.3124]],[[92.9417,13.0144],[92.9425,13.0192],[92.9381,13.0217],[92.94,13.0253],[92.9275,13.0231],[92.9225,13.0286],[92.9228,13.0219],[92.9169,13.0172],[92.9158,13.0122],[92.9214,13.0006],[92.9417,12.9953],[92.9442,12.997],[92.9395,13.0094],[92.9417,13.0144]],[[93.0053,12.9975],[92.9939,12.9908],[92.9859,12.9934],[92.9889,12.9845],[92.9792,12.9797],[92.9795,12.9747],[92.9722,12.9691],[92.9645,12.9778],[92.9692,12.9825],[92.9597,12.9889],[92.9578,12.9831],[92.9525,12.9797],[92.9606,12.9745],[92.9631,12.9683],[92.9589,12.9647],[92.9545,12.9681],[92.9547,12.96],[92.9617,12.9547],[92.9728,12.9548],[92.9742,12.9453],[92.96,12.9495],[92.952,12.9405],[92.9695,12.9445],[92.9739,12.9353],[92.9792,12.9328],[92.9828,12.9345],[92.98,12.9481],[92.9881,12.9556],[92.9797,12.9602],[92.9795,12.967],[92.9928,12.9858],[93.0033,12.9911],[93.0053,12.9975]],[[92.8763,12.9333],[92.8596,12.9324],[92.8588,12.9268],[92.865,12.9167],[92.8733,12.9164],[92.8753,12.9266],[92.8809,12.9206],[92.8861,12.923],[92.8844,12.9296],[92.8763,12.9333]]]]}},{"type":"Feature","properties":{"District":"PORT BLAIR","STATE":"ANDAMAN AND NICOBAR"},"geometry":{"type":"MultiPolygon","coordinates":[[[[92.7545,11.9817],[93.0623,11.8549],[93.0801,11.8311],[93.507,11.721],[93.4853,11.6578],[93.454,11.5964],[93.4205,11.5458],[93.3822,11.5015],[93.3356,11.4602],[93.2851,11.4262],[93.228,11.3981],[93.1713,11.3786],[93.1737,11.3323],[93.1717,11.2757],[93.1646,11.2278],[93.1529,11.1827],[92.6431,11.1959],[92.6649,11.357],[92.6686,11.362],[92.6773,11.3626],[92.6906,11.3699],[92.6903,11.3823],[92.6939,11.387],[92.6898,11.3871],[92.6886,11.3912],[92.6785,11.3924],[92.6751,11.3991],[92.6641,11.395],[92.6608,11.4061],[92.6493,11.4072],[92.6722,11.416],[92.6747,11.4206],[92.6728,11.4269],[92.6837,11.4268],[92.6812,11.4313],[92.6858,11.4366],[92.6793,11.4567],[92.6867,11.5096],[92.7002,11.5056],[92.7052,11.4928],[92.7091,11.4904],[92.7068,11.4855],[92.7119,11.4779],[92.7177,11.5023],[92.7279,11.5162],[92.7237,11.5288],[92.7347,11.5522],[92.7304,11.5595],[92.739,11.5704],[92.7382,11.5797],[92.7419,11.579],[92.7447,11.588],[92.7407,11.5926],[92.7489,11.601],[92.7547,11.6179],[92.7519,11.6197],[92.7516,11.6357],[92.7462,11.64],[92.7481,11.6446],[92.753,11.6444],[92.7578,11.6506],[92.7583,11.6562],[92.7545,11.6579],[92.7565,11.6654],[92.7485,11.6681],[92.7479,11.6766],[92.7372,11.6777],[92.7315,11.6736],[92.7306,11.6794],[92.7262,11.6802],[92.7219,11.6864],[92.7154,11.6776],[92.7179,11.6704],[92.7161,11.6648],[92.7298,11.6592],[92.7202,11.6531],[92.7106,11.6523],[92.7118,11.6438],[92.708,11.6434],[92.702,11.6544],[92.6951,11.6529],[92.7001,11.6471],[92.7003,11.6416],[92.6929,11.6362],[92.6946,11.6227],[92.6896,11.6296],[92.6877,11.6406],[92.6853,11.6312],[92.6815,11.6375],[92.6806,11.6302],[92.6741,11.6248],[92.6654,11.6457],[92.6664,11.6541],[92.6835,11.6507],[92.6867,11.6555],[92.6852,11.6614],[92.6921,11.6645],[92.6929,11.6682],[92.6987,11.6657],[92.7082,11.6701],[92.702,11.673],[92.7009,11.677],[92.7039,11.683],[92.7026,11.696],[92.7063,11.6988],[92.7073,11.6967],[92.707,11.6991],[92.6956,11.7006],[92.7053,11.7028],[92.7019,11.7071],[92.7088,11.7035],[92.7119,11.6951],[92.7143,11.7037],[92.7182,11.706],[92.7225,11.6974],[92.7279,11.6949],[92.7315,11.6984],[92.7414,11.6901],[92.7452,11.6921],[92.7435,11.7128],[92.7465,11.7138],[92.7546,11.7012],[92.7577,11.7081],[92.7549,11.7174],[92.7608,11.7451],[92.766,11.7519],[92.7638,11.7599],[92.771,11.7863],[92.7694,11.7986],[92.7746,11.8122],[92.7809,11.8507],[92.7848,11.8514],[92.7861,11.8552],[92.7836,11.8591],[92.7881,11.8839],[92.7789,11.8915],[92.7806,11.8967],[92.7886,11.9012],[92.7833,11.9049],[92.7882,11.9198],[92.7877,11.9256],[92.7823,11.9306],[92.7845,11.9361],[92.7645,11.9399],[92.7532,11.9314],[92.7459,11.9314],[92.7332,11.9049],[92.7318,11.8571],[92.7182,11.8245],[92.7102,11.8145],[92.6925,11.8088],[92.6922,11.8142],[92.6799,11.8191],[92.6963,11.8129],[92.6969,11.8154],[92.707,11.8164],[92.7144,11.826],[92.7244,11.8509],[92.7272,11.8629],[92.7231,11.8774],[92.7263,11.8903],[92.7233,11.8911],[92.7272,11.8984],[92.7223,11.903],[92.7252,11.909],[92.7253,11.9274],[92.7211,11.9342],[92.7155,11.9309],[92.7144,11.933],[92.7186,11.9392],[92.7186,11.9488],[92.716,11.9508],[92.719,11.9615],[92.733,11.9688],[92.7305,11.9752],[92.7238,11.975],[92.7234,11.9808],[92.727,11.9824],[92.7307,11.9932],[92.7281,11.9948],[92.7388,11.9973],[92.7379,11.987],[92.7334,11.9831],[92.7351,11.9768],[92.7447,11.9825],[92.7477,11.9776],[92.7545,11.9817]],[[92.7496,11.9679],[92.7479,11.9625],[92.7397,11.9614],[92.7362,11.9532],[92.7458,11.9448],[92.7612,11.9488],[92.7671,11.9559],[92.7654,11.9652],[92.7496,11.9679]],[[93.015,11.8292],[93.0305,11.8264],[93.0361,11.8192],[93.0514,11.8122],[93.0624,11.8178],[93.0722,11.8383],[93.0694,11.8428],[93.0601,11.8451],[93.0457,11.8424],[93.0347,11.8361],[93.0135,11.8497],[93.0122,11.8381],[93.015,11.8292]],[[92.7128,11.309],[92.7158,11.3092],[92.7178,11.3161],[92.7214,11.3144],[92.724,11.3178],[92.7234,11.3328],[92.7174,11.3285],[92.7128,11.309]],[[92.7053,11.2894],[92.6925,11.2808],[92.6969,11.2617],[92.6874,11.2421],[92.6933,11.2433],[92.6947,11.2522],[92.7058,11.2631],[92.7075,11.2833],[92.7053,11.2894]]]]}},{"type":"Feature","properties":{"District":"CAR NICOBAR","STATE":"ANDAMAN AND NICOBAR"},"geometry":{"type":"MultiPolygon","coordinates":[[[[93.5948,9.0254],[92.5486,8.4894],[92.4931,8.5506],[92.4491,8.622],[92.4288,8.6696],[92.4143,8.7186],[92.4054,8.7691],[92.4023,8.8181],[92.3684,8.8583],[92.3386,8.903],[92.3161,8.9467],[92.2922,9.0067],[92.2755,9.0749],[92.2688,9.1412],[92.2713,9.2406],[92.281,9.3072],[92.2943,9.3561],[92.3123,9.4015],[92.3358,9.4459],[92.3646,9.4887],[92.3941,9.5239],[92.4254,9.5545],[92.5277,9.6327],[92.5669,9.6557],[92.6072,9.6742],[92.6483,9.6885],[92.6928,9.6991],[92.739,9.7052],[92.7837,9.7065],[92.8279,9.7036],[92.8716,9.6965],[92.9264,9.681],[92.979,9.6588],[93.1167,9.5744],[93.156,9.5426],[93.1918,9.5063],[93.2225,9.4674],[93.2487,9.4252],[93.2681,9.3853],[93.285,9.3394],[93.2965,9.2965],[93.3036,9.2533],[93.3065,9.1945],[93.3016,9.1354],[93.2891,9.0782],[93.2698,9.024],[93.2922,8.966],[93.3066,8.9054],[93.3698,8.9544],[93.4395,8.9909],[93.5167,9.0153],[93.5948,9.0254]],[[92.79,9.1175],[92.7823,9.1202],[92.7934,9.1192],[92.8114,9.1236],[92.8119,9.1311],[92.8168,9.1355],[92.8306,9.1387],[92.8281,9.1499],[92.8317,9.1665],[92.8252,9.1809],[92.8255,9.1921],[92.8569,9.202],[92.8544,9.2092],[92.8243,9.1958],[92.8192,9.2132],[92.8139,9.2203],[92.7747,9.2569],[92.7789,9.2444],[92.7769,9.2392],[92.7737,9.2406],[92.7728,9.2383],[92.7761,9.2344],[92.7681,9.2161],[92.7469,9.2119],[92.7442,9.2158],[92.7363,9.2153],[92.7281,9.2197],[92.7211,9.2142],[92.7183,9.1528],[92.7266,9.1302],[92.7317,9.1244],[92.7555,9.1268],[92.7636,9.1236],[92.7689,9.1276],[92.7842,9.1175],[92.79,9.1175]],[[92.8528,8.8206],[92.8569,8.819],[92.8625,8.8229],[92.8632,8.8303],[92.8594,8.8373],[92.8528,8.8306],[92.8528,8.8206]]]]}},{"type":"Feature","properties":{"District":"INDIRA POINT","STATE":"ANDAMAN AND NICOBAR"},"geometry":{"type":"MultiPolygon","coordinates":[[[[92.9974,7.6149],[94.0244,7.8611],[94.0047,7.7866],[94.0417,7.7512],[94.0746,7.7116],[94.1412,7.6071],[94.1649,7.5624],[94.2371,7.4804],[94.2788,7.4165],[94.3103,7.343],[94.3235,7.2927],[94.3308,7.2411],[94.3513,7.203],[94.3692,7.1604],[94.3832,7.1148],[94.3924,7.0697],[94.3974,7.0092],[94.3943,6.9283],[94.3886,6.8787],[94.3775,6.8304],[94.3553,6.7697],[94.3373,6.6917],[94.3117,6.6274],[94.2766,6.564],[94.23,6.5035],[94.1633,6.4415],[94.0972,6.3904],[94.0523,6.362],[94.0098,6.3413],[93.9657,6.3252],[93.9219,6.3141],[93.8739,6.3069],[93.8231,6.3046],[93.7732,6.3079],[93.7268,6.316],[93.6764,6.3299],[93.6332,6.3466],[93.5875,6.3698],[93.5439,6.3977],[93.5056,6.4285],[93.4628,6.4726],[93.4261,6.5222],[93.3896,6.5921],[93.3652,6.669],[93.3303,6.7038],[93.2988,6.7429],[93.2715,6.7856],[93.2494,6.8304],[93.2316,6.88],[93.22,6.9292],[93.2144,6.9733],[93.2061,7.1124],[93.1901,7.1674],[93.1752,7.2504],[93.1367,7.3148],[93.11,7.3822],[93.0944,7.4533],[93.0901,7.5262],[93.042,7.5662],[92.9974,7.6149]],[[93.5433,7.525],[93.5397,7.52],[93.5425,7.51],[93.5503,7.517],[93.5433,7.525]],[[93.7109,7.4451],[93.7047,7.4431],[93.7094,7.4236],[93.7033,7.4014],[93.7142,7.3956],[93.7139,7.3928],[93.6989,7.3939],[93.6842,7.3875],[93.6803,7.3767],[93.6744,7.3733],[93.6633,7.3811],[93.6494,7.3686],[93.6397,7.3739],[93.6325,7.3706],[93.6322,7.3372],[93.6367,7.3319],[93.6361,7.3214],[93.6211,7.3083],[93.6292,7.3028],[93.6344,7.2864],[93.6311,7.2803],[93.6342,7.2753],[93.6292,7.2697],[93.6292,7.2647],[93.6367,7.2597],[93.6381,7.2531],[93.6483,7.2425],[93.6689,7.2578],[93.6794,7.2847],[93.6872,7.2908],[93.6983,7.2936],[93.7072,7.3042],[93.7153,7.3069],[93.7183,7.305],[93.725,7.31],[93.7347,7.3269],[93.7381,7.3403],[93.7489,7.3522],[93.7486,7.3567],[93.7557,7.3598],[93.7565,7.3744],[93.7275,7.3947],[93.7214,7.4022],[93.7203,7.4294],[93.7109,7.4451]],[[93.8469,7.2429],[93.8433,7.2397],[93.8369,7.2422],[93.8383,7.2389],[93.8314,7.2361],[93.819,7.2362],[93.8158,7.2325],[93.8069,7.2336],[93.8053,7.2276],[93.809,7.2284],[93.8104,7.2198],[93.806,7.2191],[93.8119,7.2136],[93.8072,7.21],[93.8025,7.2111],[93.8025,7.2014],[93.8019,7.2059],[93.7926,7.2131],[93.7771,7.2119],[93.7775,7.2089],[93.7733,7.2069],[93.7645,7.2097],[93.7661,7.2142],[93.7606,7.2144],[93.7517,7.207],[93.7538,7.2023],[93.7461,7.2003],[93.7336,7.1872],[93.7256,7.1858],[93.7131,7.1922],[93.7014,7.1886],[93.6919,7.1919],[93.6861,7.19],[93.6836,7.1835],[93.6731,7.1758],[93.6758,7.1728],[93.6744,7.1603],[93.6783,7.1553],[93.6758,7.1399],[93.6728,7.1375],[93.6675,7.1392],[93.665,7.1312],[93.6578,7.1292],[93.6556,7.1253],[93.6583,7.1119],[93.6628,7.1117],[93.6675,7.1175],[93.6747,7.1125],[93.6656,7.1028],[93.6573,7.0996],[93.6606,7.0858],[93.6664,7.0867],[93.67,7.0831],[93.6622,7.0694],[93.6686,7.0661],[93.6647,7.0441],[93.6731,7.0363],[93.6692,7.0286],[93.6742,7.0239],[93.6699,7.0195],[93.6703,7.0131],[93.6642,7.0108],[93.663,7.0066],[93.6716,7.003],[93.6775,7.0164],[93.6861,7.0183],[93.6939,7.0151],[93.7064,7],[93.7037,6.9916],[93.7075,6.9898],[93.7168,6.9939],[93.723,6.9919],[93.7336,6.9772],[93.7312,6.9696],[93.7353,6.9658],[93.7353,6.96],[93.7453,6.9619],[93.7522,6.9369],[93.7506,6.9289],[93.7431,6.9292],[93.7419,6.925],[93.7522,6.9074],[93.7644,6.9164],[93.7664,6.9117],[93.7628,6.9078],[93.7681,6.9017],[93.7681,6.8951],[93.7711,6.897],[93.7717,6.8936],[93.7808,6.8903],[93.7772,6.885],[93.7801,6.8836],[93.7792,6.8806],[93.7716,6.8767],[93.7756,6.87],[93.7737,6.8641],[93.7793,6.8573],[93.7822,6.8544],[93.7889,6.8567],[93.7944,6.8503],[93.7874,6.8413],[93.7866,6.831],[93.8031,6.8125],[93.8114,6.8183],[93.8156,6.8161],[93.8133,6.8078],[93.8083,6.8064],[93.8078,6.7975],[93.8119,6.7931],[93.8077,6.7839],[93.8131,6.7792],[93.8052,6.772],[93.8049,6.7645],[93.8172,6.7569],[93.8283,6.7543],[93.8349,6.7556],[93.8388,6.7698],[93.8473,6.7798],[93.849,6.7913],[93.8461,6.8006],[93.8509,6.8161],[93.8683,6.815],[93.8786,6.8028],[93.8826,6.7928],[93.8888,6.8035],[93.8957,6.8044],[93.9021,6.813],[93.9016,6.8202],[93.9104,6.8348],[93.9072,6.8396],[93.8964,6.8414],[93.8936,6.8469],[93.8931,6.8656],[93.9018,6.8747],[93.8965,6.8917],[93.9003,6.8958],[93.8972,6.9022],[93.9022,6.9072],[93.9106,6.9056],[93.9161,6.9121],[93.9092,6.9275],[93.9111,6.9319],[93.9172,6.9325],[93.9181,6.9469],[93.9278,6.955],[93.9393,6.9501],[93.9455,6.9558],[93.9441,6.9599],[93.935,6.9635],[93.9331,6.9705],[93.9283,6.9742],[93.928,6.9864],[93.9144,6.9946],[93.9139,7],[93.9203,7.0085],[93.9273,7.0113],[93.9429,6.9927],[93.9478,6.9989],[93.9455,7.0094],[93.9365,7.0133],[93.9287,7.0272],[93.9206,7.0233],[93.9161,7.0253],[93.9122,7.0403],[93.9167,7.0484],[93.9058,7.0619],[93.9064,7.07],[93.9022,7.0769],[93.8931,7.0788],[93.8878,7.0864],[93.8856,7.105],[93.8914,7.1211],[93.8843,7.1298],[93.8879,7.1511],[93.8852,7.1661],[93.88,7.1728],[93.8836,7.1838],[93.88,7.1934],[93.8828,7.2036],[93.8769,7.2039],[93.8684,7.2174],[93.8525,7.2136],[93.8461,7.2181],[93.8425,7.2286],[93.8483,7.2336],[93.8469,7.2429]],[[93.7206,7.2117],[93.7091,7.2313],[93.7064,7.2264],[93.7122,7.2081],[93.7193,7.2065],[93.7206,7.2117]]]]}},{"type":"Feature","properties":{"District":"HAVELOCK","STATE":"ANDAMAN AND NICOBAR"},"geometry":{"type":"MultiPolygon","coordinates":[[[[93.507,11.721],[93.0801,11.8311],[93.0623,11.8549],[92.7545,11.9817],[92.7572,11.9879],[92.7534,11.9919],[92.743,11.9884],[92.743,11.9934],[92.7464,11.9964],[92.7688,11.999],[92.766,12.0116],[92.7615,12.0101],[92.7575,12.0028],[92.7527,12.0025],[92.7469,12.0172],[92.7403,12.0132],[92.7366,12.0159],[92.7402,12.019],[92.7336,12.0218],[92.7416,12.029],[92.7363,12.0306],[92.7384,12.0351],[92.7408,12.0343],[92.7392,12.0409],[92.7412,12.0421],[92.744,12.0348],[92.7486,12.0362],[92.7495,12.0321],[92.7531,12.0344],[92.7537,12.0274],[92.7589,12.0217],[92.7619,12.0206],[92.7648,12.0259],[92.7786,12.0242],[92.7757,12.0312],[92.7767,12.0403],[92.7836,12.0475],[92.7783,12.0506],[92.7726,12.0467],[92.7661,12.0469],[92.7655,12.0516],[92.762,12.0514],[92.7637,12.0638],[92.7816,12.0797],[92.7927,12.0811],[92.7914,12.0872],[92.7946,12.0957],[92.7884,12.1025],[92.7986,12.1086],[92.8092,12.1047],[92.8125,12.1069],[92.8117,12.1175],[92.8082,12.1239],[92.8035,12.1255],[92.8023,12.1308],[92.8055,12.1334],[92.8115,12.1296],[92.8149,12.1324],[92.8195,12.1472],[92.8261,12.1538],[92.8201,12.1556],[92.8192,12.1607],[92.824,12.1666],[92.8289,12.1644],[92.8358,12.1675],[92.8399,12.1611],[92.8506,12.1573],[92.8487,12.1624],[92.8553,12.1711],[92.8508,12.1767],[92.8552,12.189],[92.853,12.1915],[92.8471,12.1896],[92.8465,12.1974],[92.8534,12.2038],[92.8751,12.1931],[92.8819,12.198],[92.874,12.2053],[92.8725,12.2255],[92.8628,12.2362],[92.8589,12.2458],[92.8647,12.2513],[92.8778,12.2512],[92.8876,12.2588],[92.8864,12.2628],[92.8893,12.2659],[92.8867,12.2674],[92.8831,12.2634],[92.8797,12.2778],[92.8869,12.2858],[92.8819,12.29],[92.875,12.2872],[92.8719,12.2919],[92.8697,12.2903],[92.8735,12.3007],[92.8658,12.3012],[92.8664,12.3056],[92.8501,12.3022],[92.8495,12.3084],[92.9323,12.3078],[92.9292,12.3038],[92.9305,12.2852],[92.9267,12.2806],[92.9231,12.2844],[92.92,12.2823],[92.9193,12.2886],[92.9132,12.2929],[92.9015,12.2882],[92.9039,12.2775],[92.9015,12.2715],[92.9076,12.2744],[92.9136,12.273],[92.9126,12.2631],[92.9172,12.2675],[92.9167,12.2634],[92.9213,12.2649],[92.9228,12.2584],[92.9185,12.2388],[92.9232,12.2308],[92.9291,12.2391],[92.9275,12.2512],[92.9299,12.2587],[92.9424,12.2751],[92.9414,12.2808],[92.9333,12.2889],[92.9367,12.2985],[92.9344,12.3078],[93.4191,12.3039],[93.4132,12.2448],[93.4302,12.0795],[93.4789,11.975],[93.5156,11.9199],[93.5212,11.8639],[93.5214,11.8151],[93.5168,11.7684],[93.507,11.721]],[[93.0418,11.8822],[93.0516,11.8912],[93.054,11.9032],[93.0492,11.9087],[93.0479,11.9201],[93.0374,11.9475],[93.0281,11.9517],[93.0249,11.9663],[93.0072,12.0003],[93.0095,12.0189],[92.9986,12.0338],[92.9879,12.0378],[92.9825,12.0435],[92.9746,12.0422],[92.9747,12.0371],[92.9695,12.0337],[92.965,12.0497],[92.9618,12.0307],[92.9507,12.0131],[92.9423,12.0073],[92.9308,12.0056],[92.9255,11.9958],[92.9339,11.985],[92.948,11.9852],[92.9596,11.9813],[92.9684,11.9565],[92.9744,11.9484],[92.9849,11.9449],[92.9898,11.9509],[92.997,11.9471],[93.0004,11.9502],[93.0019,11.9476],[92.9947,11.94],[93.0191,11.9072],[93.0253,11.8882],[93.0348,11.8819],[93.0418,11.8822]],[[92.9836,12.0503],[92.9928,12.0436],[93.0014,12.0508],[92.9992,12.0549],[93.0016,12.0622],[92.9981,12.0652],[93.0006,12.0672],[92.9989,12.0723],[93.0016,12.0744],[93.0006,12.0842],[93.005,12.1036],[92.9906,12.1096],[92.974,12.1053],[92.9772,12.1037],[92.974,12.1023],[92.9664,12.1093],[92.9611,12.1079],[92.9607,12.0935],[92.9654,12.0943],[92.9654,12.0899],[92.9695,12.0907],[92.9708,12.0875],[92.9606,12.0826],[92.9618,12.0722],[92.9641,12.0686],[92.9751,12.0657],[92.9732,12.0599],[92.9757,12.0609],[92.9798,12.0514],[92.9836,12.0503]],[[92.9522,12.0861],[92.9511,12.0906],[92.9572,12.0962],[92.9575,12.1022],[92.9483,12.1158],[92.9517,12.0839],[92.9522,12.0861]],[[92.9765,12.1156],[92.9807,12.1118],[92.9972,12.1136],[93.0008,12.1069],[93.0073,12.1072],[93.007,12.0758],[93.0111,12.0714],[93.0197,12.0722],[93.0275,12.0681],[93.0411,12.0461],[93.0455,12.0454],[93.0533,12.0606],[93.0511,12.0733],[93.0536,12.0761],[93.0344,12.1003],[93.0317,12.1161],[93.0353,12.1253],[93.0261,12.1389],[93.0286,12.1436],[93.0283,12.1658],[93.0067,12.1461],[93.0019,12.1339],[93.0042,12.1133],[92.9951,12.1297],[92.9919,12.1437],[92.9833,12.149],[92.9633,12.1508],[92.957,12.1481],[92.9564,12.1381],[92.9623,12.1228],[92.9765,12.1156]],[[93.0469,12.1666],[93.0432,12.1585],[93.0375,12.1597],[93.0365,12.1569],[93.0432,12.1558],[93.0374,12.1325],[93.04,12.1266],[93.0466,12.1277],[93.0503,12.1197],[93.0566,12.1232],[93.0506,12.1175],[93.0516,12.1124],[93.0663,12.098],[93.0695,12.0874],[93.0744,12.0836],[93.0786,12.0847],[93.0797,12.0895],[93.0866,12.0911],[93.0908,12.1],[93.0933,12.1117],[93.0898,12.1152],[93.093,12.1227],[93.0877,12.1231],[93.0899,12.1272],[93.0877,12.13],[93.095,12.1424],[93.094,12.1484],[93.0838,12.1555],[93.0892,12.1691],[93.0897,12.1803],[93.0863,12.1803],[93.0866,12.1931],[93.0772,12.2022],[93.0759,12.2099],[93.0663,12.2102],[93.0469,12.1666]],[[92.9355,12.1998],[92.9354,12.213],[92.9386,12.2121],[92.9416,12.2174],[92.938,12.2252],[92.9276,12.2221],[92.9249,12.2115],[92.926,12.207],[92.9326,12.2027],[92.9328,12.1961],[92.9355,12.1998]],[[92.8843,12.2221],[92.8826,12.2242],[92.8917,12.2339],[92.9009,12.2279],[92.9089,12.2313],[92.9133,12.2228],[92.9141,12.2326],[92.901,12.2564],[92.8873,12.2516],[92.8845,12.2392],[92.88,12.2397],[92.8786,12.2481],[92.8742,12.2488],[92.8708,12.2447],[92.8698,12.2376],[92.8792,12.2083],[92.8843,12.2221]],[[93.0628,12.2322],[93.065,12.2275],[93.0828,12.2222],[93.0931,12.2244],[93.0922,12.2128],[93.101,12.204],[93.1036,12.2217],[93.1006,12.2314],[93.1058,12.2397],[93.1057,12.2608],[93.1001,12.2594],[93.0992,12.2492],[93.0928,12.2386],[93.0886,12.2372],[93.085,12.2386],[93.0836,12.2586],[93.0778,12.2619],[93.0725,12.2597],[93.0628,12.2322]],[[93.12,12.1481],[93.1091,12.1431],[93.1156,12.13],[93.1236,12.1403],[93.1219,12.1448],[93.1184,12.1439],[93.12,12.1481]]]]}},{"type":"Feature","properties":{"District":"KAVARATTI","STATE":"LAKSHADWEEP"},"geometry":{"type":"MultiPolygon","coordinates":[[[[72.1531,10.3706],[72.6792,11.0515],[73.0404,10.7945],[73.0658,10.7415],[73.0818,10.6956],[73.0922,10.6521],[73.0983,10.6065],[73.0997,10.5597],[73.0963,10.512],[73.0878,10.4635],[73.0753,10.4187],[73.059,10.3771],[73.0386,10.3373],[73.0138,10.2989],[72.9852,10.2632],[72.953,10.2303],[72.9145,10.1984],[72.8609,10.1623],[72.7873,10.1242],[72.7451,10.1094],[72.7038,10.0992],[72.6598,10.0928],[72.6172,10.0908],[72.5333,10.0985],[72.4521,10.1218],[72.4107,10.1403],[72.3714,10.163],[72.3352,10.1891],[72.301,10.2193],[72.2708,10.2518],[72.2424,10.2894],[72.2191,10.3281],[72.1989,10.3709],[72.1531,10.3706]],[[72.6179,10.5407],[72.634,10.5551],[72.649,10.5618],[72.6501,10.5696],[72.6462,10.5765],[72.6385,10.5763],[72.6232,10.5471],[72.6154,10.5429],[72.6179,10.5407]]]]}},{"type":"Feature","properties":{"District":"DAKSHINA KANNADA","STATE":"KARNATAKA"},"geometry":{"type":"MultiPolygon","coordinates":[[[[74.7875,13.0991],[74.7897,13.0979],[74.7849,13.0991],[74.7801,13.0935],[74.7823,13.0881],[74.7787,13.0783],[74.7809,13.0643],[74.7847,13.0593],[74.7807,13.0615],[74.7747,13.0783],[74.7977,12.9717],[74.8043,12.9351],[74.8027,12.9313],[74.8065,12.9285],[74.8177,12.9313],[74.8209,12.9293],[74.8143,12.9229],[74.8139,12.9185],[74.8077,12.9247],[74.8071,12.9193],[74.8213,12.8527],[74.8237,12.8465],[74.8289,12.8469],[74.8439,12.8011],[74.8671,12.7577],[74.8677,12.7501],[74.3895,12.7179],[74.3235,13.0049],[74.7721,13.0843],[74.7787,13.0921],[74.7785,13.0993],[74.7875,13.0991]]]]}},{"type":"Feature","properties":{"District":"NORTH 24 PARGANAS","STATE":"WEST BENGAL"},"geometry":{"type":"MultiPolygon","coordinates":[[[[88.6815,21.2931],[88.664,21.5051],[88.6659,21.6841],[88.6878,21.8799],[88.7049,21.9463],[88.719,21.987],[88.7201,22.0476],[88.7127,22.2031],[88.7316,22.1956],[88.7414,22.1986],[88.7386,22.2106],[88.7406,22.2147],[88.7453,22.2008],[88.7496,22.2202],[88.7436,22.2292],[88.7619,22.243],[88.7684,22.2427],[88.7721,22.2513],[88.7908,22.2597],[88.7927,22.2762],[88.8047,22.2832],[88.8031,22.296],[88.8105,22.3166],[88.8026,22.329],[88.8192,22.3639],[88.8326,22.3592],[88.8492,22.3645],[88.8763,22.356],[88.8611,22.365],[88.8528,22.3867],[88.8494,22.3842],[88.8461,22.3883],[88.8475,22.3922],[88.8525,22.3922],[88.856,22.4059],[88.8483,22.4306],[88.8185,22.4306],[88.8025,22.4434],[88.8,22.4589],[88.7902,22.4814],[88.7795,22.4932],[88.7784,22.5061],[88.77,22.5114],[88.7529,22.5155],[88.7336,22.51],[88.7078,22.5277],[88.6994,22.5233],[88.6902,22.523],[88.6902,22.5329],[88.6809,22.5364],[88.6811,22.5437],[88.6722,22.5494],[88.6717,22.5572],[88.6749,22.5611],[88.6725,22.5658],[88.6789,22.5779],[88.6762,22.5828],[88.6783,22.5936],[88.6777,22.5827],[88.6809,22.5774],[88.6743,22.5667],[88.6765,22.5608],[88.6731,22.557],[88.6736,22.55],[88.6823,22.5438],[88.6823,22.5374],[88.6913,22.5341],[88.6907,22.5244],[88.697,22.5247],[88.6919,22.5261],[88.7008,22.5306],[88.7036,22.5292],[88.7011,22.5256],[88.7093,22.5291],[88.7341,22.5109],[88.7504,22.517],[88.7684,22.5134],[88.775,22.5203],[88.7828,22.5228],[88.7714,22.5289],[88.7644,22.5278],[88.7656,22.5311],[88.7703,22.53],[88.7643,22.5343],[88.761,22.5502],[88.7664,22.5608],[88.7621,22.5505],[88.7657,22.5342],[88.7749,22.5264],[88.7842,22.525],[88.7717,22.5134],[88.7936,22.4989],[88.7992,22.4891],[88.8116,22.4814],[88.8142,22.4564],[88.8297,22.4468],[88.8245,22.4361],[88.8388,22.4372],[88.8529,22.433],[88.8538,22.4391],[88.8596,22.4456],[88.8556,22.4544],[88.8519,22.4558],[88.855,22.4689],[88.8511,22.475],[88.8567,22.475],[88.8575,22.4836],[88.8653,22.4875],[88.8588,22.4992],[88.8446,22.5009],[88.8428,22.5079],[88.8553,22.5106],[88.8593,22.5198],[88.8671,22.5234],[88.8658,22.5431],[88.8689,22.5458],[88.8787,22.5447],[88.8964,22.5633],[88.9376,22.5699],[88.9361,22.5923],[88.9571,22.6098],[88.958,22.616],[88.9563,22.6181],[88.9392,22.6159],[88.9326,22.6187],[88.9301,22.641],[88.9078,22.6768],[88.9003,22.676],[88.8859,22.6667],[88.8657,22.6631],[88.8612,22.6659],[88.8572,22.6775],[88.8616,22.6937],[88.8526,22.6896],[88.848,22.6911],[88.8472,22.7065],[88.8085,22.71],[88.8092,22.7244],[88.8058,22.7332],[88.81,22.7413],[88.8078,22.7524],[88.819,22.7507],[88.8203,22.7479],[88.8146,22.7426],[88.8266,22.7387],[88.8352,22.7468],[88.8403,22.7357],[88.8468,22.7501],[88.8339,22.7544],[88.8485,22.7505],[88.8405,22.7351],[88.8365,22.737],[88.8342,22.7455],[88.8281,22.7374],[88.8145,22.7406],[88.8128,22.744],[88.818,22.7496],[88.8087,22.7507],[88.8116,22.7421],[88.8075,22.7328],[88.811,22.7204],[88.8096,22.7107],[88.848,22.709],[88.8493,22.6932],[88.8595,22.697],[88.8641,22.6937],[88.862,22.6851],[88.8649,22.6649],[88.8836,22.6689],[88.9013,22.679],[88.9108,22.6772],[88.9224,22.6639],[88.9344,22.6411],[88.9354,22.6198],[88.9544,22.6228],[88.9619,22.6167],[88.9572,22.6043],[88.9408,22.5913],[88.9444,22.5789],[88.9414,22.5622],[88.9442,22.5578],[88.9572,22.5547],[88.9626,22.5498],[88.9735,22.5249],[88.9751,22.5024],[88.9803,22.4903],[89,22.4708],[89.0031,22.4722],[88.9982,22.4673],[88.9967,22.4556],[88.9917,22.4472],[89.0013,22.4369],[89.0022,22.4293],[88.9906,22.4232],[88.9748,22.4088],[88.9974,22.3869],[88.9846,22.3745],[88.9914,22.3647],[88.9872,22.3575],[88.9895,22.3467],[88.9858,22.3264],[88.9892,22.3235],[89,22.3253],[89.0264,22.2975],[89.0244,22.2931],[89.0198,22.2919],[89.0113,22.2958],[89,22.2956],[88.9962,22.2928],[88.9962,22.2871],[89.0205,22.271],[89.0222,22.2652],[89.0171,22.2556],[89.0291,22.2611],[89.0357,22.2589],[89.0385,22.2389],[89.0425,22.2309],[89.0708,22.2019],[89.0655,22.1782],[89.067,22.1559],[89.0746,22.1467],[89.0921,22.1595],[89.0993,22.1555],[89.0949,22.1439],[89.0479,22.1153],[89.0435,22.0878],[89.0834,21.9985],[89.0718,21.9244],[89.0619,21.928],[89.0336,21.9228],[89.0252,21.9037],[89.0412,21.8483],[89.0348,21.7898],[89.0483,21.7627],[89.0909,21.7005],[89.1784,21.3752],[88.991,21.3618],[88.6815,21.2931]]]]}},{"type":"Feature","properties":{"District":"PURBA MEDINIPUR","STATE":"WEST BENGAL"},"geometry":{"type":"MultiPolygon","coordinates":[[[[88.1536,21.9586],[88.1372,21.9545],[88.0866,21.9059],[88.0723,21.8666],[88.017,21.747],[88.0134,21.6275],[88.0419,21.3752],[88.0781,21.2717],[87.9608,21.2109],[87.9132,21.1896],[87.831,21.1837],[87.6371,21.1814],[87.483,21.6093],[87.5453,21.6289],[87.553,21.6361],[87.5612,21.6331],[87.6301,21.6467],[87.6436,21.66],[87.6425,21.6517],[87.65,21.6486],[87.6897,21.6575],[87.7397,21.6783],[87.7503,21.6867],[87.7497,21.6936],[87.7531,21.6931],[87.7542,21.6967],[87.7503,21.6981],[87.7533,21.6997],[87.775,21.6939],[87.7897,21.695],[87.8095,21.706],[87.825,21.7236],[87.8206,21.7242],[87.875,21.7678],[87.8847,21.7794],[87.87,21.7603],[87.8775,21.7647],[87.8839,21.7747],[87.8944,21.7831],[87.888,21.7912],[87.8898,21.7935],[87.8992,21.7892],[87.8967,21.7931],[87.8989,21.795],[87.9131,21.7969],[87.9219,21.8022],[87.9292,21.8006],[87.9397,21.82],[87.9719,21.8506],[87.9753,21.8503],[87.9803,21.8578],[87.9883,21.878],[88.0075,21.9114],[88.0358,21.9814],[88.0531,22.0103],[88.0519,22.015],[88.0336,22.0242],[88.0178,22.0403],[88.0136,22.0644],[88.0086,22.0731],[87.9902,22.0873],[87.9817,22.0988],[87.9698,22.0943],[87.9604,22.0956],[87.9594,22.0997],[87.9634,22.1035],[87.9852,22.1047],[87.9919,22.1025],[87.9984,22.0896],[88.0319,22.0639],[88.0336,22.0575],[88.0269,22.0478],[88.0622,22.0131],[88.0833,22.0214],[88.1256,22.0494],[88.1562,22.0648],[88.1817,22.0894],[88.1936,22.1108],[88.153,22.1586],[88.1356,22.1847],[88.1028,22.1919],[88.0947,22.1906],[88.09,22.1858],[88.0753,22.1867],[88.0656,22.1897],[88.05,22.205],[88.0347,22.2094],[88.03,22.2083],[88.0231,22.1994],[88.0086,22.2014],[87.9866,22.2117],[87.9757,22.2217],[87.9707,22.2377],[87.9578,22.245],[87.9375,22.2647],[87.9328,22.31],[87.9364,22.3261],[87.9308,22.3333],[87.9347,22.335],[87.9347,22.3311],[87.94,22.33],[87.9364,22.3167],[87.9458,22.3281],[87.9481,22.3464],[87.9453,22.3458],[87.9436,22.3483],[87.947,22.3497],[87.9367,22.3561],[87.9422,22.3536],[87.9442,22.3575],[87.9389,22.3611],[87.9425,22.3614],[87.9428,22.3644],[87.9297,22.4036],[87.9125,22.4217],[87.8939,22.4242],[87.8808,22.4381],[87.8838,22.4416],[87.8951,22.4345],[87.9233,22.435],[87.9275,22.4203],[87.9464,22.4061],[87.9571,22.3609],[87.9572,22.3166],[87.9606,22.3046],[87.9587,22.2847],[87.9849,22.2457],[88.0261,22.2225],[88.0492,22.22],[88.0647,22.2361],[88.0753,22.2528],[88.0786,22.2842],[88.0887,22.3031],[88.105,22.3047],[88.1031,22.2883],[88.0886,22.2628],[88.085,22.2356],[88.07,22.2164],[88.0697,22.2119],[88.0875,22.2083],[88.1167,22.2092],[88.1325,22.2022],[88.1656,22.1989],[88.1881,22.1867],[88.2031,22.1669],[88.2106,22.1494],[88.2108,22.1317],[88.2244,22.0917],[88.2222,22.0675],[88.2139,22.0347],[88.2078,22.0225],[88.1785,21.9818],[88.1625,21.9698],[88.1536,21.9586]]]]}},{"type":"Feature","properties":{"District":"VIZIANAGARAM","STATE":"ANDHRA PRADESH"},"geometry":{"type":"MultiPolygon","coordinates":[[[[83.7946,17.5581],[83.718,17.6213],[83.6466,17.698],[83.5484,17.8194],[83.4788,17.919],[83.5296,17.9493],[83.544,17.9635],[83.5468,17.971],[83.559,17.9835],[83.5593,17.999],[83.5663,18.0076],[83.5646,18.011],[83.5726,18.0146],[83.5726,18.0182],[83.5751,18.0163],[83.5849,18.0212],[83.6107,18.0426],[83.6438,18.0618],[83.6615,18.0768],[83.9755,17.7353],[83.8898,17.6796],[83.7946,17.5581]]]]}},{"type":"Feature","properties":{"District":"PUDUKKOTTAI","STATE":"TAMIL NADU"},"geometry":{"type":"MultiPolygon","coordinates":[[[[79.422,9.581],[79.0968,9.8315],[79.1068,9.8371],[79.1218,9.8546],[79.1249,9.8629],[79.1196,9.8701],[79.1199,9.8776],[79.1279,9.894],[79.1471,9.9096],[79.1537,9.9204],[79.1551,9.9324],[79.1924,9.9682],[79.1993,9.9712],[79.2043,9.9832],[79.2426,10.0251],[79.2674,10.0379],[79.2526,10.0485],[79.2524,10.0665],[79.2435,10.0735],[79.2365,10.074],[79.2285,10.0921],[79.2282,10.1132],[79.2371,10.1285],[79.2301,10.1319],[79.2542,10.128],[79.6056,9.8158],[79.4969,9.7202],[79.422,9.581]]]]}},{"type":"Feature","properties":{"District":"NORTH GOA","STATE":"GOA"},"geometry":{"type":"MultiPolygon","coordinates":[[[[73.89,15.4256],[73.8852,15.4225],[73.7759,15.4239],[73.3543,15.2827],[73.3445,15.3301],[73.2981,15.4527],[73.2545,15.5149],[73.2203,15.5893],[73.6827,15.7219],[73.6899,15.7185],[73.6943,15.7003],[73.7113,15.6685],[73.7231,15.6301],[73.7275,15.6283],[73.7357,15.6149],[73.7393,15.6227],[73.7455,15.6265],[73.7549,15.6175],[73.7519,15.6099],[73.7435,15.6051],[73.7391,15.6091],[73.7313,15.6083],[73.7343,15.5935],[73.7315,15.5905],[73.7363,15.5861],[73.7419,15.5701],[73.7413,15.5635],[73.7485,15.5613],[73.7513,15.5571],[73.7663,15.5065],[73.7645,15.4951],[73.7719,15.4901],[73.7871,15.4933],[73.7857,15.4977],[73.7891,15.4999],[73.8055,15.4949],[73.8075,15.4853],[73.8047,15.4651],[73.8011,15.4607],[73.7905,15.4651],[73.7873,15.4643],[73.7879,15.4615],[73.8041,15.4499],[73.8039,15.4541],[73.8123,15.4557],[73.8163,15.4527],[73.8295,15.4535],[73.8421,15.4477],[73.8433,15.4509],[73.8491,15.4519],[73.8599,15.4411],[73.8615,15.4285],[73.8825,15.4329],[73.89,15.4256]]]]}},{"type":"Feature","properties":{"District":"JAMNAGAR","STATE":"GUJARAT"},"geometry":{"type":"MultiPolygon","coordinates":[[[[70.4351,22.9618],[70.4304,22.9579],[70.4235,22.9326],[70.4126,22.9229],[70.4135,22.9182],[70.4096,22.9207],[70.3851,22.9099],[70.3537,22.8707],[70.339,22.8435],[70.3374,22.8246],[70.324,22.8101],[70.3238,22.8032],[70.3215,22.8079],[70.3185,22.8054],[70.3163,22.7987],[70.321,22.7987],[70.3199,22.7965],[70.3093,22.796],[70.3129,22.7857],[70.3107,22.7868],[70.3004,22.7782],[70.3068,22.7801],[70.3057,22.7746],[70.3004,22.7707],[70.3054,22.7668],[70.3018,22.7668],[70.3032,22.7576],[70.3012,22.7601],[70.2935,22.7488],[70.2826,22.7488],[70.2887,22.746],[70.2807,22.7407],[70.276,22.7313],[70.2646,22.7382],[70.2607,22.731],[70.2562,22.7301],[70.2529,22.7335],[70.2557,22.729],[70.2532,22.7301],[70.251,22.7246],[70.2588,22.7265],[70.2535,22.7199],[70.2551,22.7065],[70.2493,22.7049],[70.2493,22.7121],[70.2465,22.7115],[70.2404,22.7046],[70.2449,22.7051],[70.2385,22.7018],[70.239,22.696],[70.2518,22.6963],[70.2507,22.6935],[70.2532,22.6929],[70.249,22.691],[70.249,22.6843],[70.2446,22.6785],[70.2418,22.6818],[70.2387,22.6782],[70.2449,22.676],[70.2468,22.6718],[70.2407,22.6685],[70.2429,22.6626],[70.2349,22.6599],[70.234,22.6549],[70.229,22.6574],[70.2351,22.6499],[70.2307,22.6496],[70.226,22.6399],[70.2193,22.6374],[70.2162,22.6415],[70.2179,22.6365],[70.2138,22.634],[70.2201,22.6346],[70.2199,22.6296],[70.2154,22.6276],[70.2115,22.6299],[70.2115,22.6232],[70.2082,22.6254],[70.2085,22.6218],[70.2018,22.6199],[70.1996,22.6154],[70.1974,22.6168],[70.1985,22.6129],[70.1951,22.6107],[70.1988,22.611],[70.1985,22.6065],[70.2024,22.6079],[70.2032,22.6054],[70.1943,22.6038],[70.1943,22.5829],[70.1879,22.5851],[70.1757,22.569],[70.1712,22.5571],[70.1629,22.5515],[70.1474,22.5535],[70.1435,22.5496],[70.1218,22.5457],[70.1168,22.5482],[70.0857,22.5449],[70.0726,22.5501],[70.0646,22.5468],[70.0446,22.5562],[70.039,22.5629],[70.0401,22.559],[70.0335,22.5565],[70.0293,22.5446],[70.0235,22.5396],[70.0282,22.5468],[70.0268,22.551],[70.0199,22.5468],[70.0104,22.5488],[70.004,22.5443],[69.9988,22.5474],[69.9762,22.5432],[69.9757,22.5413],[69.9857,22.5415],[69.9829,22.5349],[69.984,22.5418],[69.9735,22.5407],[69.9629,22.5374],[69.954,22.5299],[69.946,22.5285],[69.9474,22.5196],[69.9449,22.5149],[69.9518,22.509],[69.959,22.5093],[69.9554,22.5046],[69.9574,22.4954],[69.9551,22.504],[69.9407,22.5135],[69.9349,22.5126],[69.9243,22.5046],[69.9129,22.489],[69.9096,22.4671],[69.914,22.4563],[69.9043,22.4632],[69.9037,22.4679],[69.9004,22.4679],[69.8835,22.4579],[69.8785,22.4499],[69.8701,22.4465],[69.8604,22.4468],[69.8418,22.456],[69.8363,22.454],[69.8432,22.4949],[69.8343,22.5007],[69.8415,22.4929],[69.836,22.4579],[69.8363,22.4743],[69.834,22.4746],[69.8326,22.451],[69.8285,22.4515],[69.8276,22.4582],[69.8213,22.4521],[69.8051,22.4587],[69.7971,22.4571],[69.8051,22.4576],[69.8282,22.4468],[69.829,22.4429],[69.8226,22.4351],[69.824,22.431],[69.8196,22.4229],[69.8174,22.4235],[69.8176,22.4182],[69.8068,22.4046],[69.7999,22.4043],[69.7976,22.3999],[69.7962,22.4038],[69.7882,22.4057],[69.7893,22.4088],[69.786,22.4076],[69.7815,22.4118],[69.7649,22.4451],[69.6692,22.5847],[69.8923,22.668],[70.3515,22.8982],[70.417,22.9672],[70.4351,22.9618]]]]}},{"type":"Feature","properties":{"District":"SURAT","STATE":"GUJARAT"},"geometry":{"type":"MultiPolygon","coordinates":[[[[72.4082,21.4283],[72.6478,21.4298],[72.686,21.445],[72.6801,21.4338],[72.6649,21.4274],[72.651,21.4063],[72.6254,21.3815],[72.6232,21.3651],[72.6312,21.3651],[72.6354,21.3743],[72.6396,21.376],[72.6488,21.3743],[72.6485,21.3654],[72.6435,21.3585],[72.6479,21.3724],[72.639,21.3743],[72.636,21.3715],[72.6354,21.3624],[72.6235,21.3549],[72.6226,21.346],[72.6096,21.3321],[72.6088,21.3263],[72.5957,21.316],[72.589,21.2985],[72.5888,21.2846],[72.5985,21.2799],[72.5893,21.2824],[72.5874,21.2757],[72.6049,21.2774],[72.5965,21.2718],[72.5987,21.269],[72.5971,21.2501],[72.6096,21.2299],[72.6135,21.2288],[72.6221,21.2335],[72.6465,21.2196],[72.6532,21.2268],[72.6524,21.2201],[72.6468,21.2174],[72.6393,21.2171],[72.6304,21.2243],[72.6185,21.2226],[72.6201,21.2129],[72.624,21.2121],[72.6185,21.206],[72.6199,21.166],[72.6176,21.1635],[72.6207,21.1621],[72.6212,21.1418],[72.6251,21.1396],[72.6226,21.1346],[72.626,21.1279],[72.6235,21.1199],[72.6274,21.1199],[72.6229,21.1132],[72.6268,21.1024],[72.6246,21.0918],[72.6343,21.0821],[72.6268,21.0765],[72.6401,21.081],[72.6526,21.0782],[72.6546,21.0854],[72.659,21.0879],[72.6565,21.0993],[72.6607,21.1079],[72.6579,21.1201],[72.6612,21.1254],[72.6618,21.1476],[72.6671,21.1554],[72.6813,21.1585],[72.7207,21.1432],[72.7076,21.1304],[72.7054,21.1074],[72.7001,21.101],[72.7043,21.0749],[72.7315,21.0701],[72.751,21.0621],[72.7676,21.0685],[72.7704,21.0663],[72.7685,21.0588],[72.7635,21.0582],[72.7607,21.0518],[72.7357,21.0474],[72.7265,21.0535],[72.2936,20.7838],[72.4082,21.3671],[72.4082,21.4283]]]]}},{"type":"Feature","properties":{"District":"BHARUCH","STATE":"GUJARAT"},"geometry":{"type":"MultiPolygon","coordinates":[[[[72.8485,22.2824],[72.8529,22.2813],[72.8596,22.2524],[72.8668,22.2426],[72.8835,22.2424],[72.9007,22.249],[72.9093,22.2588],[72.9121,22.2751],[72.9151,22.2782],[72.9196,22.2696],[72.9196,22.2607],[72.9104,22.2432],[72.901,22.2329],[72.8863,22.2307],[72.8779,22.2238],[72.8629,22.226],[72.8493,22.236],[72.8262,22.2407],[72.8174,22.2479],[72.8087,22.246],[72.7929,22.2293],[72.7774,22.199],[72.7576,22.174],[72.7424,22.1746],[72.7149,22.1851],[72.7001,22.1843],[72.6876,22.1949],[72.6474,22.2171],[72.6149,22.2176],[72.6001,22.2129],[72.5821,22.201],[72.5687,22.1876],[72.5474,22.1499],[72.5263,22.0768],[72.5182,22.0296],[72.5079,21.9974],[72.5024,21.9551],[72.5024,21.9351],[72.5062,21.9215],[72.5049,21.9096],[72.5076,21.8979],[72.5168,21.8893],[72.5146,21.886],[72.516,21.8749],[72.5185,21.874],[72.5176,21.8574],[72.5254,21.8579],[72.5232,21.8496],[72.5346,21.8474],[72.5699,21.8243],[72.5657,21.8215],[72.5674,21.8176],[72.5521,21.7924],[72.5476,21.7674],[72.5429,21.7615],[72.544,21.7485],[72.5404,21.7357],[72.5321,21.7313],[72.5218,21.7162],[72.5215,21.7065],[72.5179,21.7146],[72.5188,21.7021],[72.5074,21.7013],[72.5079,21.6987],[72.5204,21.7001],[72.5232,21.696],[72.5218,21.6915],[72.5087,21.6926],[72.5082,21.6899],[72.5218,21.6899],[72.524,21.6801],[72.5324,21.6751],[72.5376,21.6643],[72.5474,21.6585],[72.5599,21.6607],[72.5618,21.6585],[72.5654,21.6646],[72.6004,21.6815],[72.656,21.6771],[72.6696,21.6832],[72.6813,21.6796],[72.6985,21.6815],[72.7112,21.6785],[72.7363,21.6896],[72.7451,21.6871],[72.7524,21.6757],[72.7618,21.6693],[72.7799,21.6632],[72.7982,21.6615],[72.8324,21.6732],[72.8351,21.6674],[72.809,21.6518],[72.7874,21.6451],[72.7521,21.6501],[72.7474,21.6424],[72.7232,21.6388],[72.7154,21.641],[72.7054,21.6518],[72.701,21.6518],[72.6924,21.6407],[72.6751,21.629],[72.6579,21.6276],[72.6479,21.6171],[72.6351,21.6204],[72.6282,21.6168],[72.6207,21.5963],[72.6057,21.5788],[72.6043,21.5699],[72.6107,21.5621],[72.6093,21.5521],[72.6032,21.5596],[72.5974,21.5524],[72.6012,21.5543],[72.5982,21.5443],[72.601,21.5424],[72.6032,21.5499],[72.6051,21.5368],[72.6076,21.5426],[72.6104,21.5421],[72.6085,21.5293],[72.6207,21.5304],[72.6121,21.524],[72.6199,21.5151],[72.6212,21.5065],[72.6265,21.5054],[72.6237,21.4963],[72.6257,21.4924],[72.6371,21.496],[72.6549,21.5246],[72.6832,21.5429],[72.6912,21.5349],[72.706,21.5321],[72.7371,21.5404],[72.7401,21.5499],[72.7332,21.5521],[72.7349,21.5562],[72.7424,21.5501],[72.7418,21.5435],[72.7368,21.5382],[72.7057,21.5279],[72.6857,21.5282],[72.6746,21.5213],[72.671,21.5149],[72.6821,21.5176],[72.6804,21.5143],[72.6712,21.5118],[72.6649,21.4779],[72.6521,21.4654],[72.6563,21.4649],[72.6524,21.4621],[72.6499,21.4482],[72.6432,21.4396],[72.6457,21.4338],[72.6693,21.4471],[72.6799,21.4476],[72.6901,21.4632],[72.6954,21.4663],[72.6862,21.4451],[72.6478,21.4298],[72.4082,21.4283],[72.4082,21.718],[72.425,22.0455],[72.4421,22.0988],[72.4592,22.135],[72.5297,22.1978],[72.5868,22.2301],[72.6363,22.2416],[72.7593,22.2315],[72.8104,22.2651],[72.8485,22.2824]]]]}},{"type":"Feature","properties":{"District":"ANAND","STATE":"GUJARAT"},"geometry":{"type":"MultiPolygon","coordinates":[[[[72.4421,22.0988],[72.4159,22.1302],[72.3977,22.2043],[72.3999,22.1993],[72.4054,22.2138],[72.4112,22.2157],[72.4115,22.2271],[72.4165,22.2274],[72.4126,22.254],[72.4165,22.2796],[72.414,22.2971],[72.3832,22.2999],[72.3763,22.3054],[72.3724,22.3165],[72.379,22.336],[72.3893,22.344],[72.3985,22.3457],[72.4043,22.3524],[72.3824,22.3754],[72.361,22.3715],[72.3624,22.3763],[72.3762,22.3851],[72.3938,22.3826],[72.399,22.3687],[72.4124,22.3585],[72.4121,22.3499],[72.4054,22.3335],[72.389,22.3154],[72.3887,22.3104],[72.3974,22.3071],[72.406,22.3101],[72.4351,22.3013],[72.4704,22.2435],[72.4707,22.2388],[72.4824,22.2407],[72.4929,22.2482],[72.4924,22.2388],[72.4776,22.2351],[72.4926,22.2371],[72.4912,22.2301],[72.4788,22.2285],[72.4851,22.2226],[72.4743,22.2007],[72.4876,22.1974],[72.4915,22.2074],[72.504,22.2204],[72.5057,22.229],[72.524,22.2449],[72.5254,22.2685],[72.5326,22.2771],[72.5426,22.281],[72.5535,22.281],[72.5537,22.2782],[72.5374,22.2738],[72.5349,22.2604],[72.541,22.2571],[72.5335,22.2527],[72.5338,22.2501],[72.5376,22.2504],[72.5332,22.2463],[72.5418,22.2488],[72.5413,22.2432],[72.5574,22.2593],[72.5615,22.2576],[72.5599,22.246],[72.5707,22.2579],[72.5713,22.2546],[72.5746,22.2554],[72.596,22.2735],[72.6085,22.2793],[72.6354,22.2846],[72.6563,22.279],[72.6588,22.2688],[72.691,22.2377],[72.6363,22.2416],[72.5868,22.2301],[72.5297,22.1978],[72.4592,22.135],[72.4421,22.0988]]]]}},{"type":"Feature","properties":{"District":"MAHE","STATE":"PUDUCHERRY"},"geometry":{"type":"MultiPolygon","coordinates":[[[[75.3174,11.9521],[75.3153,11.949],[75.3051,11.9491],[75.2959,11.9438],[74.9079,11.6634],[74.8759,11.6922],[74.8416,11.7309],[75.2148,11.9938],[75.2307,12.0243],[75.251,12.0063],[75.2893,11.9543],[75.296,11.9479],[75.2999,11.9479],[75.3049,11.9518],[75.2913,11.9671],[75.2832,11.9851],[75.2721,11.9982],[75.2632,12.0035],[75.2646,12.0193],[75.271,12.0296],[75.274,12.026],[75.2862,12.0238],[75.2838,12.0276],[75.2865,12.0299],[75.2915,12.0274],[75.2913,12.0196],[75.296,12.0176],[75.2937,12.0229],[75.2976,12.0265],[75.2918,12.0315],[75.3015,12.0246],[75.3001,12.0326],[75.3037,12.034],[75.3085,12.0493],[75.3121,12.0479],[75.3082,12.0463],[75.3071,12.0343],[75.3157,12.0476],[75.3215,12.0474],[75.329,12.0379],[75.3343,12.0476],[75.339,12.0485],[75.3346,12.0465],[75.3337,12.0407],[75.3282,12.036],[75.3213,12.0457],[75.3162,12.0463],[75.3121,12.0412],[75.3118,12.0326],[75.3012,12.0285],[75.3057,12.0193],[75.2993,12.0168],[75.3232,12.0115],[75.3321,12.0135],[75.3332,12.0101],[75.3293,12.009],[75.3288,12.0124],[75.326,12.0096],[75.3154,12.011],[75.316,12.004],[75.3085,12.0024],[75.3079,12.006],[75.3024,12.0071],[75.2987,12.0035],[75.2954,12.0101],[75.2921,12.0049],[75.2851,12.0188],[75.2793,12.0218],[75.2682,12.0235],[75.2663,12.0182],[75.266,12.006],[75.2785,11.9946],[75.2729,12.0065],[75.279,12.0021],[75.2821,11.9932],[75.2904,11.9868],[75.2893,11.9829],[75.3068,11.9532],[75.3135,11.9496],[75.3154,11.9518],[75.3143,11.9568],[75.3065,11.9632],[75.3079,11.9663],[75.3043,11.9713],[75.3096,11.9699],[75.3174,11.9521]]]]}},{"type":"Feature","properties":{"District":"THANJAVUR","STATE":"TAMIL NADU"},"geometry":{"type":"MultiPolygon","coordinates":[[[[79.4865,10.3354],[79.4841,10.3342],[79.4891,10.3199],[79.52,10.3165],[79.5199,10.3119],[79.5138,10.3048],[79.8072,10.0091],[79.6754,9.8773],[79.6056,9.8158],[79.2542,10.128],[79.2301,10.1319],[79.2288,10.1351],[79.2301,10.1499],[79.2399,10.1543],[79.241,10.1632],[79.2379,10.1693],[79.2424,10.1829],[79.2601,10.1932],[79.2813,10.2137],[79.2801,10.2207],[79.2704,10.2249],[79.2679,10.2324],[79.2949,10.2607],[79.3018,10.2651],[79.3085,10.2643],[79.316,10.2749],[79.3304,10.284],[79.3474,10.2868],[79.3476,10.296],[79.351,10.286],[79.366,10.2921],[79.3585,10.3021],[79.3696,10.2949],[79.3821,10.3154],[79.3857,10.3168],[79.4371,10.3157],[79.5068,10.3085],[79.5124,10.309],[79.5182,10.3151],[79.4568,10.3207],[79.4582,10.3271],[79.4788,10.324],[79.4865,10.3263],[79.4807,10.334],[79.4688,10.3357],[79.4665,10.339],[79.459,10.3351],[79.4551,10.3363],[79.456,10.3421],[79.4576,10.3379],[79.4679,10.3401],[79.4715,10.3365],[79.4865,10.3354]]]]}},{"type":"Feature","properties":{"District":"THIRUVARUR","STATE":"TAMIL NADU"},"geometry":{"type":"MultiPolygon","coordinates":[[[[79.6365,10.3182],[79.6407,10.304],[79.6694,10.304],[79.7003,10.2975],[79.7386,10.282],[79.7411,10.2678],[79.9404,10.0715],[79.8072,10.0091],[79.5138,10.3048],[79.5199,10.3119],[79.52,10.3165],[79.4924,10.3182],[79.4881,10.3216],[79.4841,10.3342],[79.4865,10.3354],[79.4893,10.3293],[79.4949,10.3307],[79.4943,10.3276],[79.4874,10.3279],[79.496,10.3187],[79.4938,10.3224],[79.496,10.3276],[79.4951,10.3215],[79.5037,10.3215],[79.5054,10.329],[79.5021,10.3299],[79.5018,10.3338],[79.5082,10.3385],[79.5124,10.3376],[79.5143,10.3338],[79.5104,10.3299],[79.5174,10.3274],[79.5274,10.3304],[79.5285,10.3246],[79.524,10.3279],[79.5224,10.3252],[79.509,10.3279],[79.5071,10.3251],[79.5257,10.3185],[79.5435,10.3243],[79.5343,10.3357],[79.5437,10.3382],[79.5401,10.3385],[79.5382,10.3471],[79.5426,10.339],[79.5424,10.346],[79.5451,10.3479],[79.5762,10.3407],[79.5871,10.3435],[79.5901,10.3393],[79.5865,10.3279],[79.5599,10.3326],[79.5532,10.329],[79.5496,10.3168],[79.5371,10.3121],[79.5276,10.3168],[79.5232,10.3079],[79.5504,10.301],[79.674,10.281],[79.7271,10.274],[79.7396,10.2785],[79.7154,10.2838],[79.7138,10.2868],[79.7085,10.2868],[79.7087,10.2832],[79.6818,10.2901],[79.6801,10.2924],[79.6907,10.2921],[79.6735,10.3015],[79.6663,10.2954],[79.6637,10.2968],[79.6687,10.3018],[79.6626,10.2982],[79.6657,10.2912],[79.6624,10.289],[79.6563,10.2924],[79.5885,10.3021],[79.5876,10.3049],[79.5824,10.3029],[79.5554,10.3085],[79.5507,10.3135],[79.5765,10.3088],[79.5851,10.3115],[79.5968,10.3088],[79.6135,10.3174],[79.6221,10.334],[79.6207,10.3407],[79.6165,10.3382],[79.6104,10.3415],[79.6204,10.3438],[79.6251,10.3515],[79.624,10.3588],[79.6299,10.3632],[79.6274,10.3454],[79.6312,10.336],[79.6351,10.3354],[79.6365,10.3182]]]]}},{"type":"Feature","properties":{"District":"WEST GODAVARI","STATE":"ANDHRA PRADESH"},"geometry":{"type":"MultiPolygon","coordinates":[[[[81.5914,15.8824],[81.561,16.3457],[81.6451,16.3346],[81.684,16.3329],[81.709,16.3213],[81.7686,15.8633],[81.7273,15.8612],[81.6686,15.865],[81.5914,15.8824]]]]}},{"type":"Feature","properties":{"District":"ERNAKULAM","STATE":"KERALA"},"geometry":{"type":"MultiPolygon","coordinates":[[[[76.2149,10.0969],[76.2171,10.0891],[76.2035,10.1379],[76.2065,10.1471],[76.2127,10.1393],[76.2075,10.1351],[76.2113,10.1357],[76.2215,10.1249],[76.2217,10.1163],[76.2263,10.1093],[76.2235,10.1089],[76.2237,10.1049],[76.2185,10.1155],[76.2159,10.1127],[76.2271,10.0947],[76.2291,10.0947],[76.2271,10.1025],[76.2333,10.0953],[76.2291,10.0963],[76.2393,10.0751],[76.2427,10.0763],[76.2313,10.1097],[76.2355,10.1083],[76.2349,10.1113],[76.2293,10.1137],[76.2281,10.1193],[76.2305,10.1138],[76.2389,10.1121],[76.2435,10.1049],[76.2421,10.1027],[76.2487,10.0983],[76.2477,10.0953],[76.2527,10.0919],[76.2529,10.0837],[76.2577,10.0857],[76.2591,10.0913],[76.2661,10.0761],[76.2651,10.0729],[76.2577,10.0848],[76.2613,10.0705],[76.2669,10.0719],[76.2671,10.0677],[76.2601,10.0643],[76.2575,10.0685],[76.2569,10.0613],[76.2617,10.0577],[76.2583,10.0555],[76.2605,10.0477],[76.2571,10.0463],[76.2521,10.0519],[76.2569,10.0535],[76.2585,10.0511],[76.2575,10.0549],[76.2527,10.0561],[76.2513,10.0521],[76.2449,10.0707],[76.2413,10.0725],[76.2543,10.0393],[76.2551,10.0477],[76.2557,10.0427],[76.2591,10.0433],[76.2663,10.0373],[76.2643,10.0337],[76.2619,10.0391],[76.2571,10.0391],[76.2499,10.0293],[76.2683,9.9829],[76.2577,10.0233],[76.2603,10.0343],[76.2635,10.0309],[76.2675,10.0317],[76.2765,9.9973],[76.2701,9.9895],[76.2845,9.9571],[76.3035,9.9257],[76.3005,9.9375],[76.3041,9.9363],[76.3053,9.9463],[76.3107,9.9497],[76.3111,9.9457],[76.3057,9.9435],[76.3043,9.9343],[76.3179,9.9029],[76.3171,9.8943],[76.3215,9.8921],[76.3187,9.8887],[76.3335,9.8829],[76.3357,9.8855],[76.3329,9.8957],[76.3357,9.8961],[76.3351,9.8887],[76.3433,9.8851],[76.3393,9.8997],[76.3411,9.9033],[76.3361,9.9035],[76.3327,9.9141],[76.3239,9.9143],[76.3359,9.9157],[76.3369,9.9197],[76.3401,9.9197],[76.3441,9.9163],[76.3443,9.9107],[76.3517,9.9123],[76.3561,9.9083],[76.3775,9.8649],[76.3797,9.8535],[76.3717,9.8493],[76.3715,9.8423],[76.3771,9.8431],[76.3771,9.8459],[76.3847,9.8443],[76.3799,9.8405],[76.3863,9.8407],[76.3871,9.8337],[76.3825,9.8341],[76.3829,9.8297],[76.3951,9.8181],[76.3819,9.8273],[76.3835,9.8195],[76.3899,9.8205],[76.3903,9.8169],[76.3803,9.8049],[76.3769,9.7945],[76.3743,9.7941],[76.3741,9.7983],[76.3679,9.7911],[76.3741,9.7785],[76.3741,9.7713],[76.3869,9.7585],[76.3909,9.7421],[76.3885,9.7191],[76.3831,9.7027],[76.3963,9.7019],[76.4007,9.6965],[76.4079,9.6999],[76.4143,9.6955],[76.4129,9.6827],[76.4051,9.6729],[76.4043,9.6667],[76.4191,9.6585],[76.4047,9.6647],[76.4029,9.6473],[76.4179,9.6423],[76.4213,9.6505],[76.4195,9.6419],[76.4211,9.6451],[76.4255,9.6413],[76.4199,9.6413],[76.4173,9.6351],[76.4301,9.6113],[76.4167,9.5721],[76.4179,9.5597],[76.4635,9.5437],[76.4665,9.5593],[76.4671,9.5423],[76.4805,9.5383],[76.4871,9.5423],[76.4915,9.5359],[76.5021,9.5309],[76.4807,9.5291],[76.4805,9.5119],[76.4791,9.5287],[76.4429,9.5277],[76.4427,9.5115],[76.4385,9.5143],[76.4377,9.5205],[76.4351,9.5185],[76.4341,9.5273],[76.3833,9.5261],[76.3825,9.5065],[76.3827,9.5161],[76.3747,9.5227],[76.3577,9.5249],[76.3543,9.5309],[76.3595,9.5749],[76.3677,9.5831],[76.3641,9.5971],[76.3673,9.6111],[76.3811,9.6327],[76.3823,9.6521],[76.3913,9.6593],[76.3931,9.6743],[76.3987,9.6743],[76.3933,9.6789],[76.3843,9.6791],[76.3811,9.6835],[76.3715,9.6855],[76.3609,9.7005],[76.3665,9.7119],[76.3667,9.7285],[76.3721,9.7385],[76.3677,9.7613],[76.3691,9.7725],[76.3599,9.7989],[76.3671,9.8111],[76.3649,9.8151],[76.3697,9.8147],[76.3707,9.8201],[76.3675,9.8229],[76.3599,9.8207],[76.3491,9.8279],[76.3407,9.8399],[76.3369,9.8655],[76.3313,9.8725],[76.3207,9.8711],[76.3187,9.8439],[76.3229,9.8363],[76.3225,9.8285],[76.3285,9.8243],[76.3299,9.8291],[76.3363,9.8093],[76.3299,9.8057],[76.3303,9.8019],[76.3375,9.7863],[76.3367,9.7693],[76.3467,9.7505],[76.3461,9.7343],[76.3499,9.7249],[76.3471,9.7121],[76.3415,9.7315],[76.3406,9.762],[76.3359,9.7661],[76.3349,9.7799],[76.3275,9.7883],[76.3257,9.8057],[76.3221,9.8077],[76.3217,9.8343],[76.3171,9.8449],[76.3193,9.8763],[76.2957,9.8899],[76.2967,9.8605],[76.3029,9.8539],[76.2991,9.8515],[76.3029,9.8475],[76.2997,9.8437],[76.2993,9.8497],[76.2907,9.8493],[76.2939,9.8379],[76.2847,9.8327],[76.2835,9.8505],[76.2971,9.8529],[76.2859,9.8969],[76.2877,9.8985],[76.2857,9.9007],[76.2821,9.8987],[76.2797,9.8879],[76.2785,9.8941],[76.2759,9.8941],[76.2809,9.8719],[76.2771,9.8695],[76.2741,9.8743],[76.2749,9.8679],[76.2697,9.8663],[76.2589,9.8985],[76.2575,9.9157],[76.2653,9.8971],[76.2701,9.9013],[76.2663,9.9123],[76.2727,9.8999],[76.2865,9.9023],[76.2859,9.9089],[76.2921,9.9085],[76.2935,9.9019],[76.2893,9.9063],[76.2905,9.8987],[76.2965,9.8929],[76.2957,9.9169],[76.2929,9.9213],[76.2809,9.9243],[76.2663,9.9337],[76.2625,9.9413],[76.2599,9.9623],[76.2533,9.9697],[76.2391,9.9671],[76.2373,9.9579],[76.2549,9.9041],[76.2705,9.8243],[75.8185,9.7535],[75.8009,9.8371],[75.7579,9.9421],[75.7427,9.9991],[75.7299,10.0649],[75.7231,10.0827],[76.1639,10.1847],[76.1647,10.1875],[76.1913,10.1949],[76.1923,10.1913],[76.1805,10.1875],[76.1773,10.1827],[76.1801,10.1729],[76.194,10.163],[76.2013,10.1493],[76.2021,10.1405],[76.1935,10.1624],[76.1801,10.1713],[76.1761,10.1833],[76.1687,10.1821],[76.1667,10.1715],[76.1827,10.1291],[76.2243,9.9771],[76.2303,9.9731],[76.2451,9.9727],[76.2377,9.9963],[76.2407,10.0025],[76.2353,10.0101],[76.2371,10.0161],[76.2305,10.0169],[76.2389,10.0229],[76.2335,10.0297],[76.2393,10.0255],[76.2389,10.0305],[76.2351,10.0335],[76.2337,10.0305],[76.2317,10.0353],[76.2319,10.0475],[76.2267,10.0487],[76.2201,10.0563],[76.2201,10.0601],[76.2227,10.0597],[76.2201,10.0685],[76.2235,10.0661],[76.2255,10.0541],[76.2301,10.0599],[76.2213,10.0843],[76.2185,10.0847],[76.2179,10.0815],[76.2209,10.0737],[76.2131,10.0835],[76.2157,10.0902],[76.2147,10.0929],[76.2107,10.0911],[76.2085,10.1033],[76.2119,10.1041],[76.2149,10.0969]],[[76.2343,10.0341],[76.2349,10.0339],[76.2349,10.0367],[76.2341,10.0365],[76.2335,10.0363],[76.2337,10.0353],[76.2341,10.0349],[76.2343,10.0341]]]]}},{"type":"Feature","properties":{"District":"KOZHIKODE","STATE":"KERALA"},"geometry":{"type":"MultiPolygon","coordinates":[[[[75.5863,11.5857],[75.5901,11.5737],[75.5945,11.5713],[75.5925,11.5671],[75.6003,11.5447],[75.5907,11.5687],[75.5899,11.5635],[75.6179,11.4891],[75.6179,11.4771],[75.6275,11.4725],[75.6343,11.4617],[75.6457,11.4679],[75.6553,11.4661],[75.6653,11.4613],[75.6755,11.4501],[75.6817,11.4493],[75.7013,11.4193],[75.7323,11.3541],[75.7355,11.3539],[75.7373,11.3477],[75.7341,11.3351],[75.7375,11.3241],[75.7475,11.3191],[75.8021,11.1627],[75.8089,11.1663],[75.8141,11.1793],[75.8201,11.1821],[75.8291,11.1807],[75.8215,11.1777],[75.8127,11.1627],[75.8129,11.1597],[75.8185,11.1619],[75.8213,11.1573],[75.8251,11.1621],[75.8285,11.1585],[75.8223,11.1561],[75.8161,11.1599],[75.8101,11.1573],[75.8091,11.1627],[75.8065,11.1627],[75.8019,11.1599],[75.8031,11.1563],[75.8161,11.1463],[75.8249,11.1255],[75.8453,11.1437],[75.8513,11.1441],[75.8583,11.1385],[75.8607,11.1301],[75.8579,11.1313],[75.8579,11.1369],[75.8479,11.1425],[75.8265,11.1193],[75.3855,10.9701],[75.3263,11.1287],[75.2799,11.1745],[75.2441,11.2211],[75.2287,11.2461],[75.1647,11.3749],[75.1333,11.4643],[75.5301,11.7015],[75.5529,11.6599],[75.5891,11.5687],[75.5863,11.5857]]]]}},{"type":"Feature","properties":{"District":"SINDHUDURG","STATE":"MAHARASHTRA"},"geometry":{"type":"MultiPolygon","coordinates":[[[[73.4225,16.2843],[73.4149,16.2833],[73.4111,16.2735],[73.4273,16.2141],[73.4267,16.2043],[73.4309,16.1989],[73.4357,16.2023],[73.4435,16.2115],[73.4473,16.2247],[73.4429,16.2065],[73.4493,16.2115],[73.4475,16.2057],[73.4395,16.2051],[73.4391,16.2015],[73.4443,16.2025],[73.4449,16.1989],[73.4357,16.2011],[73.4573,16.1213],[73.4625,16.0865],[73.4579,16.0859],[73.4573,16.0807],[73.4635,16.0791],[73.4675,16.0713],[73.4635,16.0705],[73.4621,16.0637],[73.4551,16.0631],[73.4553,16.0549],[73.4663,16.0543],[73.4685,16.0465],[73.4771,16.0441],[73.4827,16.0371],[73.4909,16.0117],[73.4891,15.9879],[73.4999,15.9697],[73.5059,15.9685],[73.5063,15.9613],[73.5017,15.9555],[73.5101,15.9373],[73.5221,15.9385],[73.5323,15.9331],[73.5371,15.9377],[73.5671,15.9187],[73.5687,15.9127],[73.5859,15.9093],[73.5905,15.9125],[73.5907,15.9095],[73.5879,15.9097],[73.5913,15.9005],[73.5955,15.8975],[73.5991,15.8865],[73.6027,15.8853],[73.6131,15.8547],[73.6191,15.8525],[73.6177,15.8569],[73.6215,15.8587],[73.6293,15.8465],[73.6389,15.8205],[73.6365,15.8157],[73.6503,15.8027],[73.6527,15.7941],[73.6601,15.8029],[73.6545,15.7877],[73.6633,15.7577],[73.6691,15.7581],[73.6745,15.7533],[73.6667,15.7567],[73.6585,15.7481],[73.6485,15.7457],[73.6531,15.7459],[73.6559,15.7413],[73.6641,15.7381],[73.6683,15.7313],[73.6799,15.7253],[73.6799,15.7209],[73.2203,15.5893],[73.2069,15.6337],[73.1475,15.6949],[73.1117,15.7417],[73.0563,15.8371],[73.0321,15.8865],[73.0131,15.9423],[72.9741,16.1149],[72.8919,16.3695],[72.8803,16.4271],[72.8765,16.4973],[73.3313,16.5619],[73.3331,16.5579],[73.3263,16.5577],[73.3229,16.5523],[73.3177,16.5563],[73.3193,16.5505],[73.3143,16.5415],[73.3109,16.5413],[73.3127,16.5395],[73.3101,16.5379],[73.3175,16.5305],[73.3163,16.5135],[73.3211,16.5165],[73.3251,16.5137],[73.3317,16.4891],[73.3365,16.4807],[73.3419,16.4777],[73.3423,16.4671],[73.3507,16.4459],[73.3553,16.4463],[73.3647,16.4397],[73.3573,16.4405],[73.3579,16.4241],[73.3609,16.4233],[73.3671,16.4099],[73.3659,16.3975],[73.3801,16.3959],[73.3863,16.4033],[73.3953,16.4007],[73.4055,16.4049],[73.4055,16.3969],[73.4017,16.3901],[73.3965,16.3895],[73.3885,16.3951],[73.3799,16.3885],[73.3775,16.3793],[73.3737,16.3765],[73.3751,16.3863],[73.3713,16.3897],[73.3667,16.3793],[73.3721,16.3735],[73.3681,16.3635],[73.3725,16.3599],[73.3777,16.3623],[73.3837,16.3591],[73.3913,16.3655],[73.3931,16.3591],[73.4063,16.3581],[73.4113,16.3621],[73.4105,16.3585],[73.3973,16.3551],[73.3889,16.3615],[73.3903,16.3465],[73.3857,16.3365],[73.3955,16.3319],[73.3939,16.3147],[73.4003,16.2999],[73.4055,16.2973],[73.4107,16.2783],[73.4109,16.2853],[73.4169,16.2925],[73.4163,16.2869],[73.4225,16.2843]],[[73.4662,15.8959],[73.4662,15.8957],[73.4666,15.8957],[73.4663,15.8959],[73.4662,15.8959]],[[73.4668,15.8956],[73.4668,15.8954],[73.467,15.8954],[73.4669,15.8955],[73.4668,15.8956]],[[73.4671,15.8953],[73.4671,15.8951],[73.4673,15.8951],[73.4671,15.8953]],[[73.4674,15.8951],[73.4674,15.8946],[73.4675,15.8946],[73.4675,15.8949],[73.4674,15.8951]],[[73.4654,15.8947],[73.4654,15.8949],[73.4653,15.8949],[73.4654,15.8947]],[[73.4657,15.8943],[73.4657,15.8943],[73.4657,15.8943],[73.4657,15.8943]],[[73.4674,15.894],[73.4674,15.8937],[73.4675,15.894],[73.4674,15.894]],[[73.4617,15.8899],[73.4618,15.8899],[73.4618,15.8902],[73.4621,15.8902],[73.4621,15.8904],[73.4624,15.8904],[73.4621,15.8905],[73.4617,15.8901],[73.4617,15.8899]],[[73.4626,15.8903],[73.4626,15.8902],[73.4633,15.8902],[73.4627,15.8903],[73.4626,15.8903]],[[73.4635,15.8901],[73.4635,15.8899],[73.4639,15.8899],[73.4635,15.8901],[73.4635,15.8901]],[[73.464,15.8898],[73.464,15.8896],[73.4642,15.8896],[73.4641,15.8897],[73.464,15.8898]],[[73.4643,15.8892],[73.4643,15.8887],[73.4645,15.8888],[73.4643,15.8892]],[[73.4626,15.8887],[73.4626,15.8888],[73.4625,15.8888],[73.4626,15.8887]]]]}},{"type":"Feature","properties":{"District":"JUNAGADH NORTH","STATE":"GUJARAT"},"geometry":{"type":"MultiPolygon","coordinates":[[[[70.0379,21.1831],[70.0321,21.1741],[70.0985,21.1057],[70.1053,21.1055],[70.1323,21.0801],[70.1361,21.0821],[70.1361,21.0857],[70.1447,21.0819],[70.1477,21.0785],[70.1413,21.0821],[70.1381,21.0779],[70.1435,21.0679],[70.2263,20.9991],[70.2361,20.9965],[70.2405,20.9995],[70.2365,20.9961],[70.2381,20.9941],[70.2465,20.9991],[70.2399,20.9927],[70.2579,20.9729],[69.9407,20.6597],[69.7369,20.8311],[69.6777,20.8897],[69.6341,20.9403],[69.9985,21.2079],[70.0285,21.1791],[70.0379,21.1831]]]]}},{"type":"Feature","properties":{"District":"DIU","STATE":"DAMAN AND DIU"},"geometry":{"type":"MultiPolygon","coordinates":[[[[70.9681,20.2526],[70.8929,20.7079],[70.8993,20.6987],[70.9107,20.7019],[70.9141,20.6991],[70.9179,20.7015],[70.9157,20.7049],[70.9177,20.7097],[70.9253,20.7117],[70.9519,20.7039],[70.9703,20.7069],[70.9763,20.7015],[70.9793,20.7061],[70.9977,20.7142],[71.0797,20.2681],[70.9927,20.2537],[70.9681,20.2526]]]]}},{"type":"Feature","properties":{"District":"JUNAGADH SOUTH","STATE":"GUJARAT"},"geometry":{"type":"MultiPolygon","coordinates":[[[[71.0797,20.2681],[70.9975,20.7157],[70.9799,20.7207],[70.9677,20.7285],[70.9631,20.7255],[70.9655,20.7221],[70.9623,20.7221],[70.9627,20.7347],[70.9549,20.7355],[70.9623,20.7415],[70.9717,20.7385],[70.9827,20.7447],[70.9925,20.7455],[70.9989,20.7427],[70.9841,20.7265],[70.9877,20.7221],[70.9941,20.7325],[71.0111,20.7399],[71.0349,20.7393],[71.0457,20.7313],[71.0621,20.7363],[71.0629,20.7339],[71.0777,20.7367],[71.0813,20.7387],[71.0757,20.7461],[71.0861,20.7563],[71.1155,20.7607],[71.1191,20.7549],[71.1249,20.7543],[71.1279,20.7575],[71.1549,20.7595],[71.1569,20.7625],[71.1521,20.7621],[71.1485,20.7657],[71.1557,20.7785],[71.2021,20.7887],[71.2073,20.7935],[71.2051,20.7973],[71.2091,20.8021],[71.2327,20.8043],[71.2389,20.8115],[71.2557,20.8151],[71.4061,20.3875],[71.2793,20.3343],[71.0797,20.2681]]]]}},{"type":"Feature","properties":{"District":"DAMAN","STATE":"DAMAN AND DIU"},"geometry":{"type":"MultiPolygon","coordinates":[[[[72.8215,20.3711],[72.3354,20.4576],[72.3747,20.5381],[72.8601,20.4704],[72.859,20.4646],[72.8543,20.4657],[72.8379,20.4532],[72.8304,20.4404],[72.8282,20.4299],[72.8313,20.4104],[72.8279,20.3876],[72.8215,20.3711]]]]}},{"type":"Feature","properties":{"District":"VALSAD NORTH","STATE":"GUJARAT"},"geometry":{"type":"MultiPolygon","coordinates":[[[[72.8601,20.4704],[72.3747,20.5381],[72.4075,20.5958],[72.4371,20.6598],[72.8515,20.7415],[72.8746,20.6535],[72.8821,20.6421],[72.886,20.6449],[72.8865,20.6362],[72.8924,20.6332],[72.8863,20.631],[72.8976,20.5871],[72.8962,20.5682],[72.8851,20.5463],[72.8863,20.5376],[72.8918,20.5313],[72.886,20.5296],[72.8879,20.519],[72.8848,20.4999],[72.8724,20.494],[72.8676,20.4885],[72.8601,20.4704]]]]}}]}