{"type":"FeatureCollection","source":"https://incois.gov.in/geoserver/PFZ_Automation/ows?service=WFS&version=1.0.0&request=GetFeature&typeName=PFZ_Automation%3Apfzlines&outputFormat=application%2Fjson&srsName=EPSG%3A4326","generatedAt":"2026-09-27T13:30:37.967Z","features":[{"type":"Feature","geometry":{"type":"MultiLineString","coordinates":[[[80.21699,10.67125],[80.2179,10.67135],[80.21881,10.67142],[80.21971,10.67146],[80.22061,10.67147],[80.2215,10.67146],[80.22238,10.67142],[80.22326,10.67135],[80.22412,10.67125],[80.22461,10.67119],[80.22509,10.6711],[80.22558,10.67101],[80.22607,10.6709],[80.22657,10.67077],[80.22706,10.67064],[80.22757,10.67048],[80.22807,10.67032],[80.22858,10.67014],[80.2291,10.66994],[80.22961,10.66973],[80.23014,10.66951],[80.23066,10.66927],[80.23119,10.66902],[80.23173,10.66875],[80.23227,10.66847],[80.23281,10.66817],[80.23335,10.66787],[80.2339,10.66754],[80.23445,10.66721],[80.23502,10.66685],[80.23559,10.66649],[80.23616,10.6661],[80.23675,10.6657],[80.23734,10.66528],[80.23794,10.66485],[80.23856,10.6644],[80.23919,10.66392],[80.23984,10.66343],[80.24121,10.66234],[80.24218,10.66157],[80.24258,10.66122],[80.24298,10.66086],[80.24337,10.66049],[80.24376,10.66011],[80.24414,10.65971],[80.24452,10.65929],[80.24489,10.65886],[80.24526,10.65842],[80.24562,10.65796],[80.24598,10.65749],[80.24633,10.657],[80.24668,10.6565],[80.24703,10.65598],[80.24738,10.65544],[80.24772,10.65488],[80.24804,10.65434],[80.24834,10.65382],[80.24864,10.65328],[80.24894,10.65273],[80.24924,10.65215],[80.24954,10.65156],[80.25,10.65062],[80.25059,10.64937],[80.25117,10.64809],[80.25177,10.64674],[80.2532,10.64343],[80.2539,10.64184],[80.25434,10.64084],[80.2548,10.63982],[80.25529,10.63879],[80.25575,10.63783],[80.25621,10.63692],[80.25671,10.63596],[80.25727,10.63496],[80.25782,10.63402],[80.2581,10.63357],[80.25838,10.63312],[80.25866,10.63269],[80.25895,10.63227],[80.25923,10.63186],[80.25952,10.63146],[80.25981,10.63107],[80.26011,10.63069],[80.2604,10.63032],[80.2607,10.62996],[80.26101,10.62961],[80.26135,10.62923],[80.26169,10.62886],[80.26205,10.62848],[80.26242,10.62811],[80.2628,10.62774],[80.2632,10.62737],[80.2636,10.627],[80.26401,10.62663],[80.26444,10.62627],[80.26488,10.6259],[80.26533,10.62553],[80.26579,10.62516],[80.26627,10.62479],[80.26676,10.62442],[80.26727,10.62405],[80.26823,10.62337],[80.26913,10.62275],[80.2701,10.62211],[80.27113,10.62144],[80.27215,10.6208],[80.27315,10.62018],[80.27474,10.61922],[80.27799,10.61725],[80.2793,10.61645],[80.28053,10.61568],[80.28172,10.6149],[80.28289,10.61412],[80.28398,10.61336],[80.28474,10.61281],[80.28523,10.61244],[80.28573,10.61206],[80.28623,10.61166],[80.28671,10.61127],[80.28718,10.61087],[80.28764,10.61048],[80.28808,10.61008],[80.28851,10.60969],[80.28892,10.60929],[80.28932,10.60889],[80.28971,10.60849],[80.29008,10.60808],[80.29045,10.60768],[80.2908,10.60727],[80.29114,10.60686],[80.29147,10.60645],[80.29179,10.60603],[80.29215,10.60552],[80.29256,10.60492],[80.29296,10.60429],[80.29335,10.60363],[80.29373,10.60295],[80.2941,10.60223],[80.29447,10.60149],[80.29483,10.60071],[80.29518,10.5999],[80.29554,10.59903],[80.29589,10.59812],[80.29625,10.59714],[80.29661,10.59614],[80.29697,10.59509],[80.29753,10.59337],[80.29854,10.59024],[80.29914,10.58844],[80.29948,10.58747],[80.2998,10.58657],[80.30012,10.58573],[80.30044,10.58493],[80.30083,10.58397],[80.30123,10.58307],[80.30164,10.58221],[80.30206,10.58139],[80.30248,10.58061],[80.30292,10.57986],[80.30337,10.57914],[80.30384,10.57846],[80.30412,10.57806],[80.30442,10.57766],[80.30474,10.57726],[80.30508,10.57686],[80.30543,10.57645],[80.30581,10.57603],[80.30621,10.57561],[80.30663,10.57517],[80.30737,10.57443],[80.30823,10.57362],[80.30906,10.57285],[80.31112,10.57097],[80.31217,10.56998],[80.3127,10.56947],[80.31319,10.56898],[80.31364,10.56851],[80.31407,10.56806],[80.31452,10.56756],[80.31494,10.56706],[80.31533,10.56658],[80.3157,10.56609],[80.31604,10.56561],[80.31636,10.56513],[80.31665,10.56466],[80.31692,10.56418],[80.31722,10.5636],[80.3175,10.563],[80.31776,10.56238],[80.318,10.56173],[80.31822,10.56106],[80.31843,10.56035],[80.31862,10.55961],[80.31879,10.55883],[80.31893,10.55811],[80.31907,10.55735],[80.31919,10.55654],[80.31931,10.55567],[80.31941,10.55486],[80.31951,10.55395],[80.31978,10.55131],[80.31993,10.5499],[80.32005,10.54888],[80.32014,10.54818],[80.32023,10.54752],[80.32032,10.54689],[80.32043,10.54623],[80.32057,10.54552],[80.32071,10.54485],[80.32086,10.5442],[80.32102,10.54358],[80.3212,10.54298],[80.32138,10.54241],[80.32158,10.54185],[80.32182,10.54121],[80.32211,10.5405],[80.32241,10.53978],[80.32271,10.53907],[80.32303,10.53836],[80.32335,10.53766],[80.32367,10.53696],[80.32401,10.53626],[80.32435,10.53557],[80.32471,10.53487],[80.32507,10.53419],[80.32544,10.5335],[80.32581,10.53282],[80.3262,10.53214],[80.32659,10.53146],[80.32699,10.53079],[80.3274,10.53012],[80.32782,10.52946],[80.32824,10.52879],[80.32868,10.52813],[80.32912,10.52748],[80.32957,10.52682],[80.33002,10.52617],[80.33049,10.52553],[80.33096,10.52488],[80.33144,10.52424],[80.33193,10.52361],[80.33243,10.52297],[80.33294,10.52234],[80.33345,10.52171],[80.33397,10.52109],[80.3345,10.52047],[80.33477,10.52016]]]},"properties":{"Julian_day":"270","Year":2026,"UID":"2026270001","Length":22.2909664281}},{"type":"Feature","geometry":{"type":"MultiLineString","coordinates":[[[80.22769,11.14001],[80.22682,11.13866],[80.22597,11.1373],[80.22513,11.13594],[80.22432,11.13457],[80.22353,11.13321],[80.22276,11.13183],[80.22201,11.13046],[80.22128,11.12908],[80.22057,11.12769],[80.21987,11.12631],[80.21921,11.12491],[80.21856,11.12352],[80.21793,11.12212],[80.21732,11.12072],[80.21673,11.11931],[80.21616,11.1179],[80.21561,11.11648],[80.21509,11.11507],[80.21458,11.11364],[80.21409,11.11222],[80.21363,11.11079],[80.21318,11.10935],[80.21276,11.10791],[80.21235,11.10647],[80.21197,11.10503],[80.2116,11.10358],[80.21126,11.10212],[80.21094,11.10067],[80.21063,11.09921],[80.21035,11.09774],[80.21009,11.09627],[80.20985,11.0948],[80.20967,11.09365],[80.20951,11.09251],[80.20936,11.09137],[80.20922,11.09022],[80.20909,11.08908],[80.20897,11.08794],[80.20886,11.0868],[80.20876,11.08566],[80.20868,11.08453],[80.2086,11.0834],[80.20854,11.08227],[80.20849,11.08115],[80.20845,11.08004],[80.20842,11.07893],[80.2084,11.07783],[80.2084,11.07673],[80.2084,11.07564],[80.20842,11.07456],[80.20845,11.07348],[80.20849,11.07242],[80.20854,11.07136],[80.2086,11.07031],[80.20868,11.06926],[80.20876,11.06823],[80.20886,11.0672],[80.20897,11.06619],[80.20909,11.06518],[80.20922,11.06418],[80.20936,11.0632],[80.20951,11.06222],[80.20967,11.06125],[80.20985,11.0603],[80.21002,11.05946],[80.21021,11.05862],[80.21043,11.05777],[80.21068,11.0569],[80.21095,11.05602],[80.21124,11.05512],[80.21157,11.05419],[80.21193,11.05324],[80.2123,11.05229],[80.21271,11.05129],[80.21316,11.05026],[80.21365,11.04916],[80.21413,11.04809],[80.21468,11.04692],[80.21634,11.04344],[80.21725,11.04153],[80.2179,11.04014],[80.21833,11.03917],[80.21874,11.03825],[80.21911,11.03737],[80.2195,11.03642],[80.2199,11.0354],[80.22027,11.03442],[80.2206,11.03346],[80.2209,11.03252],[80.22118,11.0316],[80.22143,11.03069],[80.22165,11.0298],[80.22212,11.02763],[80.22269,11.02494],[80.22306,11.02317],[80.22328,11.02204],[80.22348,11.02096],[80.22366,11.01992],[80.22384,11.0189],[80.224,11.01789],[80.22415,11.01691],[80.22428,11.01596],[80.2244,11.01502],[80.22451,11.01411],[80.22461,11.01321],[80.22469,11.01234],[80.22476,11.01146],[80.22482,11.0106],[80.22486,11.00974],[80.22489,11.00891],[80.22491,11.00809],[80.22491,11.00728],[80.2249,11.00649],[80.22487,11.00571],[80.22484,11.00495],[80.22479,11.0042],[80.22472,11.00346],[80.22464,11.00273],[80.22455,11.00202],[80.22445,11.00132],[80.22433,11.00063],[80.2242,10.99995],[80.22408,10.99941],[80.22397,10.99898],[80.22385,10.99856],[80.22373,10.99813],[80.22358,10.99771],[80.22343,10.99728],[80.22327,10.99685],[80.22309,10.99642],[80.2229,10.99599],[80.2227,10.99555],[80.22248,10.99511],[80.22225,10.99467],[80.22201,10.99423],[80.22176,10.99378],[80.22149,10.99333],[80.22121,10.99287],[80.22092,10.99242],[80.22062,10.99196],[80.2203,10.9915],[80.21997,10.99104],[80.21963,10.99056],[80.21927,10.99007],[80.21869,10.98932],[80.21789,10.98832],[80.21704,10.98729],[80.21613,10.98621],[80.2138,10.98351],[80.21265,10.98216],[80.21193,10.9813],[80.2112,10.98042],[80.21048,10.9795],[80.20981,10.97863],[80.20919,10.9778],[80.20873,10.97714],[80.20839,10.97664],[80.20807,10.97615],[80.20776,10.97566],[80.20747,10.97518],[80.20719,10.97471],[80.20693,10.97423],[80.20668,10.97377],[80.20644,10.9733],[80.20622,10.97284],[80.20601,10.97238],[80.20581,10.97192],[80.20563,10.97146],[80.20546,10.97101],[80.2053,10.97056],[80.20516,10.9701],[80.20501,10.96961],[80.20487,10.96905],[80.20473,10.96849],[80.20461,10.9679],[80.20449,10.9673],[80.20439,10.96668],[80.20429,10.96604],[80.20421,10.96537],[80.20413,10.9647],[80.20407,10.96402],[80.20401,10.9633],[80.20396,10.96254],[80.20389,10.96138],[80.20382,10.95969],[80.2037,10.9567],[80.20363,10.95537],[80.20355,10.95409],[80.20346,10.95314],[80.20339,10.95244],[80.20331,10.95177],[80.20322,10.95113],[80.20313,10.9505],[80.20302,10.9499],[80.2029,10.94931],[80.20278,10.94874],[80.20261,10.94805],[80.2024,10.94724],[80.20218,10.94643],[80.20196,10.94562],[80.20172,10.94481],[80.20148,10.94401],[80.20123,10.9432],[80.20097,10.9424],[80.2007,10.9416],[80.20043,10.94081],[80.20014,10.94001],[80.19985,10.93922],[80.19955,10.93843],[80.19924,10.93764],[80.19892,10.93686],[80.1986,10.93608],[80.19826,10.9353],[80.19792,10.93452],[80.19757,10.93374],[80.19721,10.93297],[80.19684,10.93219],[80.19646,10.93143],[80.19608,10.93066],[80.19568,10.92989],[80.19528,10.92913],[80.19487,10.92837],[80.19445,10.92761],[80.19403,10.92685],[80.19359,10.9261],[80.19315,10.92535],[80.1927,10.9246],[80.19224,10.92385],[80.192,10.92348]]]},"properties":{"Julian_day":"270","Year":2026,"UID":"2026270002","Length":25.5682404029}},{"type":"Feature","geometry":{"type":"MultiLineString","coordinates":[[[80.2265,11.39461],[80.22706,11.39403],[80.2276,11.39345],[80.22813,11.39286],[80.22866,11.39228],[80.22917,11.39168],[80.22968,11.39109],[80.23018,11.39049],[80.23066,11.38989],[80.23114,11.38928],[80.23161,11.38867],[80.23207,11.38806],[80.23252,11.38744],[80.23296,11.38682],[80.23339,11.3862],[80.23382,11.38557],[80.23423,11.38494],[80.23463,11.38431],[80.23503,11.38367],[80.23542,11.38303],[80.23579,11.38238],[80.23616,11.38174],[80.23652,11.38109],[80.23687,11.38043],[80.23721,11.37977],[80.23754,11.37911],[80.23786,11.37845],[80.23817,11.37778],[80.23847,11.37711],[80.23877,11.37643],[80.23905,11.37575],[80.23933,11.37507],[80.23959,11.37438],[80.23979,11.37385],[80.23998,11.37332],[80.24016,11.37277],[80.24034,11.37221],[80.24051,11.37164],[80.24067,11.37107],[80.24083,11.37048],[80.24098,11.36988],[80.24112,11.36928],[80.24126,11.36866],[80.24139,11.36803],[80.24152,11.36739],[80.24164,11.36673],[80.24175,11.36606],[80.24186,11.36538],[80.24196,11.36468],[80.24214,11.36334],[80.2423,11.36194],[80.24245,11.36046],[80.24258,11.35887],[80.24269,11.35738],[80.2428,11.35571],[80.24308,11.35073],[80.24321,11.3486],[80.24336,11.34667],[80.24362,11.34341],[80.24373,11.34188],[80.24379,11.34086],[80.24385,11.33981],[80.24388,11.33883],[80.2439,11.3379],[80.2439,11.33694],[80.24387,11.33596],[80.24383,11.33501],[80.24376,11.3341],[80.24367,11.33323],[80.24355,11.33238],[80.24341,11.33155],[80.24329,11.33095],[80.24321,11.33056],[80.24308,11.33006],[80.24291,11.32945],[80.24271,11.32883],[80.24249,11.32821],[80.24223,11.32757],[80.24195,11.32693],[80.24164,11.32626],[80.2413,11.32558],[80.24096,11.32494],[80.24062,11.32433],[80.24025,11.3237],[80.23985,11.32303],[80.23925,11.32206],[80.23838,11.3207],[80.23694,11.31849],[80.23634,11.31754],[80.23578,11.31662],[80.23538,11.31594],[80.2351,11.31545],[80.23483,11.31497],[80.23459,11.3145],[80.23435,11.31405],[80.23413,11.3136],[80.23393,11.31316],[80.23373,11.31273],[80.23335,11.31181],[80.23276,11.31038],[80.2322,11.30892],[80.23165,11.30745],[80.23112,11.30597],[80.23061,11.30447],[80.23011,11.30295],[80.22963,11.30142],[80.22917,11.29987],[80.22873,11.29832],[80.22831,11.29675],[80.22791,11.29517],[80.22753,11.29359],[80.22717,11.29199],[80.22682,11.29039],[80.2265,11.28879],[80.2262,11.28718],[80.22592,11.28556],[80.22566,11.28395],[80.22542,11.28233],[80.2252,11.28071],[80.225,11.27909],[80.22483,11.27747],[80.22467,11.27585],[80.22454,11.27424],[80.22443,11.27263],[80.22434,11.27102],[80.22427,11.26942],[80.22423,11.26782],[80.2242,11.26623],[80.2242,11.26465],[80.22422,11.26307],[80.22426,11.26151],[80.22432,11.25997],[80.2244,11.25843],[80.2245,11.25691],[80.22463,11.2554],[80.22477,11.2539],[80.22494,11.25241],[80.22513,11.25093],[80.22534,11.24947],[80.22556,11.24802],[80.22581,11.24658],[80.22609,11.24516],[80.22638,11.24375],[80.22669,11.24236],[80.22702,11.24098],[80.22737,11.23962],[80.22775,11.23827],[80.22814,11.23695],[80.22855,11.23564],[80.22898,11.23434],[80.22943,11.23306],[80.22991,11.23181],[80.2304,11.23056],[80.23091,11.22934],[80.23144,11.22814],[80.23199,11.22695],[80.23256,11.22579],[80.23314,11.22464],[80.23375,11.22351],[80.23438,11.2224],[80.23502,11.22132],[80.23568,11.22025],[80.23617,11.2195],[80.23648,11.21905],[80.23682,11.21859],[80.2372,11.2181],[80.23759,11.21763],[80.23798,11.21716],[80.23863,11.21642],[80.24005,11.21479],[80.24065,11.21409],[80.2412,11.2134],[80.24159,11.21288],[80.24186,11.2125],[80.24211,11.21213],[80.24234,11.21177],[80.24255,11.21142],[80.24275,11.21107],[80.24293,11.21072],[80.24309,11.21037],[80.24326,11.20997],[80.24344,11.20949],[80.24361,11.209],[80.24377,11.2085],[80.24392,11.20798],[80.24406,11.20746],[80.24418,11.20692],[80.2443,11.20637],[80.2444,11.20581],[80.24448,11.20524],[80.24456,11.20466],[80.24462,11.20407],[80.24467,11.20347],[80.24471,11.20286],[80.24474,11.20225],[80.24475,11.20163],[80.24475,11.201],[80.24474,11.20036],[80.24471,11.19972],[80.24467,11.19908],[80.24462,11.19843],[80.24456,11.19778],[80.24448,11.19713],[80.24439,11.19649],[80.24429,11.19584],[80.24418,11.1952],[80.24405,11.19456],[80.24391,11.19392],[80.24377,11.19329],[80.24361,11.19267],[80.24344,11.19206],[80.24325,11.19146],[80.24303,11.19077],[80.24275,11.18998],[80.24244,11.1892],[80.24211,11.18842],[80.24176,11.18765],[80.24139,11.18689],[80.24099,11.18613],[80.24056,11.18538],[80.24012,11.18464],[80.23965,11.1839],[80.23916,11.18317],[80.23864,11.18245],[80.2381,11.18173],[80.23753,11.18102],[80.23695,11.18031],[80.23634,11.17962],[80.23602,11.17927]]]},"properties":{"Julian_day":"270","Year":2026,"UID":"2026270003","Length":25.4612940663}},{"type":"Feature","geometry":{"type":"MultiLineString","coordinates":[[[80.25625,11.59448],[80.2567,11.59292],[80.25713,11.59136],[80.25754,11.5898],[80.25793,11.58824],[80.25829,11.58669],[80.25863,11.58513],[80.25896,11.58359],[80.25925,11.58204],[80.25953,11.58049],[80.25979,11.57895],[80.26002,11.57741],[80.26023,11.57588],[80.26042,11.57435],[80.26058,11.57281],[80.26073,11.57129],[80.26085,11.56976],[80.26095,11.56824],[80.26103,11.56672],[80.26109,11.5652],[80.26112,11.56368],[80.26113,11.56217],[80.26112,11.56066],[80.26109,11.55915],[80.26104,11.55765],[80.26096,11.55615],[80.26087,11.55465],[80.26075,11.55315],[80.2606,11.55166],[80.26044,11.55017],[80.26025,11.54868],[80.26005,11.54719],[80.25982,11.54571],[80.25968,11.5449],[80.25952,11.54408],[80.25934,11.54325],[80.25914,11.54241],[80.25891,11.54154],[80.25867,11.54066],[80.2584,11.53975],[80.25811,11.53882],[80.25781,11.53789],[80.25748,11.53693],[80.25712,11.53592],[80.25673,11.53485],[80.25634,11.53382],[80.2559,11.53269],[80.25459,11.52934],[80.25388,11.5275],[80.25319,11.5257],[80.25286,11.5248],[80.25256,11.52394],[80.25227,11.52312],[80.25194,11.52213],[80.25164,11.52118],[80.25136,11.52026],[80.2511,11.51936],[80.25087,11.51849],[80.25066,11.51763],[80.25047,11.51679],[80.2503,11.51596],[80.25017,11.51527],[80.25005,11.51457],[80.24994,11.51387],[80.24985,11.51315],[80.24976,11.51242],[80.24968,11.51168],[80.24961,11.51093],[80.24955,11.51017],[80.2495,11.5094],[80.24947,11.50862],[80.24944,11.50782],[80.24942,11.50701],[80.24941,11.50618],[80.24941,11.50534],[80.24942,11.50448],[80.24944,11.5036],[80.24949,11.50214],[80.24956,11.50062],[80.24967,11.49901],[80.2498,11.49728],[80.24992,11.49578],[80.25008,11.49409],[80.25062,11.48854],[80.25081,11.4865],[80.25098,11.4845],[80.25112,11.48269],[80.25124,11.48084],[80.2513,11.47953],[80.25134,11.47868],[80.25136,11.47785],[80.25138,11.47705],[80.25138,11.47626],[80.25138,11.47548],[80.25138,11.47471],[80.25136,11.47396],[80.25133,11.47322],[80.2513,11.47249],[80.25126,11.47178],[80.25121,11.47107],[80.25115,11.47037],[80.25108,11.46969],[80.25101,11.46901],[80.25092,11.46834],[80.25083,11.46768],[80.25073,11.46703],[80.25062,11.46638],[80.2505,11.46575],[80.25037,11.46512],[80.25024,11.46455],[80.25012,11.46403],[80.24999,11.46351],[80.24978,11.46272],[80.24947,11.46166],[80.24912,11.46057],[80.24874,11.45946],[80.24832,11.45832],[80.24786,11.45715],[80.24735,11.45594],[80.24692,11.45494],[80.24645,11.45389],[80.24594,11.45279],[80.24539,11.45162],[80.24434,11.44946],[80.24248,11.44571],[80.24179,11.44433],[80.24113,11.44297],[80.24055,11.44174],[80.23997,11.44047],[80.23943,11.43928],[80.23894,11.43813],[80.23849,11.43703],[80.23808,11.43597],[80.2377,11.43494],[80.23735,11.43393],[80.23702,11.43293],[80.23673,11.43196],[80.23647,11.431],[80.23623,11.43005],[80.23602,11.42911],[80.23574,11.42773],[80.23548,11.42635],[80.23523,11.42496],[80.23501,11.42357],[80.23479,11.42217],[80.2346,11.42077],[80.23443,11.41936],[80.23427,11.41795],[80.23413,11.41653],[80.23401,11.41512],[80.2339,11.41369],[80.23382,11.41226],[80.23375,11.41083],[80.23369,11.40939],[80.23366,11.40795],[80.23364,11.40651]]]},"properties":{"Julian_day":"270","Year":2026,"UID":"2026270004","Length":21.3665650785}},{"type":"Feature","geometry":{"type":"MultiLineString","coordinates":[[[80.4466,12.29048],[80.44655,12.28912],[80.44649,12.28776],[80.44641,12.2864],[80.44632,12.28505],[80.44621,12.2837],[80.4461,12.28235],[80.44597,12.28101],[80.44583,12.27967],[80.44567,12.27833],[80.4455,12.277],[80.44532,12.27567],[80.44513,12.27434],[80.44492,12.27302],[80.4447,12.2717],[80.44447,12.27038],[80.44423,12.26906],[80.44377,12.2667],[80.44334,12.26456],[80.44293,12.26256],[80.44252,12.26067],[80.44212,12.25885],[80.44171,12.2571],[80.4413,12.25541],[80.44089,12.25378],[80.44046,12.25217],[80.44003,12.25061],[80.43959,12.2491],[80.43914,12.24763],[80.43868,12.24619],[80.43821,12.2448],[80.43773,12.24344],[80.43725,12.24212],[80.43674,12.2408],[80.43622,12.23953],[80.43568,12.23828],[80.43514,12.23708],[80.43458,12.2359],[80.43401,12.23476],[80.43343,12.23364],[80.43283,12.23256],[80.43222,12.23152],[80.4316,12.2305],[80.43096,12.22951],[80.43048,12.22879],[80.43015,12.22832],[80.42981,12.22786],[80.42948,12.22741],[80.42914,12.22696],[80.4288,12.22652],[80.42845,12.22609],[80.4281,12.22566],[80.42775,12.22525],[80.42739,12.22484],[80.42703,12.22445],[80.42665,12.22405],[80.42627,12.22367],[80.42586,12.22328],[80.42545,12.2229],[80.42502,12.22253],[80.42458,12.22216],[80.42412,12.22179],[80.42365,12.22143],[80.42317,12.22107],[80.42267,12.22071],[80.42216,12.22036],[80.42163,12.22],[80.42108,12.21965],[80.42051,12.2193],[80.41995,12.21896],[80.41939,12.21864],[80.41881,12.21831],[80.41822,12.21798],[80.4176,12.21765],[80.41696,12.21732],[80.41596,12.21681],[80.4146,12.21615],[80.41319,12.21549],[80.4117,12.21481],[80.40795,12.21313],[80.4061,12.2123],[80.40493,12.21176],[80.40375,12.21121],[80.40254,12.21062],[80.40142,12.21005],[80.40036,12.2095],[80.39955,12.20906],[80.39894,12.20872],[80.39836,12.20838],[80.39779,12.20804],[80.39724,12.2077],[80.3967,12.20736],[80.39618,12.20702],[80.39567,12.20667],[80.39518,12.20632],[80.3947,12.20598],[80.39423,12.20562],[80.39377,12.20527],[80.39333,12.20491],[80.3929,12.20455],[80.39248,12.20418],[80.39208,12.20381],[80.39156,12.20332],[80.39092,12.20268],[80.39029,12.202],[80.38966,12.20129],[80.38903,12.20053],[80.38841,12.19974],[80.38778,12.1989],[80.38714,12.19802],[80.38655,12.19717],[80.38602,12.19637],[80.38547,12.19553],[80.3849,12.19462],[80.38409,12.1933],[80.38299,12.19145],[80.3813,12.18861],[80.38061,12.18746],[80.37995,12.18639],[80.37929,12.18534],[80.37862,12.18432],[80.37797,12.18337],[80.37734,12.18248],[80.3767,12.1816],[80.37603,12.18075],[80.3757,12.18034],[80.37537,12.17994],[80.37504,12.17956],[80.37471,12.17918],[80.37437,12.17882],[80.37404,12.17847],[80.3737,12.17812],[80.37337,12.17779],[80.37303,12.17747],[80.37269,12.17715],[80.37234,12.17685],[80.372,12.17655],[80.37165,12.17626],[80.37069,12.1755],[80.36972,12.17475],[80.36874,12.17402],[80.36774,12.1733],[80.36674,12.1726],[80.36573,12.17191],[80.36471,12.17125],[80.36369,12.1706],[80.36266,12.16998],[80.36163,12.16937],[80.3606,12.16879],[80.35956,12.16823],[80.35852,12.16769],[80.35749,12.16717],[80.35645,12.16667],[80.35542,12.1662],[80.35439,12.16576],[80.35336,12.16534],[80.35234,12.16494],[80.35132,12.16456],[80.35031,12.16421],[80.3493,12.16389],[80.34829,12.16359],[80.34729,12.16331],[80.3463,12.16306],[80.34531,12.16283],[80.34433,12.16263],[80.34336,12.16245],[80.34239,12.1623],[80.34143,12.16217],[80.34047,12.16206],[80.33953,12.16199],[80.3392,12.16197],[80.33886,12.16196],[80.3385,12.16196],[80.33811,12.16197],[80.33736,12.16202],[80.33597,12.16212],[80.33542,12.16216],[80.33486,12.16218],[80.33437,12.16219],[80.33381,12.16218],[80.33343,12.16215],[80.33319,12.16213],[80.33295,12.1621],[80.33272,12.16206],[80.3325,12.16201],[80.33227,12.16196],[80.33203,12.16189],[80.33178,12.16181],[80.33154,12.16173],[80.3313,12.16164],[80.33105,12.16154],[80.33081,12.16143],[80.33044,12.16125],[80.32994,12.16098],[80.32943,12.16068],[80.32892,12.16034],[80.3284,12.15996],[80.32791,12.15958],[80.32742,12.15917],[80.3269,12.15873],[80.32635,12.15823],[80.32589,12.1578],[80.32539,12.15732],[80.32396,12.1559],[80.32321,12.15517],[80.3226,12.15459],[80.32207,12.15407],[80.32155,12.15355],[80.32104,12.15301],[80.32053,12.15247],[80.32003,12.15192],[80.31954,12.15137],[80.31906,12.1508],[80.31859,12.15023],[80.31812,12.14965],[80.31767,12.14906],[80.31722,12.14847],[80.31677,12.14787],[80.31634,12.14726],[80.31592,12.14664],[80.3155,12.14602],[80.31509,12.14538],[80.31469,12.14474],[80.3143,12.1441],[80.31391,12.14344],[80.31354,12.14278],[80.31317,12.14211],[80.31281,12.14143],[80.31245,12.14075],[80.31211,12.14006],[80.31177,12.13936],[80.31145,12.13865],[80.31113,12.13793],[80.31081,12.13721],[80.31051,12.13648],[80.31021,12.13574],[80.30993,12.135],[80.30979,12.13462]]]},"properties":{"Julian_day":"270","Year":2026,"UID":"2026270005","Length":24.646835993}},{"type":"Feature","geometry":{"type":"MultiLineString","coordinates":[[[80.29789,12.07633],[80.29792,12.07572],[80.29794,12.07512],[80.29795,12.07452],[80.29796,12.07392],[80.29795,12.07333],[80.29794,12.07274],[80.29792,12.07215],[80.29789,12.07157],[80.29785,12.07106],[80.29781,12.07056],[80.29775,12.07005],[80.29768,12.06955],[80.29759,12.06905],[80.2975,12.06855],[80.29739,12.06805],[80.29727,12.06755],[80.29714,12.06705],[80.297,12.06655],[80.29684,12.06606],[80.29668,12.06556],[80.2965,12.06507],[80.29631,12.06457],[80.2961,12.06408],[80.29589,12.06359],[80.29566,12.06309],[80.29542,12.0626],[80.29517,12.06211],[80.2949,12.06162],[80.29463,12.06112],[80.29434,12.06063],[80.29404,12.06014],[80.29372,12.05964],[80.2934,12.05915],[80.29306,12.05865],[80.2927,12.05816],[80.29234,12.05766],[80.29196,12.05716],[80.29157,12.05666],[80.29116,12.05616],[80.29074,12.05565],[80.29001,12.05481],[80.28924,12.05396],[80.28843,12.05309],[80.28758,12.05222],[80.28668,12.05133],[80.28573,12.05043],[80.28473,12.0495],[80.28367,12.04855],[80.28276,12.04775],[80.28179,12.04692],[80.28077,12.04605],[80.27966,12.04513],[80.27758,12.04342],[80.27393,12.04047],[80.27192,12.03883],[80.27069,12.03782],[80.2695,12.03681],[80.26833,12.03581],[80.26725,12.03485],[80.26624,12.03394],[80.26526,12.03302],[80.26425,12.03209],[80.26322,12.03115],[80.26218,12.03022],[80.26113,12.02929],[80.26007,12.02836],[80.25899,12.02743],[80.25791,12.02651],[80.25681,12.02559],[80.2557,12.02467],[80.25457,12.02376],[80.25344,12.02285],[80.25229,12.02194],[80.25114,12.02104],[80.24997,12.02014],[80.24879,12.01924],[80.24759,12.01835],[80.24639,12.01746],[80.24517,12.01657],[80.24395,12.01568],[80.24271,12.0148],[80.24146,12.01393],[80.2402,12.01305],[80.23893,12.01218],[80.23765,12.01132],[80.23635,12.01045],[80.23505,12.00959],[80.23374,12.00874],[80.23241,12.00789],[80.23108,12.00704],[80.22973,12.0062],[80.22838,12.00536],[80.22726,12.00468],[80.22636,12.00415],[80.22544,12.00363],[80.22448,12.00311],[80.22349,12.00259],[80.22247,12.00207],[80.2214,12.00155],[80.22029,12.00102],[80.21923,12.00053],[80.21823,12.00008],[80.21717,11.99962],[80.21605,11.99914],[80.21442,11.99845],[80.21213,11.9975],[80.20775,11.99569],[80.20621,11.99504],[80.20482,11.99445],[80.20331,11.99378],[80.2019,11.99314],[80.20057,11.99251],[80.19931,11.9919],[80.1986,11.99153],[80.1979,11.99117],[80.19722,11.99081],[80.19656,11.99045],[80.19591,11.99009],[80.19528,11.98972],[80.19466,11.98935],[80.19405,11.98898],[80.19346,11.98861],[80.19287,11.98824],[80.1923,11.98786],[80.19175,11.98747],[80.1912,11.98709],[80.19066,11.9867],[80.19014,11.9863],[80.18962,11.98591],[80.1884,11.98493],[80.1872,11.98394],[80.18601,11.98293],[80.18483,11.9819],[80.18367,11.98085],[80.18252,11.97979],[80.18138,11.9787],[80.18026,11.97759],[80.17915,11.97647],[80.17806,11.97532],[80.17698,11.97416],[80.17591,11.97298],[80.17485,11.97178],[80.17382,11.97056],[80.17279,11.96932],[80.17178,11.96806]]]},"properties":{"Julian_day":"270","Year":2026,"UID":"2026270006","Length":18.811399345}},{"type":"Feature","geometry":{"type":"MultiLineString","coordinates":[[[80.12538,11.69085],[80.12515,11.69038],[80.12494,11.68992],[80.12476,11.68946],[80.1246,11.68901],[80.12446,11.68857],[80.12435,11.68813],[80.12426,11.68771],[80.12419,11.68728],[80.12416,11.68697],[80.12415,11.68666],[80.12417,11.68635],[80.12422,11.68604],[80.12429,11.68574],[80.12438,11.68545],[80.1245,11.68515],[80.12465,11.68486],[80.12482,11.68457],[80.12502,11.68428],[80.12524,11.684],[80.12549,11.68372],[80.12576,11.68344],[80.12607,11.68316],[80.12639,11.68288],[80.12675,11.6826],[80.12705,11.68238],[80.12738,11.68216],[80.12772,11.68194],[80.12808,11.68171],[80.12846,11.68149],[80.12886,11.68126],[80.12929,11.68103],[80.12974,11.68079],[80.13058,11.68037],[80.13155,11.67991],[80.13252,11.67947],[80.13494,11.67837],[80.13592,11.67791],[80.13655,11.67761],[80.13716,11.6773],[80.13772,11.677],[80.13823,11.67672],[80.13884,11.67635],[80.13959,11.6759],[80.14035,11.67546],[80.14112,11.67503],[80.1419,11.6746],[80.14267,11.67418],[80.14346,11.67377],[80.14425,11.67336],[80.14505,11.67296],[80.14585,11.67257],[80.14665,11.67218],[80.14747,11.6718],[80.14828,11.67143],[80.1491,11.67107],[80.14992,11.67071],[80.15075,11.67037],[80.15158,11.67003],[80.15241,11.6697],[80.15324,11.66937],[80.15408,11.66906],[80.15492,11.66875],[80.15576,11.66846],[80.1566,11.66817],[80.15745,11.66789],[80.15829,11.66762],[80.15914,11.66735],[80.15998,11.6671],[80.16083,11.66685],[80.16168,11.66662],[80.16252,11.66639],[80.16337,11.66618],[80.16422,11.66597],[80.16487,11.66582],[80.16533,11.66572],[80.16581,11.66563],[80.16631,11.66556],[80.16683,11.66549],[80.16737,11.66543],[80.16793,11.66537],[80.16851,11.66533],[80.16934,11.66528],[80.17047,11.66524],[80.17165,11.66522],[80.17443,11.66521],[80.17569,11.6652],[80.17648,11.66518],[80.17726,11.66516],[80.17806,11.66512],[80.17879,11.66507],[80.17948,11.66501],[80.1802,11.66492],[80.18077,11.66484],[80.18113,11.66477],[80.18148,11.66471],[80.18182,11.66463],[80.18215,11.66455],[80.18248,11.66447],[80.18279,11.66437],[80.18309,11.66428],[80.18339,11.66417],[80.18367,11.66406],[80.18395,11.66395],[80.18422,11.66382],[80.18449,11.66369],[80.18474,11.66356],[80.18504,11.66339],[80.18538,11.66316],[80.18572,11.66292],[80.18604,11.66267],[80.18635,11.66239],[80.18665,11.66209],[80.18695,11.66178],[80.18723,11.66145],[80.1875,11.6611],[80.18777,11.66073],[80.18802,11.66034],[80.18827,11.65993],[80.1885,11.6595],[80.18873,11.65904],[80.18896,11.65857],[80.18917,11.65807],[80.18937,11.65759],[80.18954,11.65712],[80.18971,11.65664],[80.18988,11.65613],[80.19004,11.65561],[80.1902,11.65506],[80.19035,11.65448],[80.19051,11.65387],[80.19072,11.653],[80.19099,11.65178],[80.19126,11.65048],[80.1919,11.64722],[80.19222,11.64561],[80.19243,11.6446],[80.19266,11.64357],[80.19291,11.64254],[80.19316,11.64157],[80.19341,11.64067],[80.19363,11.63998],[80.19379,11.63947],[80.19396,11.63899],[80.19414,11.63851],[80.19432,11.63806],[80.1945,11.63761],[80.19469,11.63718],[80.19488,11.63677],[80.19508,11.63637],[80.19529,11.63598],[80.1955,11.6356],[80.19571,11.63524],[80.19594,11.63489],[80.19616,11.63454],[80.1964,11.63422],[80.19664,11.6339],[80.19696,11.6335],[80.19736,11.63302],[80.19777,11.63253],[80.19819,11.63205],[80.19862,11.63157],[80.19906,11.6311],[80.1995,11.63062],[80.19996,11.63015],[80.20042,11.62968],[80.20088,11.62922],[80.20135,11.62876],[80.20183,11.62831],[80.20231,11.62786],[80.2028,11.62742],[80.20329,11.62699],[80.20378,11.62656],[80.20428,11.62613],[80.20479,11.62572],[80.20529,11.62531],[80.2058,11.62491],[80.20631,11.62452],[80.20682,11.62414],[80.20734,11.62376],[80.20785,11.62339],[80.20837,11.62304],[80.20888,11.62269],[80.2094,11.62235],[80.20991,11.62202],[80.21043,11.6217],[80.21095,11.62139],[80.21146,11.62109],[80.21197,11.6208],[80.21258,11.62047],[80.2133,11.62011],[80.21403,11.61976],[80.21478,11.61942],[80.21555,11.61911],[80.21634,11.61881],[80.21715,11.61852],[80.21798,11.61825],[80.21883,11.618],[80.21969,11.61776],[80.22058,11.61753],[80.22149,11.61732],[80.22242,11.61713],[80.22337,11.61695],[80.22435,11.61678],[80.22535,11.61663],[80.22635,11.6165],[80.22734,11.61638],[80.22836,11.61628],[80.2294,11.61619],[80.23047,11.61611],[80.23158,11.61604],[80.23272,11.61598],[80.23391,11.61593],[80.23508,11.61589],[80.23624,11.61587],[80.23747,11.61585],[80.23876,11.61584],[80.24061,11.61584],[80.24318,11.61586],[80.24792,11.6159],[80.249,11.61591],[80.25008,11.61593],[80.25116,11.61596],[80.25223,11.61599],[80.25331,11.61604],[80.25439,11.61609],[80.25547,11.61615],[80.25655,11.61623],[80.25763,11.61631],[80.2587,11.6164],[80.25978,11.6165],[80.26086,11.61661],[80.26194,11.61672],[80.26302,11.61685],[80.2641,11.61698],[80.26517,11.61713],[80.26625,11.61728],[80.26733,11.61744],[80.26841,11.61762],[80.26949,11.6178],[80.27056,11.61798],[80.27164,11.61818],[80.27272,11.61839],[80.2738,11.61861],[80.27488,11.61883],[80.27595,11.61907],[80.27703,11.61931],[80.27811,11.61956],[80.27919,11.61982],[80.28027,11.62009],[80.28134,11.62037],[80.28242,11.62066]]]},"properties":{"Julian_day":"270","Year":2026,"UID":"2026270007","Length":21.4510331797}},{"type":"Feature","geometry":{"type":"MultiLineString","coordinates":[[[80.80448,12.80706],[80.80278,12.80466],[80.80111,12.80225],[80.79947,12.79984],[80.79784,12.79741],[80.79624,12.79498],[80.79466,12.79253],[80.79311,12.79008],[80.79158,12.78761],[80.79007,12.78514],[80.78858,12.78266],[80.78712,12.78017],[80.78567,12.77767],[80.78426,12.77516],[80.78286,12.77264],[80.78149,12.77011],[80.78014,12.76757],[80.77881,12.76502],[80.77751,12.76247],[80.77622,12.7599],[80.77497,12.75732],[80.77373,12.75474],[80.77252,12.75214],[80.77133,12.74954],[80.77016,12.74693],[80.76902,12.7443],[80.76789,12.74167],[80.7668,12.73903],[80.76572,12.73638],[80.76467,12.73372],[80.76364,12.73105],[80.76263,12.72837],[80.76165,12.72568],[80.76136,12.72488],[80.76108,12.72407],[80.7608,12.72323],[80.76052,12.72237],[80.76024,12.72148],[80.75996,12.72056],[80.75968,12.71961],[80.75916,12.71778],[80.75866,12.71597],[80.75816,12.71409],[80.75703,12.70976],[80.75635,12.70717],[80.75586,12.70536],[80.75552,12.70413],[80.75519,12.70298],[80.75486,12.70188],[80.75452,12.70075],[80.75415,12.69957],[80.75377,12.69845],[80.7534,12.69736],[80.75302,12.6963],[80.75264,12.69528],[80.75225,12.69429],[80.75185,12.69332],[80.7513,12.69203],[80.75057,12.69039],[80.74981,12.68875],[80.74902,12.68711],[80.74821,12.68547],[80.74737,12.68383],[80.74651,12.68219],[80.74561,12.68055],[80.74469,12.67891],[80.74375,12.67728],[80.74278,12.67564],[80.74178,12.67401],[80.74075,12.67237],[80.7397,12.67074],[80.73863,12.66911],[80.73752,12.66749],[80.7364,12.66586],[80.73524,12.66424],[80.73407,12.66263],[80.73287,12.66102],[80.73164,12.65941],[80.73039,12.65781],[80.72912,12.65621],[80.72783,12.65463],[80.72651,12.65304],[80.72517,12.65147],[80.72381,12.6499],[80.72243,12.64834],[80.72102,12.64679],[80.7196,12.64525],[80.71816,12.64372],[80.7167,12.6422],[80.71411,12.63956],[80.71236,12.63779],[80.71131,12.63675],[80.71031,12.63577],[80.70935,12.63483],[80.70842,12.63395],[80.70752,12.63312],[80.70663,12.63231],[80.70574,12.63152],[80.70486,12.63076],[80.704,12.63004],[80.70316,12.62935],[80.70232,12.62869],[80.70149,12.62806],[80.70066,12.62746],[80.6998,12.62685],[80.69887,12.62622],[80.69793,12.6256],[80.69698,12.62499],[80.69601,12.62439],[80.69503,12.6238],[80.69404,12.62322],[80.69303,12.62265],[80.69201,12.62209],[80.69098,12.62155],[80.68994,12.62101],[80.68889,12.62049],[80.68783,12.61998],[80.68676,12.61949],[80.68568,12.619],[80.68459,12.61853],[80.6835,12.61808],[80.68239,12.61763],[80.68128,12.6172],[80.68017,12.61679],[80.67905,12.61639],[80.67792,12.616],[80.67679,12.61563],[80.67566,12.61528],[80.67453,12.61494],[80.67339,12.61461],[80.67225,12.61431],[80.67111,12.61401],[80.66997,12.61374],[80.66883,12.61347],[80.66769,12.61323],[80.66656,12.613],[80.66471,12.61266],[80.66292,12.61233],[80.66137,12.61206],[80.65995,12.61183],[80.6586,12.61163],[80.6573,12.61146],[80.65607,12.61132],[80.65489,12.61121],[80.65373,12.61113],[80.65259,12.61108],[80.65204,12.61106],[80.65149,12.61105],[80.65096,12.61105],[80.65043,12.61106],[80.64991,12.61107],[80.6494,12.6111],[80.64889,12.61113],[80.64839,12.61116],[80.6479,12.61121],[80.64742,12.61126],[80.64694,12.61132],[80.64647,12.61139],[80.646,12.61147],[80.64545,12.61157],[80.64489,12.61167],[80.64434,12.61179],[80.64379,12.61191],[80.64324,12.61205],[80.64269,12.61219],[80.64214,12.61233],[80.6416,12.61249],[80.64105,12.61265],[80.64051,12.61282],[80.63996,12.613],[80.63942,12.61319],[80.63888,12.61339],[80.63834,12.61359],[80.63781,12.6138],[80.63727,12.61402],[80.63674,12.61425],[80.6362,12.61448],[80.63567,12.61472],[80.63514,12.61497],[80.63461,12.61523],[80.63408,12.6155],[80.63356,12.61577],[80.63303,12.61606],[80.63251,12.61635],[80.63198,12.61665],[80.63146,12.61695],[80.63094,12.61727],[80.63042,12.61759],[80.6299,12.61792],[80.62939,12.61826],[80.62887,12.6186]]]},"properties":{"Julian_day":"270","Year":2026,"UID":"2026270008","Length":31.5087444736}},{"type":"Feature","geometry":{"type":"MultiLineString","coordinates":[[[68.1936,22.90561],[68.19196,22.9045],[68.19033,22.90338],[68.18873,22.90225],[68.18715,22.90112],[68.18559,22.89998],[68.18405,22.89883],[68.18252,22.89767],[68.18102,22.89651],[68.17954,22.89534],[68.17808,22.89417],[68.17664,22.89298],[68.17522,22.89179],[68.17382,22.89059],[68.17244,22.88939],[68.17108,22.88817],[68.16975,22.88695],[68.16843,22.88573],[68.16713,22.88449],[68.16585,22.88325],[68.16459,22.882],[68.16336,22.88075],[68.16214,22.87948],[68.16094,22.87821],[68.15977,22.87694],[68.15861,22.87565],[68.15747,22.87436],[68.15636,22.87306],[68.15526,22.87175],[68.15419,22.87044],[68.15313,22.86912],[68.1521,22.86779],[68.15109,22.86646],[68.15009,22.86512],[68.14912,22.86377],[68.14817,22.86241],[68.14723,22.86105],[68.14632,22.85968],[68.14543,22.8583],[68.14456,22.85691],[68.1437,22.85552],[68.14287,22.85412],[68.14206,22.85271],[68.14127,22.8513],[68.1405,22.84988],[68.13975,22.84845],[68.13902,22.84702],[68.13831,22.84557],[68.13762,22.84412],[68.13695,22.84267],[68.1363,22.8412],[68.13568,22.83973],[68.13507,22.83825],[68.13448,22.83677],[68.13391,22.83527],[68.13337,22.83377],[68.13284,22.83227],[68.13233,22.83075],[68.13185,22.82923],[68.13138,22.8277],[68.13093,22.82617],[68.13051,22.82462],[68.1301,22.82307],[68.12972,22.82151],[68.12935,22.81995],[68.12896,22.81815],[68.12858,22.81635],[68.12822,22.81457],[68.12789,22.8128],[68.12757,22.81105],[68.12728,22.80931],[68.12701,22.80759],[68.12676,22.80588],[68.12654,22.8042],[68.12634,22.80253],[68.12615,22.80089],[68.126,22.79926],[68.12586,22.79766],[68.12575,22.79608],[68.12566,22.79452],[68.12559,22.79298],[68.12554,22.79147],[68.12552,22.78999],[68.12552,22.78853],[68.12554,22.78709],[68.12559,22.78567],[68.12566,22.78428],[68.12575,22.78292],[68.12586,22.78158],[68.126,22.78026],[68.12615,22.77897],[68.12633,22.7777],[68.12654,22.77646],[68.12676,22.77525],[68.12701,22.77406],[68.12728,22.7729],[68.12757,22.77177],[68.12781,22.77091],[68.12807,22.77005],[68.12834,22.76919],[68.12863,22.76833],[68.12894,22.76746],[68.12927,22.76659],[68.12961,22.76572],[68.12998,22.76485],[68.13035,22.76398],[68.13075,22.7631],[68.13116,22.76222],[68.13159,22.76134],[68.13204,22.76046],[68.13251,22.75958],[68.13299,22.7587],[68.13349,22.75781],[68.134,22.75693],[68.13453,22.75604],[68.13508,22.75515],[68.13565,22.75426],[68.13623,22.75338],[68.13683,22.75249],[68.13744,22.7516],[68.13807,22.75071],[68.13872,22.74982],[68.13938,22.74894],[68.14006,22.74805],[68.14075,22.74717],[68.14146,22.74628],[68.14218,22.7454],[68.14292,22.74452],[68.14367,22.74364],[68.14445,22.74276],[68.14524,22.74188],[68.14604,22.741],[68.14686,22.74012],[68.14769,22.73925],[68.14854,22.73838],[68.1494,22.73751],[68.15027,22.73665],[68.15115,22.73579],[68.15205,22.73494],[68.15296,22.73409],[68.15388,22.73325],[68.15481,22.73242],[68.15575,22.73159],[68.1567,22.73077],[68.15767,22.72995],[68.15864,22.72915],[68.15962,22.72835],[68.16061,22.72755],[68.16161,22.72677],[68.16261,22.726],[68.16362,22.72523],[68.16464,22.72448],[68.16567,22.72374],[68.16669,22.723],[68.16773,22.72228],[68.16876,22.72157],[68.1698,22.72088],[68.17084,22.72019],[68.17188,22.71952],[68.17293,22.71887],[68.17397,22.71823],[68.17451,22.7179],[68.17507,22.71758],[68.17563,22.71727],[68.1762,22.71696],[68.17679,22.71666],[68.17739,22.71636],[68.17799,22.71607],[68.17861,22.71578],[68.17924,22.7155],[68.17989,22.71522],[68.18055,22.71494],[68.18122,22.71467],[68.1819,22.71441],[68.18261,22.71414],[68.18332,22.71388],[68.18406,22.71362],[68.1855,22.71314],[68.18703,22.71266],[68.18864,22.71218],[68.19037,22.71169],[68.19204,22.71124],[68.1939,22.71075],[68.1958,22.71027],[68.20093,22.70899],[68.20247,22.70859],[68.20386,22.70823],[68.20543,22.70781],[68.20689,22.70739],[68.20827,22.70699],[68.20959,22.70658],[68.21038,22.70633],[68.21115,22.70608],[68.2119,22.70582],[68.21263,22.70556],[68.21335,22.7053],[68.21405,22.70504],[68.21474,22.70477],[68.21541,22.7045],[68.21607,22.70422],[68.21672,22.70394],[68.21736,22.70366],[68.21798,22.70337],[68.2186,22.70308],[68.2192,22.70278],[68.21979,22.70247],[68.22037,22.70217],[68.22164,22.70147],[68.22291,22.70076],[68.22418,22.70004],[68.22543,22.6993],[68.22668,22.69855],[68.22792,22.69779],[68.22916,22.69702],[68.23038,22.69623],[68.23161,22.69544],[68.23282,22.69463],[68.23403,22.6938],[68.23523,22.69297],[68.23643,22.69212],[68.23761,22.69126],[68.2388,22.69038],[68.23997,22.6895],[68.24114,22.6886],[68.2423,22.68769],[68.24345,22.68676],[68.2446,22.68583],[68.24574,22.68488],[68.24688,22.68392],[68.248,22.68294],[68.24912,22.68196],[68.25024,22.68096],[68.25134,22.67995],[68.25244,22.67892],[68.25354,22.67789],[68.25463,22.67684],[68.25571,22.67577],[68.25678,22.6747],[68.25785,22.67361]]]},"properties":{"Julian_day":"270","Year":2026,"UID":"2026270009","Length":35.0878231005}},{"type":"Feature","geometry":{"type":"MultiLineString","coordinates":[[[69.84602,20.75767],[69.84546,20.75614],[69.8449,20.75462],[69.84432,20.7531],[69.84374,20.75159],[69.84314,20.75009],[69.84253,20.7486],[69.84192,20.74711],[69.84129,20.74562],[69.84065,20.74415],[69.84001,20.74268],[69.83935,20.74121],[69.83868,20.73976],[69.838,20.73831],[69.83732,20.73686],[69.83662,20.73542],[69.83591,20.73399],[69.83519,20.73257],[69.83446,20.73115],[69.83372,20.72974],[69.83297,20.72833],[69.83221,20.72694],[69.83144,20.72554],[69.83066,20.72416],[69.82987,20.72278],[69.82907,20.72141],[69.82826,20.72004],[69.82744,20.71868],[69.8266,20.71733],[69.82576,20.71598],[69.82491,20.71464],[69.82405,20.71331],[69.82317,20.71198],[69.82268,20.71125],[69.82216,20.7105],[69.82161,20.70975],[69.82105,20.70898],[69.82045,20.7082],[69.81983,20.7074],[69.81918,20.70659],[69.81849,20.70574],[69.81729,20.70431],[69.81593,20.70272],[69.81461,20.70121],[69.81136,20.69752],[69.81007,20.69604],[69.80926,20.69509],[69.80845,20.69414],[69.8077,20.69322],[69.80699,20.69235],[69.80628,20.69145],[69.80557,20.69052],[69.8049,20.68962],[69.80426,20.68873],[69.80365,20.68785],[69.80308,20.68699],[69.80253,20.68613],[69.80201,20.68528],[69.80163,20.68464],[69.80138,20.68419],[69.80113,20.68374],[69.80089,20.68328],[69.80065,20.6828],[69.80041,20.68232],[69.80018,20.68183],[69.79984,20.68107],[69.79939,20.68003],[69.79896,20.67893],[69.79853,20.67779],[69.7981,20.67658],[69.79776,20.67556],[69.79742,20.67448],[69.79707,20.67334],[69.79671,20.67211],[69.7964,20.67102],[69.79575,20.66863],[69.79474,20.66493],[69.79433,20.66343],[69.79392,20.66201],[69.7935,20.66062],[69.79306,20.65924],[69.79263,20.65796],[69.7922,20.65675],[69.79185,20.65585],[69.7916,20.65522],[69.79135,20.65461],[69.79109,20.65402],[69.79083,20.65345],[69.79057,20.65288],[69.7903,20.65234],[69.79003,20.6518],[69.78975,20.65128],[69.78946,20.65077],[69.78918,20.65027],[69.78888,20.64978],[69.78858,20.64931],[69.78827,20.64885],[69.78796,20.6484],[69.78764,20.64796],[69.7873,20.6475],[69.78691,20.64702],[69.78649,20.64655],[69.78606,20.64609],[69.7856,20.64563],[69.78511,20.64518],[69.78461,20.64474],[69.78407,20.6443],[69.78352,20.64387],[69.78293,20.64345],[69.78233,20.64303],[69.78169,20.64261],[69.78103,20.6422],[69.78034,20.64179],[69.77962,20.64139],[69.77887,20.64098],[69.77817,20.64062],[69.77751,20.64029],[69.77682,20.63997],[69.77612,20.63964],[69.77538,20.63931],[69.77462,20.63898],[69.77382,20.63864],[69.77299,20.6383],[69.77183,20.63784],[69.77025,20.63723],[69.7686,20.63661],[69.76484,20.63522],[69.76266,20.63441],[69.76115,20.63384],[69.76014,20.63345],[69.75921,20.63307],[69.75832,20.63271],[69.75742,20.63232],[69.7565,20.63191],[69.75563,20.63151],[69.7548,20.63111],[69.75401,20.63071],[69.75327,20.63031],[69.75255,20.6299],[69.75188,20.6295],[69.75118,20.62906],[69.75065,20.6287],[69.75031,20.62846],[69.74998,20.62822],[69.74966,20.62797],[69.74935,20.62773],[69.74905,20.62748],[69.74875,20.62723],[69.74847,20.62698],[69.7482,20.62672],[69.74794,20.62646],[69.74769,20.62621],[69.74745,20.62594],[69.74722,20.62568],[69.74699,20.62541],[69.74678,20.62515],[69.74658,20.62487],[69.74638,20.6246],[69.7462,20.62432],[69.74602,20.62404],[69.74585,20.62376],[69.74569,20.62348],[69.74555,20.62319],[69.74541,20.6229],[69.74528,20.6226],[69.74515,20.6223],[69.74504,20.622],[69.74494,20.6217],[69.74485,20.62139],[69.74476,20.62108],[69.74469,20.62077],[69.74459,20.62031],[69.74447,20.61969],[69.74437,20.61907],[69.74429,20.61844],[69.74421,20.6178],[69.74415,20.61716],[69.7441,20.61651],[69.74407,20.61585],[69.74405,20.61519],[69.74405,20.61452],[69.74405,20.61384],[69.74407,20.61316],[69.74411,20.61247],[69.74416,20.61178],[69.74422,20.61108],[69.7443,20.61037],[69.74438,20.60966],[69.74449,20.60894],[69.7446,20.60821],[69.74473,20.60748],[69.74488,20.60674],[69.74503,20.60599],[69.74521,20.60524],[69.74539,20.60448],[69.74559,20.60371],[69.7458,20.60294],[69.74602,20.60216],[69.74626,20.60138],[69.74652,20.60059],[69.74678,20.59979],[69.74706,20.59899],[69.74736,20.59818],[69.74751,20.59777]]]},"properties":{"Julian_day":"270","Year":2026,"UID":"2026270010","Length":21.8593397951}},{"type":"Feature","geometry":{"type":"MultiLineString","coordinates":[[[68.81265,22.65856],[68.81392,22.65823],[68.81519,22.65793],[68.81645,22.65764],[68.81771,22.65737],[68.81896,22.65713],[68.8202,22.65691],[68.82143,22.65671],[68.82266,22.65653],[68.82388,22.65637],[68.8251,22.65623],[68.82631,22.65611],[68.82751,22.65602],[68.8287,22.65594],[68.82989,22.65589],[68.83107,22.65586],[68.83225,22.65585],[68.83341,22.65586],[68.83457,22.65589],[68.83573,22.65594],[68.83688,22.65602],[68.83802,22.65611],[68.83915,22.65623],[68.84028,22.65637],[68.8414,22.65653],[68.84251,22.65671],[68.84362,22.65691],[68.84472,22.65713],[68.84582,22.65737],[68.8469,22.65764],[68.84798,22.65793],[68.84906,22.65823],[68.85012,22.65856],[68.85058,22.65872],[68.85104,22.65888],[68.8515,22.65906],[68.85196,22.65926],[68.85242,22.65947],[68.85288,22.65969],[68.85335,22.65993],[68.85381,22.66019],[68.85428,22.66046],[68.85475,22.66074],[68.85523,22.66104],[68.85571,22.66136],[68.85619,22.66169],[68.85668,22.66204],[68.85717,22.66241],[68.85768,22.66279],[68.8585,22.66345],[68.85935,22.66416],[68.86024,22.66493],[68.86118,22.66578],[68.862,22.66654],[68.86291,22.66739],[68.86591,22.67027],[68.86703,22.67133],[68.86813,22.67236],[68.86914,22.67327],[68.86967,22.67374],[68.87019,22.67418],[68.8707,22.67461],[68.87119,22.67501],[68.87168,22.67539],[68.87216,22.67576],[68.87263,22.67611],[68.8731,22.67645],[68.87358,22.67678],[68.87405,22.6771],[68.87452,22.6774],[68.87499,22.67768],[68.87545,22.67795],[68.87592,22.67821],[68.87638,22.67845],[68.87683,22.67867],[68.87729,22.67888],[68.87774,22.67908],[68.8782,22.67927],[68.87865,22.67944],[68.8791,22.67959],[68.87956,22.67973],[68.88001,22.67986],[68.88046,22.67998],[68.88113,22.68013],[68.8818,22.68027],[68.88248,22.68041],[68.88318,22.68053],[68.88388,22.68065],[68.88459,22.68075],[68.88531,22.68085],[68.88603,22.68093],[68.88676,22.68101],[68.8875,22.68108],[68.88824,22.68113],[68.88898,22.68118],[68.88973,22.68121],[68.89048,22.68124],[68.89123,22.68125],[68.89199,22.68126],[68.89274,22.68125],[68.89349,22.68124],[68.89425,22.68121],[68.895,22.68118],[68.89575,22.68113],[68.8965,22.68108],[68.89724,22.68101],[68.89798,22.68093],[68.89871,22.68085],[68.89944,22.68075],[68.90017,22.68065],[68.90088,22.68053],[68.90159,22.68041],[68.90229,22.68027],[68.90298,22.68013],[68.90366,22.67998],[68.90428,22.67982],[68.9049,22.67964],[68.90554,22.67944],[68.90618,22.67921],[68.90683,22.67895],[68.90749,22.67867],[68.90817,22.67836],[68.90887,22.67802],[68.90954,22.67768],[68.91023,22.67731],[68.91096,22.6769],[68.91173,22.67645],[68.91246,22.67602],[68.91327,22.67552],[68.91562,22.67405],[68.91691,22.67326],[68.91784,22.67269],[68.91849,22.67231],[68.9191,22.67195],[68.91969,22.67163],[68.92033,22.67128],[68.92101,22.67093],[68.92167,22.67061],[68.92231,22.67031],[68.92295,22.67004],[68.92357,22.66979],[68.92418,22.66956],[68.92478,22.66936],[68.92562,22.66911],[68.92671,22.6688],[68.92782,22.66852],[68.92895,22.66825],[68.9301,22.66801],[68.93126,22.66778],[68.93244,22.66758],[68.93364,22.66739],[68.93485,22.66723],[68.93608,22.66708],[68.93732,22.66696],[68.93857,22.66685],[68.93984,22.66677],[68.94113,22.66671],[68.94242,22.66667],[68.94372,22.66665],[68.94504,22.66665],[68.94637,22.66667],[68.94771,22.66671],[68.94906,22.66677],[68.95041,22.66686],[68.95177,22.66696],[68.95314,22.66708],[68.95451,22.66723],[68.95588,22.6674],[68.95725,22.66758],[68.95863,22.66779],[68.96,22.66801],[68.96137,22.66826],[68.96274,22.66852],[68.9641,22.66881],[68.96545,22.66911],[68.96651,22.66937],[68.96729,22.66957],[68.96808,22.66981],[68.96889,22.67006],[68.9697,22.67035],[68.97053,22.67065],[68.97138,22.67099],[68.97226,22.67135],[68.97314,22.67174],[68.97404,22.67215],[68.97497,22.67259],[68.97596,22.67308],[68.97695,22.67358],[68.97798,22.67411],[68.97963,22.67498],[68.98259,22.67656],[68.98429,22.67745],[68.98522,22.67792],[68.98608,22.67835],[68.9869,22.67875],[68.98769,22.67912],[68.98865,22.67956],[68.98957,22.67996],[68.99047,22.68033],[68.99134,22.68067],[68.99219,22.68098],[68.99303,22.68127],[68.99386,22.68153],[68.99468,22.68176],[68.99511,22.68188],[68.99556,22.68199],[68.99647,22.68219],[68.99741,22.68237],[68.99838,22.68253],[68.99938,22.68267],[69.00042,22.68278],[69.00151,22.68288],[69.00265,22.68295],[69.00362,22.683],[69.00463,22.68303],[69.0057,22.68306],[69.00685,22.68307],[69.00786,22.68307],[69.01009,22.68305],[69.01355,22.68301],[69.01496,22.683],[69.0163,22.68301],[69.01761,22.68303],[69.01892,22.68308],[69.02015,22.68315],[69.02132,22.68323],[69.02219,22.68332],[69.02281,22.68339],[69.0234,22.68347],[69.02399,22.68355],[69.02456,22.68365],[69.02512,22.68375],[69.02567,22.68386],[69.0262,22.68398],[69.02673,22.6841],[69.02725,22.68424],[69.02775,22.68438],[69.02825,22.68454],[69.02873,22.6847],[69.02921,22.68487],[69.02968,22.68505],[69.03014,22.68523],[69.0309,22.68557],[69.03195,22.68605],[69.03299,22.68656],[69.03402,22.6871],[69.03504,22.68765],[69.03605,22.68823],[69.03704,22.68884],[69.03803,22.68946],[69.03901,22.69011],[69.03998,22.69079],[69.04093,22.69148],[69.04188,22.6922],[69.04281,22.69295],[69.04374,22.69371],[69.04465,22.6945],[69.04555,22.69532],[69.04644,22.69615],[69.04733,22.69701],[69.0482,22.6979],[69.04906,22.6988],[69.04991,22.69973],[69.05075,22.70069],[69.05158,22.70166],[69.05239,22.70266],[69.0532,22.70368],[69.054,22.70473],[69.05478,22.7058],[69.05556,22.70689],[69.05633,22.70801],[69.05708,22.70915],[69.05782,22.71031],[69.05856,22.7115],[69.05892,22.7121]]]},"properties":{"Julian_day":"270","Year":2026,"UID":"2026270011","Length":28.2739749851}},{"type":"Feature","geometry":{"type":"MultiLineString","coordinates":[[[69.25523,22.70675],[69.25669,22.70724],[69.25814,22.70771],[69.25958,22.70817],[69.26101,22.70861],[69.26243,22.70903],[69.26384,22.70944],[69.26524,22.70982],[69.26664,22.7102],[69.26802,22.71055],[69.26939,22.71088],[69.27075,22.7112],[69.2721,22.7115],[69.27344,22.71179],[69.27477,22.71205],[69.27609,22.7123],[69.2774,22.71253],[69.2787,22.71274],[69.27999,22.71294],[69.28127,22.71312],[69.28254,22.71328],[69.2838,22.71343],[69.28505,22.71355],[69.28629,22.71366],[69.28751,22.71375],[69.28873,22.71383],[69.28994,22.71389],[69.29114,22.71393],[69.29233,22.71395],[69.29351,22.71395],[69.29468,22.71394],[69.29584,22.71391],[69.29698,22.71386],[69.29812,22.7138],[69.29925,22.71372],[69.30037,22.71362],[69.30148,22.7135],[69.30257,22.71337],[69.30366,22.71322],[69.30474,22.71305],[69.30581,22.71286],[69.30686,22.71266],[69.30791,22.71244],[69.30895,22.7122],[69.30998,22.71194],[69.31099,22.71167],[69.312,22.71138],[69.313,22.71107],[69.31398,22.71075],[69.31496,22.7104],[69.31593,22.71004],[69.31688,22.70967],[69.31783,22.70927],[69.31876,22.70886],[69.31969,22.70843],[69.32061,22.70798],[69.32151,22.70752],[69.32241,22.70704],[69.32329,22.70654],[69.32417,22.70602],[69.32503,22.70549],[69.32589,22.70494],[69.32673,22.70437],[69.32757,22.70378],[69.32839,22.70318],[69.32885,22.70283],[69.3293,22.70245],[69.32974,22.70206],[69.33018,22.70165],[69.33061,22.70122],[69.33104,22.70077],[69.33146,22.70029],[69.33188,22.6998],[69.3323,22.69929],[69.33271,22.69875],[69.33311,22.69819],[69.33352,22.6976],[69.33392,22.697],[69.33432,22.69636],[69.33472,22.6957],[69.33513,22.69502],[69.33544,22.69445],[69.33577,22.69387],[69.33609,22.69326],[69.33641,22.69263],[69.33674,22.69198],[69.33742,22.69059],[69.33806,22.68921],[69.33868,22.68785],[69.33931,22.68642],[69.34073,22.68315],[69.34157,22.68122],[69.34237,22.67944],[69.34296,22.67817],[69.34334,22.67738],[69.34373,22.67658],[69.34413,22.67578],[69.34452,22.67501],[69.34491,22.67427],[69.3453,22.67357],[69.34569,22.67288],[69.34608,22.67223],[69.34647,22.67159],[69.34686,22.67098],[69.34725,22.67039],[69.34764,22.66981],[69.34804,22.66926],[69.34844,22.66873],[69.34885,22.66822],[69.34926,22.66772],[69.34967,22.66725],[69.35009,22.66679],[69.35051,22.66635],[69.35094,22.66593],[69.35137,22.66552],[69.3518,22.66514],[69.35225,22.66477],[69.3527,22.66441],[69.35315,22.66408],[69.35374,22.66367],[69.35449,22.66317],[69.35526,22.66269],[69.35605,22.66222],[69.35686,22.66176],[69.3577,22.66131],[69.35855,22.66086],[69.35943,22.66043],[69.36033,22.66001],[69.36125,22.6596],[69.36219,22.6592],[69.36315,22.65881],[69.36414,22.65843],[69.36514,22.65806],[69.36617,22.6577],[69.36722,22.65735],[69.36828,22.65702],[69.36937,22.65669],[69.37048,22.65638],[69.37161,22.65607],[69.37276,22.65578],[69.37393,22.65549],[69.37512,22.65522],[69.37632,22.65496],[69.37755,22.65471],[69.37879,22.65447],[69.38005,22.65425],[69.38133,22.65403],[69.38263,22.65383],[69.38394,22.65364],[69.38527,22.65346],[69.38661,22.65329],[69.38752,22.65318],[69.388,22.65314],[69.3885,22.65311],[69.389,22.6531],[69.38953,22.65309],[69.39007,22.6531],[69.39063,22.65312],[69.39121,22.65315],[69.39178,22.65319],[69.39259,22.65326],[69.39379,22.6534],[69.39498,22.65355],[69.39718,22.65385],[69.39849,22.65402],[69.39932,22.65411],[69.40016,22.6542],[69.401,22.65427],[69.4018,22.65431],[69.40254,22.65434],[69.40312,22.65434],[69.40355,22.65433],[69.40396,22.65431],[69.40436,22.65429],[69.40476,22.65425],[69.40514,22.65421],[69.40552,22.65416],[69.40588,22.6541],[69.40624,22.65403],[69.40659,22.65395],[69.40694,22.65386],[69.40727,22.65376],[69.4076,22.65365],[69.40792,22.65354],[69.40824,22.65341],[69.40855,22.65328],[69.40884,22.65314],[69.40911,22.653],[69.40939,22.65284],[69.40967,22.65267],[69.40995,22.65249],[69.41024,22.65229],[69.41053,22.65208],[69.41083,22.65186],[69.41126,22.65151],[69.41186,22.65099],[69.41248,22.65043],[69.41315,22.6498],[69.41429,22.64871],[69.4148,22.64824],[69.4153,22.64779],[69.41581,22.64736],[69.41635,22.64693],[69.41674,22.64664],[69.417,22.64646],[69.41725,22.6463],[69.4175,22.64614],[69.41779,22.64597],[69.41813,22.64578],[69.41848,22.6456],[69.41883,22.64542],[69.41918,22.64525],[69.41954,22.64509],[69.4199,22.64493],[69.42027,22.64478],[69.42065,22.64464],[69.42102,22.6445],[69.42141,22.64437],[69.42179,22.64424],[69.42219,22.64412],[69.42258,22.644],[69.42299,22.6439],[69.4236,22.64375],[69.42444,22.64357],[69.4253,22.64341],[69.42618,22.64328],[69.42708,22.64318],[69.42801,22.64309],[69.42897,22.64304],[69.42995,22.643],[69.43097,22.64299],[69.43182,22.643],[69.43269,22.64302],[69.43358,22.64306],[69.43451,22.64311],[69.43546,22.64318],[69.43644,22.64327],[69.43746,22.64337],[69.43852,22.6435],[69.43944,22.64361],[69.44039,22.64373],[69.44247,22.64403],[69.4445,22.64434],[69.44809,22.64491],[69.45016,22.64523],[69.45145,22.64542],[69.45272,22.6456],[69.454,22.64576],[69.4552,22.6459],[69.45634,22.64602],[69.45779,22.64615],[69.4596,22.64632],[69.46141,22.64651],[69.46321,22.64671],[69.46501,22.64692],[69.46682,22.64715],[69.46862,22.6474],[69.47041,22.64766],[69.47221,22.64793],[69.47401,22.64822],[69.4758,22.64852],[69.47759,22.64884],[69.47939,22.64917],[69.48117,22.64952],[69.48296,22.64988],[69.48475,22.65025],[69.48653,22.65064],[69.48832,22.65105],[69.4901,22.65147],[69.49188,22.6519],[69.49366,22.65235],[69.49543,22.65282],[69.49721,22.65329],[69.49898,22.65379],[69.50075,22.65429],[69.50252,22.65482],[69.50429,22.65535],[69.50606,22.6559],[69.50783,22.65647],[69.50959,22.65705],[69.51135,22.65764],[69.51311,22.65825],[69.51399,22.65856]]]},"properties":{"Julian_day":"270","Year":2026,"UID":"2026270012","Length":30.3288846194}},{"type":"Feature","geometry":{"type":"MultiLineString","coordinates":[[[68.6092,22.56755],[68.61033,22.56701],[68.61145,22.56646],[68.61256,22.56591],[68.61366,22.56536],[68.61474,22.5648],[68.61582,22.56423],[68.61688,22.56366],[68.61793,22.56308],[68.61898,22.5625],[68.62001,22.56192],[68.62103,22.56133],[68.62203,22.56073],[68.62303,22.56013],[68.62402,22.55953],[68.62499,22.55892],[68.62596,22.5583],[68.62691,22.55768],[68.62785,22.55706],[68.62878,22.55643],[68.6297,22.55579],[68.63061,22.55515],[68.63151,22.55451],[68.63239,22.55386],[68.63327,22.5532],[68.63413,22.55254],[68.63498,22.55188],[68.63583,22.55121],[68.63666,22.55053],[68.63748,22.54985],[68.63828,22.54917],[68.63908,22.54848],[68.63987,22.54778],[68.64064,22.54708],[68.64141,22.54638],[68.64216,22.54567],[68.6429,22.54496],[68.64363,22.54424],[68.64435,22.54351],[68.64506,22.54278],[68.64576,22.54205],[68.64645,22.54131],[68.64712,22.54056],[68.64779,22.53982],[68.64844,22.53906],[68.64908,22.5383],[68.64971,22.53754],[68.65033,22.53677],[68.65094,22.53599],[68.65154,22.53522],[68.65212,22.53443],[68.6527,22.53364],[68.65326,22.53285],[68.65382,22.53205],[68.65436,22.53125],[68.65489,22.53044],[68.65541,22.52962],[68.65592,22.5288],[68.65642,22.52798],[68.6569,22.52715],[68.65738,22.52632],[68.65784,22.52548],[68.6583,22.52464],[68.65874,22.52379],[68.65917,22.52293],[68.65937,22.52253],[68.65956,22.52211],[68.65975,22.5217],[68.65992,22.52128],[68.6601,22.52085],[68.66026,22.52042],[68.66042,22.51999],[68.66057,22.51955],[68.66072,22.5191],[68.66086,22.51865],[68.66099,22.5182],[68.66112,22.51774],[68.66124,22.51727],[68.66135,22.5168],[68.66146,22.51633],[68.66156,22.51585],[68.66175,22.51487],[68.66191,22.51387],[68.66204,22.51285],[68.66215,22.5118],[68.66224,22.51073],[68.6623,22.50964],[68.66234,22.50851],[68.66235,22.50736],[68.66234,22.50617],[68.6623,22.50494],[68.66224,22.50368],[68.66215,22.50238],[68.66204,22.50104],[68.6619,22.49966],[68.66173,22.49822],[68.66154,22.49672],[68.66134,22.4953],[68.66112,22.49381],[68.66087,22.49224],[68.66058,22.49056],[68.66031,22.48897],[68.65999,22.4872],[68.65902,22.48199],[68.6585,22.47915],[68.65813,22.47711],[68.65789,22.47569],[68.65767,22.47435],[68.65746,22.47307],[68.65725,22.47171],[68.65705,22.47026],[68.65686,22.46886],[68.6567,22.46751],[68.65656,22.46621],[68.65644,22.46494],[68.65635,22.46371],[68.65627,22.46251],[68.65622,22.46155],[68.65619,22.46083],[68.65617,22.46012],[68.65616,22.45942],[68.65615,22.45872],[68.65616,22.45804],[68.65617,22.45737],[68.65619,22.4567],[68.65622,22.45605],[68.65625,22.4554],[68.65629,22.45476],[68.65634,22.45412],[68.6564,22.4535],[68.65647,22.45288],[68.65654,22.45227],[68.65663,22.45166],[68.65672,22.45107],[68.65682,22.45048],[68.65692,22.44989],[68.65704,22.44932],[68.65716,22.44874],[68.65729,22.44818],[68.65743,22.44762],[68.65758,22.44707],[68.65774,22.44653],[68.6579,22.44599],[68.65807,22.44545],[68.65825,22.44493],[68.65844,22.44441],[68.65864,22.44389],[68.65885,22.44338],[68.65906,22.44288],[68.65933,22.44228],[68.65967,22.44157],[68.66003,22.44086],[68.66043,22.44014],[68.66085,22.43941],[68.6613,22.43866],[68.66179,22.43789],[68.66231,22.43709],[68.66281,22.43636],[68.66329,22.43568],[68.66381,22.43496],[68.66436,22.43421],[68.66517,22.43314],[68.6663,22.43165],[68.66841,22.42892],[68.66912,22.42798],[68.66975,22.42714],[68.6704,22.42624],[68.67099,22.42539],[68.67155,22.42458],[68.67206,22.42379],[68.67258,22.42297],[68.67306,22.42217],[68.6735,22.42139],[68.67391,22.42062],[68.67428,22.41986],[68.67463,22.41912],[68.67495,22.41838],[68.67523,22.41764],[68.67548,22.41696],[68.67572,22.41628],[68.67595,22.41559],[68.67618,22.41491],[68.67639,22.41422],[68.6766,22.41353],[68.6768,22.41283],[68.677,22.41214],[68.67718,22.41144],[68.67736,22.41074],[68.67753,22.41003],[68.67769,22.40933],[68.67784,22.40862],[68.67799,22.40791],[68.67813,22.4072],[68.67825,22.40648],[68.67838,22.40577],[68.67849,22.40505],[68.6786,22.40433],[68.6787,22.4036],[68.67879,22.40288],[68.67887,22.40215],[68.67894,22.40142],[68.67901,22.40068],[68.67907,22.39995],[68.67912,22.39921],[68.67916,22.39847],[68.6792,22.39773],[68.67923,22.39698],[68.67925,22.39623],[68.67926,22.39549],[68.67926,22.39473],[68.67926,22.39398],[68.67925,22.39322],[68.67923,22.39246],[68.6792,22.3917],[68.67916,22.39094],[68.67912,22.39017],[68.67907,22.38941],[68.67901,22.38864],[68.67894,22.38786],[68.67887,22.38709],[68.67879,22.38631],[68.6787,22.38553],[68.6786,22.38475],[68.67849,22.38397],[68.67838,22.38318],[68.67825,22.38239],[68.67813,22.3816],[68.67799,22.38081],[68.67784,22.38001],[68.67769,22.37921],[68.67753,22.37841],[68.67736,22.37761],[68.67718,22.37681],[68.6768,22.37519],[68.67639,22.37356],[68.67595,22.37193],[68.67548,22.37028],[68.67523,22.36946]]]},"properties":{"Julian_day":"270","Year":2026,"UID":"2026270013","Length":24.9409713343}},{"type":"Feature","geometry":{"type":"MultiLineString","coordinates":[[[69.37491,21.61802],[69.37455,21.61685],[69.37421,21.61569],[69.37389,21.61454],[69.3736,21.61339],[69.37333,21.61225],[69.37309,21.61111],[69.37286,21.60999],[69.37267,21.60887],[69.37249,21.60775],[69.37234,21.60665],[69.37221,21.60555],[69.3721,21.60446],[69.37202,21.60337],[69.37196,21.6023],[69.37193,21.60123],[69.37192,21.60016],[69.37193,21.59911],[69.37196,21.59806],[69.37202,21.59702],[69.3721,21.59598],[69.37221,21.59495],[69.37234,21.59393],[69.37249,21.59292],[69.37267,21.59191],[69.37286,21.59091],[69.37309,21.58992],[69.37333,21.58894],[69.3736,21.58796],[69.37389,21.58699],[69.37421,21.58602],[69.37455,21.58507],[69.37491,21.58412],[69.37508,21.5837],[69.37544,21.58287],[69.37584,21.58202],[69.37628,21.58116],[69.37675,21.58029],[69.37726,21.5794],[69.3778,21.5785],[69.37839,21.57758],[69.37901,21.57665],[69.37966,21.57571],[69.38036,21.57474],[69.38111,21.57373],[69.3819,21.57269],[69.38276,21.57159],[69.38371,21.57041],[69.38481,21.56905],[69.38601,21.56759],[69.38679,21.56666],[69.3876,21.56573],[69.38842,21.56481],[69.38927,21.56389],[69.39013,21.56298],[69.39101,21.56207],[69.39192,21.56117],[69.39284,21.56027],[69.39379,21.55938],[69.39475,21.55849],[69.39573,21.55762],[69.39673,21.55674],[69.39774,21.55588],[69.39878,21.55502],[69.39983,21.55416],[69.40091,21.55332],[69.402,21.55248],[69.4031,21.55165],[69.40423,21.55082],[69.40537,21.55],[69.40653,21.5492],[69.4077,21.5484],[69.40889,21.54761],[69.41009,21.54683],[69.4113,21.54605],[69.41254,21.54529],[69.41378,21.54454],[69.41504,21.5438],[69.41631,21.54306],[69.41759,21.54234],[69.41888,21.54164],[69.41999,21.54104],[69.42095,21.54056],[69.42194,21.54009],[69.42297,21.53964],[69.42403,21.5392],[69.42513,21.53876],[69.42629,21.53834],[69.42749,21.53792],[69.42863,21.53754],[69.42969,21.53721],[69.43081,21.53687],[69.432,21.53652],[69.43372,21.53604],[69.43609,21.5354],[69.44039,21.53424],[69.44182,21.53384],[69.4431,21.53348],[69.44441,21.53309],[69.44563,21.53271],[69.44679,21.53234],[69.44789,21.53196],[69.44892,21.53159],[69.44991,21.53121],[69.45087,21.53083],[69.45179,21.53045],[69.45269,21.53005],[69.45356,21.52964],[69.4544,21.52922],[69.45522,21.52879],[69.45596,21.52839],[69.4567,21.52798],[69.45744,21.52756],[69.45819,21.52713],[69.45894,21.52669],[69.45969,21.52624],[69.46119,21.52531],[69.4627,21.52434],[69.46423,21.52334],[69.46576,21.52229],[69.4673,21.52121],[69.46886,21.52008],[69.47042,21.51891],[69.47201,21.5177],[69.4736,21.51644],[69.47522,21.51514],[69.47686,21.5138],[69.47852,21.5124],[69.4802,21.51095],[69.48397,21.50767],[69.48519,21.5066],[69.48628,21.50562],[69.48737,21.50463],[69.48838,21.50369],[69.48933,21.50278],[69.49022,21.5019],[69.49112,21.50098],[69.49197,21.50009],[69.49278,21.4992],[69.49355,21.49833],[69.49428,21.49746],[69.49498,21.4966],[69.49564,21.49574],[69.49627,21.49489],[69.49666,21.49432],[69.49704,21.49372],[69.49742,21.4931],[69.49778,21.49245],[69.49814,21.49177],[69.49849,21.49105],[69.49884,21.49031],[69.49919,21.48952],[69.49946,21.48885],[69.49975,21.48815],[69.50003,21.48741],[69.50033,21.4866],[69.50087,21.48511],[69.50178,21.48249],[69.5023,21.48103],[69.50262,21.48014],[69.50295,21.47928],[69.50328,21.47845],[69.5036,21.47766],[69.50393,21.47692],[69.50426,21.4762],[69.5046,21.47551],[69.50494,21.47485],[69.50529,21.47422],[69.50565,21.47361],[69.50602,21.47303],[69.50639,21.47248],[69.50678,21.47195],[69.50719,21.47142],[69.50763,21.47088],[69.50811,21.47034],[69.50861,21.46981],[69.50914,21.46928],[69.5097,21.46875],[69.51029,21.46822],[69.51092,21.46768],[69.51156,21.46716],[69.5122,21.46665],[69.51289,21.46612],[69.51363,21.46558],[69.51438,21.46504],[69.51516,21.4645],[69.51641,21.46364],[69.51863,21.46213],[69.51988,21.46127],[69.52055,21.4608],[69.52117,21.46035],[69.52175,21.45992],[69.52229,21.45951],[69.52294,21.459],[69.52355,21.45851],[69.52412,21.45802],[69.52467,21.45754],[69.52519,21.45706],[69.52569,21.45658],[69.52616,21.45611],[69.5266,21.45563],[69.52712,21.45505],[69.52764,21.45446],[69.52815,21.45387],[69.52865,21.45328],[69.52915,21.45268],[69.52964,21.45207],[69.53013,21.45146],[69.53061,21.45085],[69.53108,21.45023],[69.53155,21.44961],[69.53201,21.44899],[69.53247,21.44836],[69.53292,21.44772],[69.53336,21.44708],[69.5338,21.44643],[69.53423,21.44579],[69.53466,21.44513],[69.53508,21.44447],[69.53549,21.44381],[69.5359,21.44314],[69.5363,21.44247],[69.5367,21.44179],[69.53709,21.44111],[69.53748,21.44042],[69.53785,21.43973],[69.53823,21.43904],[69.53859,21.43834],[69.53896,21.43763],[69.53931,21.43693],[69.53966,21.43621],[69.54,21.43549],[69.54034,21.43477],[69.54067,21.43404],[69.541,21.43331],[69.54132,21.43258],[69.54163,21.43183],[69.54194,21.43109],[69.54224,21.43034],[69.54283,21.42883],[69.54339,21.42729],[69.54393,21.42574],[69.54445,21.42417],[69.54494,21.42259],[69.54541,21.42098],[69.54585,21.41936],[69.54627,21.41771],[69.54667,21.41605],[69.54704,21.41437],[69.54739,21.41268],[69.54772,21.41096],[69.54802,21.40923]]]},"properties":{"Julian_day":"270","Year":2026,"UID":"2026270014","Length":31.4043941996}},{"type":"Feature","geometry":{"type":"MultiLineString","coordinates":[[[68.56709,22.33841],[68.56721,22.33704],[68.56736,22.33567],[68.56751,22.33431],[68.56768,22.33296],[68.56786,22.3316],[68.56805,22.33026],[68.56825,22.32891],[68.56847,22.32757],[68.5687,22.32623],[68.56894,22.3249],[68.56919,22.32357],[68.56946,22.32225],[68.56974,22.32093],[68.57003,22.31961],[68.57034,22.3183],[68.57066,22.31699],[68.57085,22.31621],[68.57107,22.31543],[68.57129,22.31464],[68.57153,22.31385],[68.57179,22.31306],[68.57206,22.31226],[68.57234,22.31145],[68.57263,22.31064],[68.57294,22.30983],[68.57327,22.309],[68.57361,22.30817],[68.57396,22.30733],[68.57434,22.30649],[68.57472,22.30563],[68.57513,22.30476],[68.57555,22.30387],[68.57594,22.30306],[68.57636,22.30223],[68.57678,22.30139],[68.57723,22.30054],[68.57769,22.29966],[68.57869,22.29784],[68.5797,22.29602],[68.58075,22.29418],[68.58188,22.29225],[68.58465,22.28755],[68.58599,22.28526],[68.58683,22.2838],[68.58768,22.28231],[68.58854,22.28078],[68.58934,22.27933],[68.59008,22.27794],[68.59086,22.27644],[68.59127,22.27563],[68.59166,22.27483],[68.59204,22.27405],[68.59241,22.27328],[68.59276,22.27251],[68.5931,22.27176],[68.59343,22.27101],[68.59375,22.27027],[68.59405,22.26953],[68.59435,22.2688],[68.59463,22.26808],[68.5949,22.26736],[68.59516,22.26665],[68.5954,22.26594],[68.59564,22.26524],[68.59585,22.26458],[68.59606,22.26391],[68.59625,22.26323],[68.59644,22.26254],[68.59663,22.26184],[68.59681,22.26113],[68.59698,22.2604],[68.59714,22.25967],[68.5973,22.25892],[68.59745,22.25816],[68.5976,22.25738],[68.59774,22.25659],[68.59787,22.25578],[68.598,22.25495],[68.59813,22.25411],[68.59825,22.25324],[68.59843,22.25177],[68.59861,22.25023],[68.59877,22.2486],[68.59893,22.24685],[68.59906,22.24528],[68.5992,22.24354],[68.59962,22.23757],[68.5998,22.23527],[68.59999,22.23295],[68.60018,22.23088],[68.60031,22.22972],[68.60043,22.22861],[68.60056,22.22753],[68.6007,22.2265],[68.60085,22.22549],[68.601,22.22451],[68.60116,22.22356],[68.60133,22.22263],[68.60154,22.22155],[68.60176,22.2205],[68.602,22.21948],[68.60225,22.21849],[68.60251,22.21752],[68.60278,22.21657],[68.60307,22.21564],[68.60337,22.21473],[68.60369,22.21384],[68.60403,22.21297],[68.60437,22.21212],[68.60474,22.21129],[68.60512,22.21047],[68.60551,22.20968],[68.60592,22.2089],[68.60635,22.20813],[68.60677,22.20742],[68.60722,22.2067],[68.6077,22.20598],[68.60821,22.20526],[68.60875,22.20453],[68.60932,22.20379],[68.60993,22.20303],[68.61057,22.20227],[68.61124,22.2015],[68.61195,22.20072],[68.61271,22.1999],[68.61353,22.19903],[68.61434,22.19821],[68.61525,22.19729],[68.61797,22.19459],[68.61947,22.19309],[68.62055,22.192],[68.62129,22.19123],[68.62198,22.1905],[68.62262,22.1898],[68.62331,22.18903],[68.62402,22.18821],[68.6247,22.1874],[68.62533,22.18661],[68.62593,22.18583],[68.62649,22.18506],[68.62702,22.18429],[68.62752,22.18353],[68.62847,22.182],[68.62965,22.18006],[68.63067,22.17833],[68.6316,22.17672],[68.63246,22.17518],[68.63287,22.17443],[68.63326,22.1737],[68.63363,22.17298],[68.63399,22.17227],[68.63434,22.17157],[68.63467,22.17088],[68.63499,22.1702],[68.6353,22.16951],[68.6356,22.16883],[68.63589,22.16816],[68.63616,22.16749],[68.63642,22.16683],[68.63667,22.16618],[68.6369,22.16554],[68.63713,22.1649],[68.63734,22.16426],[68.63753,22.16363],[68.63772,22.163],[68.63789,22.16238],[68.63806,22.16177],[68.63821,22.16116],[68.63834,22.16055],[68.63847,22.15995],[68.63862,22.15919],[68.63875,22.15844],[68.63888,22.15769],[68.639,22.15695],[68.63911,22.1562],[68.63921,22.15546],[68.6393,22.15472],[68.63938,22.15399],[68.63945,22.15326],[68.63951,22.15253],[68.63957,22.15182],[68.63961,22.1511],[68.63964,22.1504],[68.63967,22.1497],[68.63968,22.14901],[68.63969,22.14832],[68.63968,22.14765],[68.63967,22.14698],[68.63964,22.14632],[68.63961,22.14567],[68.63957,22.14502],[68.63952,22.14439],[68.63945,22.14376],[68.63938,22.14314],[68.6393,22.14253],[68.63921,22.14193],[68.63911,22.14134],[68.639,22.14076],[68.63888,22.14019],[68.63875,22.13963],[68.63862,22.13907],[68.63847,22.13853],[68.63831,22.138],[68.63813,22.13747],[68.63792,22.13693],[68.63769,22.13639],[68.63743,22.13584],[68.63714,22.13529],[68.63683,22.13472],[68.63649,22.13414],[68.63615,22.13358],[68.63578,22.13301],[68.63538,22.13241],[68.63494,22.13178],[68.63451,22.13118],[68.63402,22.13052],[68.63257,22.12858],[68.63178,22.12752],[68.63122,22.12676],[68.63084,22.12622],[68.63048,22.12571],[68.63016,22.12522],[68.62981,22.12469],[68.62946,22.12412],[68.62913,22.12357],[68.62883,22.12303],[68.62856,22.1225],[68.6283,22.12197],[68.62807,22.12145],[68.62786,22.12094],[68.62662,22.11764],[68.62602,22.116],[68.62545,22.1144],[68.6252,22.11365],[68.62497,22.11294],[68.62474,22.1122],[68.62453,22.1115],[68.62433,22.11082],[68.62415,22.11016],[68.62399,22.10953],[68.62385,22.10892],[68.62372,22.10833],[68.62361,22.10776],[68.62352,22.10718],[68.62344,22.10663],[68.62338,22.1061],[68.62333,22.10559],[68.62331,22.1051],[68.6233,22.10463],[68.62331,22.10418],[68.62333,22.10376],[68.62338,22.10335],[68.62344,22.10296],[68.62352,22.10259],[68.62362,22.10225],[68.62374,22.10192],[68.62387,22.10161],[68.62402,22.10132],[68.62419,22.10105],[68.62433,22.10087],[68.62449,22.10069],[68.62466,22.10051],[68.62485,22.10035],[68.62505,22.10019],[68.62526,22.10005],[68.62549,22.09991],[68.62574,22.09977],[68.626,22.09965],[68.62628,22.09953],[68.62657,22.09942],[68.62688,22.09932],[68.62721,22.09923],[68.62756,22.09914],[68.62792,22.09906],[68.6283,22.09898],[68.62896,22.09888],[68.62967,22.09879],[68.63044,22.09871],[68.6313,22.09865],[68.63207,22.0986],[68.63295,22.09856],[68.63546,22.09848],[68.63678,22.09844],[68.63803,22.09838],[68.63893,22.09832],[68.63949,22.09827],[68.64006,22.09822],[68.64065,22.09815],[68.64121,22.09807],[68.64174,22.09799],[68.64224,22.09789],[68.64272,22.09779],[68.64318,22.09768],[68.64361,22.09755],[68.64441,22.09729],[68.64559,22.09688],[68.64676,22.09644],[68.64795,22.09598],[68.64913,22.09548],[68.65032,22.09496],[68.6515,22.0944],[68.65269,22.09382],[68.65388,22.09322],[68.65507,22.09258],[68.65625,22.09192],[68.65743,22.09124],[68.65861,22.09052],[68.65978,22.08979],[68.66095,22.08902],[68.66212,22.08824],[68.66327,22.08743],[68.66442,22.08659],[68.66557,22.08574],[68.6667,22.08486],[68.66782,22.08396],[68.66892,22.08305],[68.67002,22.08211],[68.6711,22.08116],[68.67216,22.08019],[68.67321,22.0792],[68.67424,22.07821],[68.67524,22.07719],[68.67623,22.07617],[68.6772,22.07513],[68.67814,22.07409],[68.67906,22.07303],[68.6799,22.07204],[68.68067,22.0711],[68.68142,22.07015],[68.68216,22.06919],[68.68288,22.06822],[68.68359,22.06724],[68.68429,22.06624],[68.68497,22.06523],[68.68564,22.06421],[68.6863,22.06318],[68.68694,22.06214],[68.68756,22.06108],[68.68818,22.06002],[68.68878,22.05894],[68.68936,22.05785],[68.68993,22.05674],[68.69049,22.05563],[68.69103,22.0545],[68.69156,22.05336],[68.69208,22.05221],[68.69258,22.05105],[68.69307,22.04987],[68.69354,22.04868],[68.69401,22.04748],[68.69445,22.04627],[68.69489,22.04505],[68.6953,22.04382],[68.69571,22.04257],[68.6961,22.04131],[68.69648,22.04004],[68.69684,22.03876],[68.69719,22.03746],[68.69736,22.03681]]]},"properties":{"Julian_day":"270","Year":2026,"UID":"2026270015","Length":39.6081353681}},{"type":"Feature","geometry":{"type":"MultiLineString","coordinates":[[[70.4929,20.74298],[70.49364,20.74326],[70.49438,20.74352],[70.49512,20.74376],[70.49585,20.74398],[70.49658,20.74417],[70.4973,20.74435],[70.49802,20.7445],[70.49873,20.74463],[70.49945,20.74474],[70.50015,20.74482],[70.50086,20.74489],[70.50156,20.74493],[70.50226,20.74495],[70.50295,20.74495],[70.50364,20.74493],[70.50432,20.74488],[70.5047,20.74484],[70.50507,20.74479],[70.50545,20.74473],[70.50583,20.74466],[70.50621,20.74457],[70.5066,20.74447],[70.50698,20.74436],[70.50738,20.74423],[70.50777,20.74409],[70.50817,20.74394],[70.50857,20.74378],[70.50898,20.7436],[70.50939,20.74341],[70.50981,20.7432],[70.51023,20.74298],[70.51066,20.74275],[70.51135,20.74235],[70.51207,20.74192],[70.51281,20.74144],[70.5136,20.74091],[70.51434,20.7404],[70.51515,20.73982],[70.51743,20.73815],[70.51863,20.73728],[70.51949,20.73667],[70.52009,20.73625],[70.52066,20.73588],[70.5212,20.73553],[70.52266,20.73461],[70.52497,20.73314],[70.5272,20.73172],[70.52933,20.73032],[70.5314,20.72894],[70.5334,20.72759],[70.53534,20.72625],[70.53722,20.72492],[70.53905,20.7236],[70.54084,20.72229],[70.54257,20.72098],[70.54425,20.71969],[70.54588,20.71839],[70.54747,20.71711],[70.54901,20.71582],[70.5505,20.71455],[70.55196,20.71326],[70.55337,20.71198],[70.55441,20.71102],[70.55508,20.71038],[70.55575,20.70974],[70.5564,20.7091],[70.55704,20.70846],[70.55767,20.70782],[70.55829,20.70719],[70.5589,20.70655],[70.5595,20.70591],[70.56009,20.70527],[70.56066,20.70464],[70.56123,20.704],[70.56179,20.70336],[70.56233,20.70273],[70.56287,20.70209],[70.56339,20.70145],[70.5639,20.70081],[70.5644,20.70018],[70.5649,20.69954],[70.56538,20.6989],[70.56585,20.69827],[70.56631,20.69763],[70.56676,20.69699],[70.5672,20.69635],[70.56763,20.69572],[70.56805,20.69508],[70.56845,20.69444],[70.56885,20.6938],[70.5692,20.69322],[70.56951,20.69269],[70.56981,20.69216],[70.57011,20.69162],[70.57039,20.69107],[70.57067,20.69051],[70.57094,20.68995],[70.5712,20.68938],[70.57145,20.6888],[70.5717,20.68822],[70.57194,20.68763],[70.57217,20.68703],[70.5724,20.68643],[70.57261,20.68582],[70.57282,20.68519],[70.57303,20.68457],[70.57322,20.68393],[70.57341,20.68329],[70.57359,20.68264],[70.57376,20.68198],[70.57393,20.68131],[70.57409,20.68063],[70.57424,20.67995],[70.57438,20.67926],[70.57452,20.67855],[70.57465,20.67784],[70.57477,20.67712],[70.57489,20.67639],[70.575,20.67565],[70.57511,20.67489],[70.5752,20.67413],[70.57529,20.67336],[70.57541,20.67228],[70.57553,20.67087],[70.57564,20.66942],[70.57572,20.66792],[70.57579,20.66638],[70.57584,20.6648],[70.57587,20.66315],[70.57588,20.66143],[70.57587,20.65977],[70.57585,20.65816],[70.57582,20.65647],[70.57577,20.65467],[70.57571,20.65288],[70.5756,20.65009],[70.5753,20.64316],[70.57518,20.64034],[70.57508,20.63743],[70.57502,20.63482],[70.57499,20.63331],[70.57497,20.63187],[70.57497,20.63047],[70.57498,20.62912],[70.57499,20.62781],[70.57502,20.62653],[70.57506,20.62528],[70.57511,20.62406],[70.57519,20.6226],[70.57529,20.62117],[70.5754,20.61977],[70.57553,20.61841],[70.57568,20.61708],[70.57585,20.61577],[70.57603,20.61449],[70.57624,20.61324],[70.57646,20.61201],[70.5767,20.6108],[70.57696,20.60962],[70.57724,20.60846],[70.57754,20.60732],[70.57786,20.6062],[70.5782,20.6051],[70.57856,20.60402],[70.58036,20.5988],[70.58103,20.59689],[70.58168,20.59507],[70.58232,20.59332],[70.58296,20.59163],[70.58359,20.59004],[70.58421,20.58853],[70.58485,20.58705],[70.58517,20.58631],[70.5855,20.58559],[70.58583,20.58488],[70.58616,20.58418],[70.5865,20.5835],[70.58683,20.58284],[70.58717,20.58218],[70.58751,20.58154],[70.58786,20.58091],[70.5882,20.58029],[70.58855,20.57969],[70.58891,20.57909],[70.58926,20.5785],[70.58962,20.57793],[70.58998,20.57737],[70.59042,20.57671],[70.59086,20.57605],[70.59131,20.5754],[70.59176,20.57476],[70.59223,20.57411],[70.59269,20.57348],[70.59317,20.57284],[70.59365,20.57221],[70.59414,20.57159],[70.59463,20.57096],[70.59513,20.57035],[70.59564,20.56973],[70.59615,20.56912],[70.59667,20.56852],[70.59719,20.56792],[70.59772,20.56732],[70.59826,20.56673],[70.59881,20.56614],[70.59936,20.56555],[70.59992,20.56497],[70.60048,20.5644],[70.60105,20.56383],[70.60163,20.56326],[70.60221,20.56269],[70.6028,20.56213],[70.6034,20.56158],[70.604,20.56103],[70.60461,20.56048],[70.60523,20.55994],[70.60585,20.5594],[70.60648,20.55886],[70.60712,20.55833]]]},"properties":{"Julian_day":"270","Year":2026,"UID":"2026270016","Length":26.1824585102}},{"type":"Feature","geometry":{"type":"MultiLineString","coordinates":[[[71.31524,20.72013],[71.31702,20.72056],[71.31878,20.72096],[71.32054,20.72133],[71.32229,20.72167],[71.32403,20.72199],[71.32577,20.72227],[71.3275,20.72254],[71.32922,20.72277],[71.33094,20.72297],[71.33265,20.72315],[71.33435,20.7233],[71.33605,20.72343],[71.33774,20.72352],[71.33942,20.72359],[71.34109,20.72363],[71.34276,20.72365],[71.34442,20.72363],[71.34608,20.72359],[71.34773,20.72352],[71.34937,20.72343],[71.35101,20.7233],[71.35263,20.72315],[71.35426,20.72297],[71.35587,20.72277],[71.35748,20.72254],[71.35908,20.72227],[71.36067,20.72199],[71.36226,20.72167],[71.36384,20.72133],[71.36542,20.72096],[71.36698,20.72056],[71.36854,20.72013],[71.36956,20.71984],[71.37059,20.71952],[71.37162,20.71919],[71.37265,20.71884],[71.3737,20.71847],[71.37475,20.71808],[71.3758,20.71767],[71.37687,20.71724],[71.37794,20.71679],[71.37901,20.71633],[71.38009,20.71584],[71.38118,20.71534],[71.38228,20.71482],[71.38338,20.71427],[71.3845,20.71371],[71.38561,20.71313],[71.38674,20.71253],[71.38787,20.71191],[71.38901,20.71128],[71.39016,20.71062],[71.39131,20.70994],[71.39248,20.70924],[71.39365,20.70852],[71.39483,20.70779],[71.39603,20.70703],[71.39723,20.70625],[71.39844,20.70545],[71.39967,20.70462],[71.40091,20.70378],[71.40216,20.70291],[71.40343,20.70202],[71.40471,20.7011],[71.40543,20.70057],[71.40615,20.70001],[71.40687,20.69942],[71.4076,20.69879],[71.40834,20.69814],[71.40909,20.69744],[71.40985,20.6967],[71.41064,20.69592],[71.4113,20.69524],[71.41198,20.69452],[71.4127,20.69376],[71.41346,20.69293],[71.41487,20.69137],[71.41737,20.68854],[71.41833,20.68746],[71.4193,20.68639],[71.42017,20.68544],[71.42114,20.68441],[71.42206,20.68347],[71.42294,20.6826],[71.4238,20.68179],[71.42429,20.68134],[71.42478,20.6809],[71.42526,20.68048],[71.42574,20.68008],[71.42621,20.6797],[71.42669,20.67932],[71.42716,20.67897],[71.42763,20.67862],[71.42809,20.67829],[71.42856,20.67798],[71.42903,20.67767],[71.4295,20.67738],[71.42996,20.67711],[71.43043,20.67684],[71.43089,20.67659],[71.43136,20.67635],[71.43216,20.67597],[71.43298,20.67561],[71.43382,20.67526],[71.43468,20.67494],[71.43556,20.67464],[71.43646,20.67435],[71.43738,20.67409],[71.43832,20.67384],[71.43929,20.67361],[71.44028,20.6734],[71.44129,20.67321],[71.44233,20.67304],[71.44339,20.67289],[71.44449,20.67275],[71.44561,20.67263],[71.44677,20.67253],[71.44765,20.67246],[71.44854,20.67241],[71.44946,20.67236],[71.45041,20.67232],[71.45138,20.67229],[71.45238,20.67227],[71.45342,20.67226],[71.45449,20.67226],[71.45659,20.67227],[71.45892,20.67232],[71.46133,20.67238],[71.46597,20.67253],[71.46787,20.67259],[71.46985,20.67264],[71.47162,20.67267],[71.47364,20.67268],[71.47506,20.67267],[71.47597,20.67265],[71.47685,20.67263],[71.47771,20.6726],[71.47854,20.67257],[71.47988,20.67249],[71.48176,20.67238],[71.48369,20.67224],[71.48567,20.67208],[71.48771,20.67191],[71.48981,20.67171],[71.49198,20.6715],[71.49424,20.67126],[71.49639,20.67102],[71.49842,20.67078],[71.50055,20.67053],[71.50401,20.6701],[71.50847,20.66952],[71.51666,20.66845],[71.52159,20.66781],[71.5247,20.66742],[71.52782,20.66704],[71.53099,20.66667],[71.53398,20.66635],[71.53682,20.66606],[71.53901,20.66585],[71.5406,20.66571],[71.54216,20.66558],[71.54369,20.66546],[71.54519,20.66536],[71.54667,20.66526],[71.54812,20.66518],[71.54955,20.6651],[71.55095,20.66504],[71.55234,20.66498],[71.55371,20.66494],[71.55506,20.66491],[71.55639,20.66488],[71.5577,20.66487],[71.559,20.66487],[71.56028,20.66488],[71.5617,20.6649],[71.56327,20.66494],[71.56482,20.665],[71.56635,20.66508],[71.56785,20.66517],[71.56934,20.66527],[71.5708,20.6654],[71.57225,20.66554],[71.57368,20.6657],[71.57509,20.66587],[71.57648,20.66607],[71.57785,20.66628],[71.57921,20.6665],[71.58055,20.66675],[71.58187,20.66701],[71.58318,20.66729],[71.58447,20.66758],[71.58575,20.6679],[71.58702,20.66823],[71.58826,20.66858],[71.5895,20.66894],[71.59072,20.66933],[71.59192,20.66973],[71.59311,20.67015],[71.59429,20.67059],[71.59545,20.67104],[71.5966,20.67152],[71.59774,20.67201],[71.59886,20.67252],[71.59997,20.67305],[71.60106,20.67359],[71.60215,20.67416],[71.60315,20.67471],[71.60409,20.67523],[71.60502,20.67576],[71.60595,20.6763],[71.60688,20.67684],[71.60781,20.6774],[71.60873,20.67797],[71.60965,20.67854],[71.61057,20.67913],[71.61148,20.67972],[71.61239,20.68032],[71.6133,20.68093],[71.6142,20.68155],[71.6151,20.68218],[71.616,20.68281],[71.61689,20.68346],[71.61779,20.68411],[71.61868,20.68478],[71.61956,20.68545],[71.62045,20.68613],[71.62133,20.68682],[71.6222,20.68752],[71.62308,20.68822],[71.62395,20.68894],[71.62482,20.68967],[71.62568,20.6904],[71.62655,20.69114],[71.62741,20.69189],[71.62826,20.69266],[71.62912,20.69343],[71.62997,20.6942],[71.63081,20.69499],[71.63124,20.69539]]]},"properties":{"Julian_day":"270","Year":2026,"UID":"2026270017","Length":35.810596051}},{"type":"Feature","geometry":{"type":"MultiLineString","coordinates":[[[85.65899,19.54528],[85.65888,19.54409],[85.65878,19.54292],[85.65869,19.54175],[85.65862,19.54058],[85.65855,19.53941],[85.65849,19.53825],[85.65845,19.5371],[85.65841,19.53595],[85.65839,19.5348],[85.65837,19.53366],[85.65837,19.53252],[85.65838,19.53139],[85.6584,19.53026],[85.65842,19.52913],[85.65846,19.52801],[85.65851,19.52689],[85.65858,19.52578],[85.65865,19.52467],[85.65873,19.52356],[85.65882,19.52246],[85.65893,19.52137],[85.65904,19.52027],[85.65917,19.51919],[85.6593,19.5181],[85.65945,19.51702],[85.65961,19.51595],[85.65978,19.51488],[85.65995,19.51381],[85.66014,19.51275],[85.66034,19.51169],[85.66056,19.51063],[85.66078,19.50958],[85.66091,19.50899],[85.66106,19.5084],[85.66121,19.50781],[85.66138,19.50723],[85.66155,19.50664],[85.66174,19.50605],[85.66194,19.50547],[85.66215,19.50489],[85.66237,19.50431],[85.6626,19.50373],[85.66284,19.50315],[85.66309,19.50257],[85.66336,19.50199],[85.66363,19.50142],[85.66392,19.50084],[85.66421,19.50027],[85.66452,19.49969],[85.66484,19.49912],[85.66517,19.49854],[85.66551,19.49797],[85.66586,19.4974],[85.66622,19.49682],[85.6666,19.49625],[85.66699,19.49568],[85.66738,19.4951],[85.66779,19.49453],[85.66821,19.49395],[85.66865,19.49338],[85.66909,19.4928],[85.66955,19.49223],[85.67002,19.49165],[85.6705,19.49107],[85.67101,19.49047],[85.67153,19.48988],[85.67206,19.48928],[85.6726,19.48868],[85.67316,19.48807],[85.67374,19.48747],[85.67433,19.48686],[85.67493,19.48624],[85.67555,19.48563],[85.67619,19.48501],[85.67684,19.48438],[85.67751,19.48375],[85.67819,19.48311],[85.6789,19.48246],[85.68037,19.48114],[85.68178,19.47991],[85.68327,19.47863],[85.68486,19.4773],[85.68658,19.47589],[85.68821,19.47457],[85.69003,19.47311],[85.69534,19.4689],[85.69821,19.46662],[85.70026,19.46497],[85.70167,19.46382],[85.70299,19.46274],[85.70423,19.46169],[85.70556,19.46057],[85.70695,19.45936],[85.70827,19.45818],[85.70953,19.45703],[85.71073,19.45591],[85.71188,19.4548],[85.71297,19.45371],[85.71402,19.45263],[85.71484,19.45176],[85.71546,19.45109],[85.71605,19.45042],[85.71663,19.44976],[85.71719,19.4491],[85.71774,19.44844],[85.71827,19.44779],[85.71878,19.44713],[85.71928,19.44648],[85.71977,19.44583],[85.72023,19.44518],[85.72069,19.44453],[85.72113,19.44388],[85.72155,19.44323],[85.72196,19.44258],[85.72235,19.44193],[85.72273,19.44128],[85.7231,19.44062],[85.72345,19.43997],[85.72378,19.43932],[85.72411,19.43867],[85.72442,19.43801],[85.72471,19.43736],[85.72499,19.4367],[85.72526,19.43604],[85.72551,19.43538],[85.72575,19.43472],[85.72597,19.43406],[85.72618,19.4334],[85.72638,19.43273],[85.72656,19.43207],[85.72673,19.4314],[85.72705,19.43001],[85.72748,19.42809],[85.72787,19.42631],[85.72822,19.42464],[85.72855,19.42303],[85.72884,19.42147],[85.72912,19.41997],[85.72937,19.41851],[85.7296,19.41707],[85.7298,19.41566],[85.72999,19.41429],[85.73015,19.41294],[85.73029,19.41162],[85.73041,19.41032],[85.73051,19.40906],[85.73058,19.40781],[85.73063,19.40658],[85.73067,19.40536],[85.73068,19.40416],[85.73066,19.40299],[85.73063,19.40183],[85.73057,19.4007],[85.73049,19.39959],[85.73038,19.3985],[85.73026,19.39743],[85.73011,19.39638],[85.72994,19.39534],[85.72974,19.39433],[85.72953,19.39334],[85.72929,19.39237],[85.72903,19.39141],[85.72874,19.39048],[85.72853,19.38983],[85.72839,19.38945],[85.72825,19.38907],[85.72809,19.38868],[85.72792,19.38828],[85.72774,19.38788],[85.72745,19.38725],[85.72701,19.38638],[85.72652,19.38545],[85.72596,19.38445],[85.72533,19.38335],[85.7242,19.3814],[85.7237,19.38052],[85.72324,19.37967],[85.7229,19.37902],[85.72266,19.37855],[85.72243,19.37809],[85.72223,19.37764],[85.72203,19.3772],[85.72185,19.37678],[85.72168,19.37636],[85.72153,19.37594],[85.72133,19.37539],[85.72109,19.37468],[85.72086,19.37397],[85.72063,19.37325],[85.72041,19.37253],[85.72019,19.37179],[85.71999,19.37105],[85.71978,19.37031],[85.71959,19.36956],[85.7194,19.36881],[85.71922,19.36805],[85.71905,19.36729],[85.71889,19.36653],[85.71873,19.36577],[85.71858,19.365],[85.71844,19.36424],[85.71831,19.36347],[85.71818,19.36271],[85.71806,19.36194],[85.71795,19.36118],[85.71785,19.36042],[85.71776,19.35966],[85.71768,19.3589],[85.7176,19.35814],[85.71753,19.35739],[85.71747,19.35664],[85.71742,19.3559],[85.71738,19.35515],[85.71735,19.35442],[85.71732,19.35368],[85.7173,19.35295],[85.71729,19.35223],[85.71729,19.35152],[85.7173,19.35081],[85.71732,19.35011],[85.71734,19.34942],[85.71738,19.34874],[85.71742,19.34806],[85.71747,19.34738],[85.71753,19.34672],[85.71759,19.34606],[85.71767,19.3454],[85.71775,19.34476],[85.71784,19.34412],[85.71794,19.34349],[85.71805,19.34287],[85.71816,19.34226],[85.71828,19.34165],[85.71842,19.34105],[85.71855,19.34046],[85.7187,19.33988],[85.71886,19.33931],[85.71902,19.33875],[85.71919,19.33819],[85.71937,19.33764],[85.71956,19.33711],[85.71975,19.33658],[85.71995,19.33606],[85.72016,19.33555],[85.72038,19.33505],[85.7206,19.33456],[85.72084,19.33407],[85.72108,19.3336],[85.72133,19.33314],[85.72167,19.33253],[85.72211,19.33179],[85.72257,19.33105],[85.72305,19.33033],[85.72355,19.32961],[85.72407,19.3289],[85.72461,19.3282],[85.72516,19.32751],[85.72574,19.32682],[85.72633,19.32615],[85.72694,19.32548],[85.72757,19.32483],[85.72822,19.32418],[85.72889,19.32354],[85.72958,19.32291],[85.73029,19.32228],[85.73101,19.32167],[85.73175,19.32107],[85.73252,19.32047],[85.7333,19.31988],[85.7341,19.3193],[85.73492,19.31873],[85.73576,19.31817],[85.73661,19.31762],[85.73749,19.31708],[85.73838,19.31654],[85.73929,19.31602],[85.74023,19.3155],[85.74118,19.31499],[85.74215,19.31449],[85.74314,19.314],[85.74414,19.31352],[85.74465,19.31328]]]},"properties":{"Julian_day":"270","Year":2026,"UID":"2026270018","Length":29.8306692932}},{"type":"Feature","geometry":{"type":"MultiLineString","coordinates":[[[72.68915,20.72846],[72.68947,20.72778],[72.68977,20.7271],[72.69003,20.72643],[72.69027,20.72576],[72.69048,20.72509],[72.69066,20.72443],[72.69081,20.72377],[72.69093,20.72311],[72.69097,20.72285],[72.691,20.7226],[72.69102,20.72234],[72.69103,20.72208],[72.69104,20.72182],[72.69104,20.72156],[72.69103,20.7213],[72.69102,20.72103],[72.691,20.72076],[72.69093,20.72022],[72.69084,20.71968],[72.69071,20.71912],[72.69056,20.71856],[72.69037,20.71799],[72.69016,20.71742],[72.68992,20.71684],[72.68964,20.71625],[72.68934,20.71566],[72.68901,20.71506],[72.68865,20.71445],[72.68826,20.71384],[72.68784,20.71322],[72.68739,20.7126],[72.68692,20.71197],[72.68641,20.71133],[72.68588,20.71069],[72.68531,20.71004],[72.68472,20.70938],[72.6841,20.70872],[72.68345,20.70805],[72.68277,20.70737],[72.68206,20.70669],[72.68131,20.706],[72.68054,20.7053],[72.67973,20.70458],[72.67888,20.70385],[72.67829,20.70335],[72.67798,20.70311],[72.67767,20.70288],[72.67734,20.70265],[72.67701,20.70243],[72.67667,20.70222],[72.67631,20.70201],[72.67595,20.70181],[72.67557,20.70162],[72.67519,20.70143],[72.67479,20.70125],[72.67438,20.70107],[72.67396,20.70091],[72.67353,20.70074],[72.67308,20.70058],[72.67262,20.70043],[72.67217,20.70029],[72.67172,20.70016],[72.67102,20.69996],[72.67003,20.69972],[72.66898,20.69949],[72.6679,20.69927],[72.66678,20.69907],[72.6656,20.69887],[72.66265,20.6984],[72.6612,20.69816],[72.66028,20.69801],[72.65935,20.69784],[72.6584,20.69765],[72.65752,20.69746],[72.65668,20.69726],[72.6558,20.69703],[72.65533,20.6969],[72.65487,20.69676],[72.65442,20.69662],[72.65399,20.69648],[72.65357,20.69633],[72.65316,20.69618],[72.65276,20.69602],[72.65236,20.69585],[72.65198,20.69568],[72.65161,20.69551],[72.65125,20.69533],[72.65089,20.69515],[72.65055,20.69495],[72.65021,20.69476],[72.64988,20.69456],[72.64925,20.69415],[72.64861,20.69372],[72.64798,20.69329],[72.64734,20.69284],[72.64671,20.69237],[72.64608,20.6919],[72.64546,20.69141],[72.64483,20.69092],[72.64421,20.69041],[72.6436,20.68989],[72.64298,20.68936],[72.64238,20.68882],[72.64178,20.68827],[72.64118,20.68771],[72.64059,20.68715],[72.64001,20.68657],[72.63944,20.68599],[72.63887,20.6854],[72.63831,20.68481],[72.63776,20.68421],[72.63723,20.6836],[72.6367,20.68299],[72.63618,20.68237],[72.63567,20.68175],[72.63517,20.68113],[72.63469,20.6805],[72.63421,20.67988],[72.63375,20.67924],[72.6333,20.67861],[72.63287,20.67798],[72.63245,20.67734],[72.63204,20.67671],[72.63166,20.6761],[72.63129,20.67547],[72.63093,20.67483],[72.63058,20.67417],[72.63024,20.6735],[72.62991,20.67281],[72.62959,20.6721],[72.62928,20.67138],[72.62898,20.67064],[72.62868,20.66988],[72.62839,20.6691],[72.62811,20.66831],[72.62784,20.66749],[72.62758,20.66666],[72.62732,20.6658],[72.62707,20.66492],[72.62685,20.6641],[72.62663,20.66326],[72.62642,20.6624],[72.62621,20.66152],[72.626,20.6606],[72.6258,20.65966],[72.62559,20.65868],[72.62539,20.65765],[72.62506,20.65592],[72.62472,20.65399],[72.62439,20.65208],[72.62358,20.64722],[72.62322,20.64519],[72.62306,20.64429],[72.62297,20.64369],[72.62288,20.64309],[72.6228,20.64247],[72.62273,20.64184],[72.62267,20.64121],[72.62262,20.64056],[72.62257,20.63991],[72.62254,20.63924],[72.62252,20.63856],[72.6225,20.63787],[72.6225,20.63717],[72.6225,20.63645],[72.62252,20.63572],[72.62254,20.63497],[72.62257,20.63421],[72.62263,20.63316],[72.62272,20.63178],[72.62284,20.63034],[72.62299,20.62881],[72.62316,20.62729],[72.62333,20.62578],[72.62364,20.62338],[72.62415,20.61939],[72.62442,20.61722],[72.62462,20.61553],[72.62473,20.6145],[72.62482,20.61351],[72.62492,20.61247],[72.625,20.61137],[72.62507,20.61032],[72.62512,20.6093],[72.62516,20.60832],[72.62518,20.60736],[72.62518,20.60643],[72.62517,20.60553],[72.62513,20.60455],[72.62507,20.60351],[72.62499,20.60249],[72.62488,20.6015],[72.62474,20.60054],[72.62467,20.60007],[72.62458,20.5996],[72.62449,20.59914],[72.6244,20.59869],[72.6243,20.59824],[72.62419,20.5978],[72.62407,20.59736],[72.62395,20.59693],[72.62382,20.5965],[72.62369,20.59608],[72.62355,20.59567],[72.6234,20.59526],[72.62324,20.59485],[72.62308,20.59445],[72.62292,20.59405],[72.62274,20.59366],[72.62256,20.59327],[72.62237,20.59289],[72.62218,20.59251],[72.62198,20.59214],[72.62177,20.59177],[72.62155,20.59141],[72.62133,20.59105],[72.62088,20.59034],[72.62041,20.58964],[72.61992,20.58894],[72.61943,20.58825],[72.61892,20.58756],[72.61839,20.58688],[72.61786,20.5862],[72.61731,20.58553],[72.61674,20.58486],[72.61616,20.5842],[72.61557,20.58354],[72.61497,20.58289],[72.61435,20.58225],[72.61371,20.58161],[72.61307,20.58097],[72.61241,20.58034]]]},"properties":{"Julian_day":"270","Year":2026,"UID":"2026270019","Length":20.3760001132}},{"type":"Feature","geometry":{"type":"MultiLineString","coordinates":[[[68.86357,21.99434],[68.86387,21.9927],[68.86416,21.99107],[68.86445,21.98944],[68.86472,21.98781],[68.86498,21.98618],[68.86524,21.98456],[68.86548,21.98294],[68.86572,21.98132],[68.86594,21.97971],[68.86616,21.97809],[68.86637,21.97648],[68.86656,21.97487],[68.86675,21.97326],[68.86693,21.97166],[68.8671,21.97006],[68.86726,21.96846],[68.86741,21.96686],[68.86754,21.96526],[68.86767,21.96367],[68.86779,21.96208],[68.86791,21.96049],[68.86801,21.95891],[68.8681,21.95732],[68.86818,21.95574],[68.86825,21.95416],[68.86831,21.95259],[68.86837,21.95101],[68.86841,21.94944],[68.86844,21.94787],[68.86847,21.9463],[68.86848,21.94474],[68.86849,21.94317],[68.86848,21.94161],[68.86847,21.94006],[68.86844,21.9385],[68.86841,21.93695],[68.86837,21.9354],[68.86831,21.93385],[68.86825,21.9323],[68.86818,21.93076],[68.8681,21.92921],[68.86801,21.92768],[68.86791,21.92614],[68.86779,21.9246],[68.86767,21.92307],[68.86754,21.92154],[68.86741,21.92001],[68.86726,21.91849],[68.8671,21.91697],[68.86693,21.91544],[68.86675,21.91393],[68.86656,21.91241],[68.86637,21.9109],[68.86616,21.90938],[68.86594,21.90788],[68.86572,21.90637],[68.86548,21.90486],[68.86524,21.90336],[68.86498,21.90186],[68.86472,21.90036],[68.86445,21.89887],[68.86416,21.89738],[68.86387,21.89589],[68.86357,21.8944],[68.86338,21.89354],[68.86319,21.89268],[68.86298,21.89182],[68.86277,21.89095],[68.86254,21.89009],[68.8623,21.88922],[68.86205,21.88835],[68.86179,21.88748],[68.86152,21.88661],[68.86123,21.88573],[68.86094,21.88485],[68.86063,21.88397],[68.86031,21.88308],[68.85998,21.88219],[68.85964,21.8813],[68.85928,21.88041],[68.85892,21.87951],[68.85854,21.87861],[68.85815,21.8777],[68.85775,21.87679],[68.85734,21.87588],[68.85691,21.87496],[68.85647,21.87403],[68.85602,21.8731],[68.85556,21.87217],[68.85508,21.87122],[68.85459,21.87028],[68.85409,21.86932],[68.85358,21.86836],[68.85305,21.86739],[68.8525,21.86641],[68.85194,21.86542],[68.85102,21.86382],[68.85006,21.8622],[68.84906,21.86054],[68.84801,21.85885],[68.84692,21.85713],[68.84578,21.85535],[68.84458,21.85352],[68.84331,21.85162],[68.84223,21.85002],[68.8411,21.84836],[68.8399,21.84662],[68.8386,21.84475],[68.83616,21.84128],[68.83182,21.83514],[68.82934,21.8316],[68.8278,21.8294],[68.8263,21.82722],[68.8248,21.82504],[68.82341,21.82296],[68.8221,21.82098],[68.82078,21.81895],[68.81946,21.81687],[68.81821,21.81486],[68.81702,21.81289],[68.81588,21.81097],[68.81534,21.81002],[68.81481,21.80908],[68.81429,21.80815],[68.81378,21.80723],[68.81329,21.80631],[68.81281,21.8054],[68.81234,21.8045],[68.81186,21.80357],[68.8114,21.80265],[68.81095,21.80173],[68.81051,21.80082],[68.81009,21.79991],[68.80968,21.79901],[68.80927,21.79811],[68.80889,21.79722],[68.80851,21.79633],[68.80814,21.79544],[68.80779,21.79456],[68.80744,21.79368],[68.80711,21.79281],[68.80679,21.79193],[68.80648,21.79106],[68.80618,21.7902],[68.80589,21.78933],[68.80562,21.78847],[68.80535,21.78761],[68.8051,21.78676],[68.80485,21.7859],[68.80462,21.78505],[68.8044,21.7842],[68.80419,21.78335],[68.80399,21.7825],[68.8038,21.78166],[68.80362,21.78081],[68.80345,21.77997],[68.8033,21.77913],[68.80315,21.77829],[68.80302,21.77745],[68.80289,21.77661],[68.80253,21.77407],[68.80221,21.77165],[68.80191,21.76933],[68.80164,21.76709],[68.80139,21.76491],[68.80117,21.76279],[68.80096,21.76073],[68.80078,21.75871],[68.80062,21.75672],[68.80049,21.75478],[68.80037,21.75287],[68.80027,21.751],[68.8002,21.74916],[68.80015,21.74736],[68.80011,21.74559],[68.8001,21.74385],[68.80011,21.74212],[68.80015,21.74042],[68.8002,21.73875],[68.80028,21.73711],[68.80037,21.7355],[68.80049,21.73391],[68.80063,21.73236],[68.8008,21.73083],[68.80098,21.72932],[68.80119,21.72784],[68.80142,21.72639],[68.80167,21.72496],[68.80194,21.72356],[68.80224,21.72218],[68.80255,21.72083],[68.80289,21.71951],[68.80313,21.71865],[68.80338,21.71778],[68.80364,21.71692],[68.80392,21.71605],[68.80421,21.71518],[68.80451,21.71431],[68.80483,21.71344],[68.80516,21.71256],[68.80551,21.71169],[68.80587,21.71081],[68.80624,21.70993],[68.80663,21.70905],[68.80703,21.70817],[68.80745,21.70728],[68.80788,21.70639],[68.80832,21.7055],[68.80878,21.70461],[68.80925,21.70371],[68.80973,21.70282],[68.81023,21.70192],[68.81075,21.70101],[68.81127,21.70011],[68.81182,21.6992],[68.81237,21.69828],[68.81294,21.69737],[68.81353,21.69645],[68.81413,21.69553],[68.81475,21.6946],[68.81538,21.69367],[68.81602,21.69273],[68.81668,21.69179],[68.81736,21.69085],[68.81803,21.68993],[68.81871,21.68901],[68.8194,21.68809],[68.82011,21.68716],[68.82084,21.68622],[68.82158,21.68528],[68.82234,21.68433],[68.82311,21.68337],[68.8239,21.68241],[68.82471,21.68144],[68.82554,21.68046],[68.82638,21.67947],[68.82724,21.67847],[68.82812,21.67746],[68.82902,21.67644],[68.82995,21.67541],[68.83178,21.67339],[68.8337,21.67131],[68.83573,21.66915],[68.83789,21.66688],[68.8401,21.66459],[68.84254,21.66209],[68.8452,21.6594],[68.84929,21.65526],[68.85068,21.65387],[68.85208,21.65249],[68.85349,21.65112],[68.85492,21.64976],[68.85635,21.64841],[68.85779,21.64707],[68.85925,21.64574],[68.86072,21.64442],[68.8622,21.64312],[68.86369,21.64182],[68.86519,21.64054],[68.8667,21.63926],[68.86822,21.638],[68.86975,21.63674],[68.8713,21.6355],[68.87285,21.63427],[68.87442,21.63305],[68.876,21.63184],[68.87759,21.63064],[68.87919,21.62945],[68.8808,21.62827],[68.88242,21.6271],[68.88406,21.62594],[68.8857,21.62479],[68.88736,21.62366],[68.88902,21.62253],[68.8907,21.62142],[68.89239,21.62031],[68.89409,21.61922],[68.8958,21.61814],[68.89753,21.61706],[68.89926,21.616]]]},"properties":{"Julian_day":"270","Year":2026,"UID":"2026270020","Length":47.5240814295}},{"type":"Feature","geometry":{"type":"MultiLineString","coordinates":[[[69.23476,21.28407],[69.23639,21.28217],[69.23803,21.28029],[69.23968,21.27842],[69.24133,21.27657],[69.243,21.27473],[69.24468,21.27291],[69.24637,21.2711],[69.24807,21.26931],[69.24978,21.26753],[69.25149,21.26576],[69.25322,21.26401],[69.25496,21.26227],[69.25671,21.26055],[69.25847,21.25884],[69.26024,21.25714],[69.26202,21.25546],[69.26381,21.2538],[69.26561,21.25215],[69.26742,21.25051],[69.26924,21.24889],[69.27107,21.24728],[69.27291,21.24568],[69.27476,21.2441],[69.27662,21.24254],[69.27849,21.24099],[69.28037,21.23945],[69.28226,21.23793],[69.28416,21.23642],[69.28608,21.23492],[69.288,21.23345],[69.28993,21.23198],[69.29187,21.23053],[69.29303,21.22968],[69.29421,21.22885],[69.29541,21.22802],[69.29664,21.22719],[69.2979,21.22638],[69.29918,21.22557],[69.30049,21.22477],[69.30182,21.22397],[69.30318,21.22318],[69.30458,21.2224],[69.306,21.22161],[69.30746,21.22083],[69.30895,21.22005],[69.31048,21.21927],[69.31205,21.21849],[69.31367,21.21771],[69.31499,21.21708],[69.31635,21.21644],[69.31775,21.2158],[69.31918,21.21515],[69.32066,21.2145],[69.32219,21.21383],[69.32377,21.21314],[69.32542,21.21244],[69.32827,21.21124],[69.33146,21.20993],[69.33454,21.20867],[69.34212,21.2056],[69.34609,21.20397],[69.34812,21.20313],[69.35001,21.20233],[69.35181,21.20157],[69.35353,21.20083],[69.3554,21.2],[69.3572,21.1992],[69.35894,21.1984],[69.36062,21.19762],[69.36225,21.19684],[69.36383,21.19607],[69.36538,21.19529],[69.36688,21.19452],[69.36846,21.19369],[69.37,21.19286],[69.3715,21.19203],[69.37296,21.19119],[69.37439,21.19035],[69.37579,21.1895],[69.37716,21.18865],[69.3785,21.18779],[69.37981,21.18692],[69.38109,21.18604],[69.38235,21.18515],[69.38358,21.18425],[69.38478,21.18335],[69.38596,21.18243],[69.38711,21.1815],[69.38824,21.18056],[69.39058,21.1786],[69.39506,21.17488],[69.39688,21.17337],[69.39874,21.1718],[69.4004,21.17038],[69.40136,21.16954],[69.40227,21.16873],[69.40314,21.16794],[69.40399,21.16717],[69.4048,21.16641],[69.40558,21.16567],[69.40634,21.16493],[69.40708,21.1642],[69.40786,21.16341],[69.40862,21.16263],[69.40935,21.16185],[69.41005,21.16108],[69.41073,21.16031],[69.41139,21.15955],[69.41203,21.15879],[69.41264,21.15803],[69.41323,21.15727],[69.4138,21.15652],[69.41435,21.15576],[69.41488,21.15501],[69.41539,21.15426],[69.41588,21.15351],[69.41634,21.15276],[69.41679,21.15201],[69.41704,21.15156],[69.41729,21.15111],[69.41752,21.15064],[69.41775,21.15016],[69.41797,21.14967],[69.41818,21.14916],[69.41838,21.14865],[69.41858,21.14812],[69.41877,21.14758],[69.41895,21.14702],[69.41912,21.14645],[69.41929,21.14587],[69.41945,21.14527],[69.4196,21.14465],[69.41975,21.14401],[69.4199,21.14336],[69.42012,21.14226],[69.42032,21.1411],[69.42052,21.13986],[69.42071,21.13853],[69.42087,21.13734],[69.42103,21.13602],[69.42153,21.13158],[69.42172,21.12992],[69.42193,21.12828],[69.42214,21.12682],[69.42227,21.12604],[69.4224,21.12528],[69.42253,21.12456],[69.42267,21.12386],[69.42281,21.12319],[69.42296,21.12254],[69.42311,21.1219],[69.42328,21.12129],[69.42346,21.12062],[69.42366,21.11998],[69.42387,21.11935],[69.42408,21.11875],[69.42431,21.11816],[69.42455,21.11759],[69.42479,21.11704],[69.42505,21.1165],[69.42531,21.11598],[69.42559,21.11547],[69.42588,21.11498],[69.42618,21.1145],[69.42649,21.11404],[69.42682,21.1136],[69.42715,21.11316],[69.4275,21.11275],[69.42777,21.11244],[69.42805,21.11213],[69.42834,21.11182],[69.42864,21.11152],[69.42895,21.11122],[69.42927,21.11092],[69.42961,21.11062],[69.42995,21.11032],[69.4303,21.11003],[69.43067,21.10973],[69.43104,21.10944],[69.43143,21.10914],[69.43183,21.10885],[69.43267,21.10825],[69.43349,21.10771],[69.43426,21.10722],[69.43508,21.10671],[69.43597,21.10618],[69.43685,21.10567],[69.43772,21.10518],[69.43911,21.10441],[69.44201,21.1028],[69.44321,21.10213],[69.44434,21.10147],[69.44545,21.10081],[69.446,21.10046],[69.44653,21.10012],[69.44705,21.09979],[69.44754,21.09946],[69.44801,21.09913],[69.44847,21.0988],[69.44891,21.09847],[69.4496,21.09795],[69.45028,21.09742],[69.45095,21.09687],[69.45163,21.09632],[69.4523,21.09576],[69.45296,21.09518],[69.45363,21.0946],[69.45429,21.094],[69.45494,21.0934],[69.4556,21.09278],[69.45625,21.09215],[69.4569,21.09151],[69.45754,21.09086],[69.45819,21.0902],[69.45883,21.08953],[69.45947,21.08884],[69.4601,21.08814],[69.46074,21.08744],[69.46137,21.08672],[69.462,21.08598],[69.46263,21.08524],[69.46326,21.08448],[69.46389,21.08371],[69.46451,21.08293],[69.46514,21.08213],[69.46576,21.08132],[69.46639,21.08049],[69.46701,21.07965],[69.46763,21.0788],[69.46826,21.07793],[69.46889,21.07705],[69.46951,21.07614],[69.47052,21.07467],[69.47153,21.07315],[69.47256,21.07158],[69.47359,21.06996],[69.47463,21.06828],[69.4757,21.06654],[69.47679,21.06473],[69.47791,21.06283],[69.47884,21.06123],[69.4798,21.05955],[69.48081,21.05777],[69.48188,21.05586],[69.48386,21.0523],[69.48733,21.04602],[69.4893,21.04245],[69.49054,21.04025],[69.49176,21.03808],[69.49299,21.03594],[69.49417,21.03392],[69.4953,21.03201],[69.49646,21.03008],[69.49765,21.02815],[69.49882,21.0263],[69.49998,21.02452],[69.50112,21.02281],[69.50225,21.02115],[69.50338,21.01955],[69.5045,21.01801],[69.50535,21.01688],[69.50591,21.01613],[69.50648,21.0154],[69.50705,21.01469],[69.50761,21.01398],[69.50818,21.01328],[69.50875,21.0126],[69.50932,21.01193],[69.50989,21.01126],[69.51046,21.01061],[69.51103,21.00997],[69.5116,21.00934],[69.51218,21.00872],[69.51276,21.00811],[69.51334,21.00751],[69.51392,21.00692],[69.5145,21.00634],[69.51509,21.00577],[69.51568,21.0052],[69.51627,21.00465],[69.51686,21.00411],[69.51745,21.00358],[69.51805,21.00305],[69.51865,21.00254],[69.51925,21.00203],[69.51986,21.00154],[69.52047,21.00105],[69.52108,21.00057],[69.52169,21.0001],[69.52231,20.99964],[69.52293,20.99919],[69.52355,20.99875],[69.52438,20.99818],[69.5254,20.99748],[69.52643,20.99679],[69.52748,20.9961],[69.52853,20.99542],[69.5296,20.99474],[69.53067,20.99407],[69.53176,20.9934],[69.53285,20.99273],[69.53395,20.99207],[69.53507,20.99142],[69.53619,20.99077],[69.53732,20.99013],[69.53846,20.98949],[69.5396,20.98885],[69.54076,20.98822],[69.54193,20.9876],[69.5431,20.98699],[69.54428,20.98637],[69.54547,20.98577],[69.54666,20.98517],[69.54786,20.98458],[69.54907,20.98399],[69.55029,20.98341],[69.55151,20.98284],[69.55274,20.98227],[69.55397,20.98171],[69.55521,20.98116],[69.55646,20.98061],[69.55771,20.98007],[69.55897,20.97954],[69.56023,20.97901],[69.5615,20.97849],[69.56277,20.97798],[69.56405,20.97748],[69.56533,20.97698],[69.56661,20.9765],[69.5679,20.97601],[69.56919,20.97554],[69.57048,20.97508],[69.57178,20.97462],[69.57308,20.97417],[69.57438,20.97373],[69.57568,20.9733],[69.57699,20.97288],[69.57829,20.97246],[69.5796,20.97205],[69.58091,20.97166],[69.58222,20.97127],[69.58353,20.97089],[69.58483,20.97052],[69.58614,20.97015],[69.58745,20.9698],[69.58876,20.96946],[69.59007,20.96912],[69.59137,20.9688],[69.59268,20.96848],[69.59398,20.96817],[69.59528,20.96787],[69.59658,20.96759],[69.59788,20.96731],[69.59917,20.96704],[69.60046,20.96678],[69.60175,20.96653],[69.60309,20.96628],[69.60448,20.96603],[69.60588,20.96579],[69.60728,20.96556],[69.60868,20.96534],[69.61008,20.96513],[69.61149,20.96492],[69.61289,20.96473],[69.6143,20.96455],[69.61571,20.96438],[69.61712,20.96422],[69.61854,20.96407],[69.61995,20.96392],[69.62137,20.96379],[69.62279,20.96367],[69.62421,20.96356],[69.62563,20.96346],[69.62705,20.96336],[69.62848,20.96328],[69.62991,20.96321],[69.63134,20.96315],[69.63277,20.96309],[69.6342,20.96305],[69.63563,20.96302],[69.63707,20.96299],[69.63851,20.96298],[69.63995,20.96298],[69.64139,20.96298],[69.64283,20.963],[69.64428,20.96302],[69.64572,20.96306],[69.64717,20.96311],[69.64862,20.96316],[69.65007,20.96323],[69.65153,20.9633],[69.65298,20.96339],[69.65444,20.96348],[69.6559,20.96359],[69.65736,20.9637],[69.65882,20.96383],[69.66028,20.96396],[69.66175,20.96411],[69.66322,20.96426],[69.66468,20.96443],[69.66616,20.9646],[69.66763,20.96479],[69.6691,20.96498],[69.67058,20.96518],[69.67206,20.9654],[69.67354,20.96562],[69.67502,20.96586],[69.6765,20.9661],[69.67799,20.96635],[69.67947,20.96662],[69.68096,20.96689],[69.68245,20.96717],[69.68394,20.96747],[69.68544,20.96777],[69.68693,20.96808],[69.68843,20.9684],[69.68993,20.96874],[69.69143,20.96908],[69.69293,20.96943],[69.69444,20.96979],[69.69519,20.96998]]]},"properties":{"Julian_day":"270","Year":2026,"UID":"2026270021","Length":63.8756953654}},{"type":"Feature","geometry":{"type":"MultiLineString","coordinates":[[[71.84027,20.90236],[71.83984,20.90007],[71.83942,20.89778],[71.83904,20.8955],[71.83867,20.89322],[71.83833,20.89095],[71.83801,20.88868],[71.83771,20.88641],[71.83744,20.88414],[71.83719,20.88189],[71.83697,20.87963],[71.83676,20.87738],[71.83658,20.87513],[71.83643,20.87288],[71.8363,20.87064],[71.83619,20.86841],[71.8361,20.86618],[71.83604,20.86395],[71.836,20.86172],[71.83598,20.8595],[71.83599,20.85728],[71.83602,20.85507],[71.83607,20.85286],[71.83615,20.85065],[71.83625,20.84845],[71.83637,20.84625],[71.83652,20.84406],[71.83669,20.84187],[71.83689,20.83968],[71.8371,20.8375],[71.83734,20.83532],[71.83761,20.83315],[71.83789,20.83098],[71.83808,20.82969],[71.83829,20.8284],[71.83852,20.8271],[71.83878,20.8258],[71.83906,20.82448],[71.83937,20.82315],[71.83969,20.82181],[71.84004,20.82046],[71.84042,20.8191],[71.84082,20.81772],[71.84124,20.81633],[71.84169,20.81492],[71.84217,20.81349],[71.84267,20.81205],[71.84319,20.81058],[71.84375,20.80909],[71.84428,20.80771],[71.84483,20.80631],[71.84541,20.80488],[71.84602,20.80342],[71.84665,20.80192],[71.84732,20.80039],[71.84802,20.79881],[71.84875,20.79718],[71.84943,20.7957],[71.85014,20.79416],[71.8509,20.79254],[71.85172,20.79082],[71.85333,20.78747],[71.8564,20.78113],[71.85764,20.77855],[71.85891,20.77588],[71.86004,20.77348],[71.86131,20.77075],[71.86218,20.76881],[71.86273,20.76757],[71.86327,20.76635],[71.86378,20.76515],[71.86427,20.76398],[71.86481,20.7627],[71.86538,20.76129],[71.86592,20.75992],[71.86644,20.75856],[71.86694,20.75723],[71.86741,20.75592],[71.86787,20.75462],[71.8683,20.75334],[71.86872,20.75207],[71.86911,20.75082],[71.86949,20.74958],[71.86984,20.74835],[71.87018,20.74713],[71.87049,20.74592],[71.87079,20.74472],[71.87107,20.74353],[71.87135,20.74226],[71.87163,20.7409],[71.87188,20.73952],[71.87211,20.73811],[71.87232,20.73668],[71.87251,20.73523],[71.87268,20.73375],[71.87283,20.73224],[71.87295,20.73071],[71.87306,20.72915],[71.87315,20.72756],[71.87321,20.72594],[71.87326,20.72429],[71.87328,20.7226],[71.87329,20.72088],[71.87327,20.71911],[71.87324,20.71746],[71.8732,20.71595],[71.87314,20.7144],[71.87307,20.71281],[71.87299,20.71117],[71.87289,20.70949],[71.87278,20.70775],[71.87265,20.70595],[71.87246,20.70345],[71.87217,20.70007],[71.87186,20.69657],[71.87109,20.68849],[71.87074,20.68484],[71.87054,20.68256],[71.87034,20.68028],[71.87015,20.67798],[71.86999,20.67581],[71.86985,20.67376],[71.86972,20.6716],[71.86961,20.66937],[71.86952,20.66722],[71.86946,20.66515],[71.86943,20.66314],[71.86942,20.6612],[71.86945,20.6593],[71.86949,20.65746],[71.86955,20.65603],[71.86961,20.65498],[71.86967,20.65395],[71.86974,20.65294],[71.86982,20.65193],[71.86991,20.65095],[71.87002,20.64997],[71.87013,20.64901],[71.87025,20.64806],[71.87038,20.64712],[71.87052,20.64619],[71.87067,20.64527],[71.87083,20.64437],[71.87099,20.64348],[71.87117,20.6426],[71.87136,20.64172],[71.87156,20.64086],[71.87177,20.64001],[71.87199,20.63917],[71.87222,20.63834],[71.87246,20.63751],[71.87271,20.6367],[71.87297,20.6359],[71.87324,20.63511],[71.87352,20.63432],[71.87381,20.63355],[71.87412,20.63278],[71.87443,20.63202],[71.87475,20.63127],[71.87508,20.63053],[71.87543,20.6298],[71.87578,20.62908],[71.87623,20.62821],[71.87678,20.62717],[71.87735,20.62614],[71.87794,20.6251],[71.87855,20.62407],[71.87918,20.62304],[71.87983,20.622],[71.8805,20.62097],[71.88119,20.61994],[71.88191,20.61891],[71.88264,20.61787],[71.88339,20.61684],[71.88416,20.61581],[71.88496,20.61477],[71.88577,20.61374],[71.8866,20.61271],[71.88746,20.61168],[71.88833,20.61064],[71.88923,20.60961],[71.89014,20.60858],[71.89108,20.60755],[71.89203,20.60652],[71.89301,20.60548],[71.89401,20.60445],[71.89502,20.60342],[71.89606,20.60239],[71.89712,20.60135],[71.8982,20.60032],[71.89929,20.59929],[71.90041,20.59825],[71.90155,20.59722],[71.90272,20.59619],[71.90389,20.59516],[71.90509,20.59413],[71.90631,20.5931],[71.90755,20.59207],[71.9088,20.59104],[71.91008,20.59001],[71.91138,20.58897],[71.91271,20.58794],[71.91405,20.58691],[71.91541,20.58587],[71.91679,20.58484],[71.9182,20.5838],[71.91963,20.58277],[71.92108,20.58173],[71.92255,20.58069],[71.92404,20.57965],[71.92555,20.57861],[71.92708,20.57757],[71.92864,20.57653],[71.93022,20.57548],[71.93182,20.57443],[71.93345,20.57338],[71.93509,20.57233],[71.93677,20.57128],[71.93847,20.57022],[71.94019,20.56915],[71.94194,20.56809],[71.94372,20.56701],[71.94553,20.56594],[71.94737,20.56485],[71.94924,20.56376],[71.95114,20.56265],[71.95273,20.56174],[71.95398,20.56104],[71.95523,20.56034],[71.95648,20.55965],[71.95774,20.55897],[71.959,20.55829],[71.96027,20.55762],[71.96154,20.55696],[71.96282,20.5563],[71.9641,20.55566],[71.96538,20.55502],[71.96667,20.55438],[71.96796,20.55376],[71.96926,20.55314],[71.97056,20.55252],[71.97186,20.55192],[71.97317,20.55132],[71.97448,20.55073],[71.9758,20.55015],[71.97712,20.54957],[71.97845,20.549],[71.97978,20.54844],[71.98111,20.54789],[71.98245,20.54734],[71.98379,20.5468],[71.98514,20.54626],[71.98649,20.54574],[71.98784,20.54522],[71.9892,20.54471],[71.99056,20.5442],[71.99193,20.5437],[71.9933,20.54321],[71.99468,20.54273],[71.99606,20.54225],[71.99744,20.54179],[71.99883,20.54132],[72.00022,20.54087],[72.00162,20.54042],[72.00302,20.53998],[72.00443,20.53955],[72.00583,20.53912],[72.00725,20.5387],[72.00866,20.53829],[72.01009,20.53789],[72.01151,20.53749],[72.01294,20.5371],[72.01438,20.53671],[72.01581,20.53634],[72.01726,20.53597],[72.0187,20.53561],[72.02015,20.53525],[72.02161,20.53491],[72.02307,20.53457],[72.02453,20.53423],[72.026,20.53391],[72.02747,20.53359],[72.02895,20.53328],[72.03043,20.53297],[72.03191,20.53267],[72.0334,20.53238],[72.03489,20.5321],[72.03639,20.53182],[72.03789,20.53156],[72.03939,20.53129],[72.04015,20.53117]]]},"properties":{"Julian_day":"270","Year":2026,"UID":"2026270022","Length":51.9189330244}},{"type":"Feature","geometry":{"type":"MultiLineString","coordinates":[[[72.07822,19.89347],[72.07998,19.89378],[72.08171,19.89411],[72.08342,19.89447],[72.08512,19.89484],[72.08678,19.89525],[72.08843,19.89567],[72.09005,19.89612],[72.09166,19.89659],[72.09245,19.89684],[72.09324,19.89709],[72.09402,19.89734],[72.09479,19.8976],[72.09556,19.89787],[72.09633,19.89815],[72.09709,19.89843],[72.09784,19.89871],[72.09859,19.899],[72.09933,19.8993],[72.10007,19.8996],[72.1008,19.89991],[72.10153,19.90022],[72.10225,19.90054],[72.10296,19.90087],[72.10367,19.9012],[72.10437,19.90154],[72.10507,19.90188],[72.10576,19.90223],[72.10645,19.90259],[72.10713,19.90295],[72.10781,19.90331],[72.10848,19.90369],[72.10914,19.90406],[72.1098,19.90445],[72.11046,19.90484],[72.1111,19.90523],[72.11175,19.90564],[72.11238,19.90604],[72.11301,19.90646],[72.11364,19.90687],[72.11426,19.9073],[72.11488,19.90773],[72.11548,19.90817],[72.11609,19.90861],[72.11669,19.90906],[72.11728,19.90951],[72.11787,19.90997],[72.11845,19.91043],[72.11902,19.91091],[72.11959,19.91138],[72.12016,19.91187],[72.12072,19.91235],[72.12127,19.91285],[72.12182,19.91335],[72.12236,19.91386],[72.1229,19.91437],[72.12343,19.91489],[72.12409,19.91556],[72.12475,19.91625],[72.1254,19.91697],[72.12604,19.91772],[72.12668,19.91849],[72.12731,19.91928],[72.12793,19.9201],[72.12854,19.92095],[72.12915,19.92182],[72.12975,19.92272],[72.13035,19.92365],[72.13095,19.92461],[72.13154,19.92559],[72.13212,19.92661],[72.13271,19.92767],[72.1333,19.92875],[72.13381,19.92973],[72.13432,19.93074],[72.13483,19.93179],[72.13535,19.93286],[72.13588,19.93398],[72.13641,19.93513],[72.13695,19.93634],[72.1375,19.93759],[72.13832,19.9395],[72.1392,19.94161],[72.14019,19.94402],[72.14221,19.94902],[72.14308,19.95114],[72.14401,19.95337],[72.14484,19.95534],[72.14517,19.9561],[72.14549,19.95686],[72.1458,19.95764],[72.14642,19.9592],[72.14701,19.9608],[72.14758,19.96241],[72.14813,19.96406],[72.14867,19.96574],[72.14918,19.96744],[72.14968,19.96918],[72.15015,19.97094],[72.15061,19.97275],[72.15105,19.97459],[72.15148,19.97646],[72.15189,19.97838],[72.15228,19.98035],[72.15266,19.98236],[72.15299,19.98422],[72.15327,19.9859],[72.15355,19.98762],[72.15381,19.98939],[72.15408,19.9912],[72.15433,19.99307],[72.15459,19.99501],[72.15484,19.99702],[72.15516,19.99978],[72.15557,20.00348],[72.15597,20.00731],[72.15684,20.01599],[72.15736,20.02101],[72.1576,20.02327],[72.15786,20.02567],[72.15812,20.02792],[72.15838,20.03005],[72.15864,20.0321],[72.15892,20.03427],[72.15922,20.03636],[72.15952,20.03838],[72.15983,20.04034],[72.16015,20.04226],[72.16048,20.04412],[72.16082,20.04594],[72.16118,20.04772],[72.16154,20.04944],[72.16191,20.05112],[72.16229,20.05277],[72.16269,20.05439],[72.1631,20.05598],[72.16353,20.05755],[72.16397,20.05909],[72.16443,20.0606],[72.1649,20.06209],[72.16539,20.06356],[72.16589,20.06501],[72.1664,20.06643],[72.16694,20.06784],[72.16749,20.06922],[72.16805,20.07058],[72.16864,20.07193],[72.16935,20.07355],[72.17014,20.07538],[72.17265,20.08133],[72.17355,20.08342],[72.17439,20.08537],[72.17517,20.08712],[72.17568,20.08824],[72.17617,20.08931],[72.17665,20.09033],[72.17713,20.09132],[72.1776,20.09228],[72.17806,20.09321],[72.17853,20.09411],[72.17899,20.09499],[72.17951,20.09595],[72.18003,20.09689],[72.18056,20.0978],[72.18108,20.09868],[72.18161,20.09955],[72.18214,20.10038],[72.18267,20.1012],[72.1832,20.10199],[72.18374,20.10276],[72.18429,20.10352],[72.18484,20.10425],[72.1854,20.10496],[72.18596,20.10565],[72.18652,20.10633],[72.1871,20.10698],[72.18767,20.10762],[72.18838,20.10837],[72.18911,20.10911],[72.18986,20.10985],[72.19064,20.11059],[72.19143,20.11132],[72.19225,20.11205],[72.1931,20.11277],[72.19396,20.11348],[72.19484,20.1142],[72.19575,20.1149],[72.19668,20.11561],[72.19763,20.1163],[72.19861,20.117],[72.1996,20.11768],[72.20062,20.11836],[72.20165,20.11904],[72.20271,20.11971],[72.20379,20.12038],[72.2049,20.12104],[72.20602,20.12169],[72.20716,20.12234],[72.20832,20.12298],[72.2095,20.12362],[72.21071,20.12425],[72.21193,20.12487],[72.21317,20.12549],[72.21443,20.1261],[72.21571,20.1267],[72.217,20.1273],[72.21831,20.12788],[72.21964,20.12846],[72.22099,20.12904],[72.2219,20.12941],[72.22281,20.12978],[72.22372,20.13014],[72.22464,20.13049],[72.22556,20.13084],[72.22649,20.13117],[72.22742,20.1315],[72.22835,20.13182],[72.22928,20.13212],[72.23022,20.13243],[72.23116,20.13272],[72.2321,20.133],[72.23305,20.13328],[72.23399,20.13355],[72.23495,20.1338],[72.2359,20.13406],[72.23686,20.1343],[72.23782,20.13453],[72.23878,20.13476],[72.23975,20.13497],[72.24072,20.13518],[72.24169,20.13538],[72.24267,20.13557],[72.24364,20.13576],[72.24463,20.13593],[72.24561,20.1361],[72.2466,20.13626],[72.24759,20.1364],[72.24858,20.13655],[72.24958,20.13668],[72.25058,20.1368],[72.25158,20.13692],[72.25258,20.13703],[72.25359,20.13712],[72.2546,20.13721],[72.25562,20.1373],[72.25664,20.13737],[72.25766,20.13744],[72.25868,20.13749],[72.25971,20.13754],[72.26073,20.13758],[72.26177,20.13761],[72.2628,20.13764],[72.26384,20.13765],[72.26488,20.13766],[72.26593,20.13765],[72.26697,20.13764],[72.26802,20.13762],[72.26908,20.1376],[72.27013,20.13756],[72.27119,20.13752],[72.27225,20.13746],[72.27332,20.1374],[72.27439,20.13733],[72.27546,20.13726],[72.27653,20.13717],[72.27761,20.13707],[72.27869,20.13697],[72.27977,20.13686],[72.28086,20.13674],[72.28195,20.13661],[72.28304,20.13647],[72.28413,20.13633],[72.28523,20.13617]]]},"properties":{"Julian_day":"270","Year":2026,"UID":"2026270023","Length":39.1722802969}},{"type":"Feature","geometry":{"type":"MultiLineString","coordinates":[[[72.02587,19.70787],[72.02716,19.70734],[72.02845,19.70681],[72.02973,19.70627],[72.03101,19.70572],[72.03228,19.70517],[72.03355,19.70462],[72.03481,19.70405],[72.03606,19.70349],[72.03731,19.70291],[72.03855,19.70233],[72.03979,19.70175],[72.04102,19.70116],[72.04225,19.70056],[72.04347,19.69996],[72.04468,19.69935],[72.04589,19.69874],[72.04709,19.69812],[72.04829,19.6975],[72.04948,19.69687],[72.05067,19.69623],[72.05185,19.69559],[72.05302,19.69494],[72.05419,19.69429],[72.05536,19.69363],[72.05651,19.69297],[72.05767,19.6923],[72.05881,19.69162],[72.05995,19.69094],[72.06109,19.69026],[72.06222,19.68956],[72.06334,19.68886],[72.06446,19.68816],[72.06557,19.68745],[72.06668,19.68674],[72.06778,19.68602],[72.06888,19.68529],[72.06997,19.68456],[72.07105,19.68382],[72.07213,19.68308],[72.0732,19.68233],[72.07427,19.68157],[72.07533,19.68081],[72.07639,19.68005],[72.07744,19.67928],[72.07848,19.6785],[72.07952,19.67772],[72.08055,19.67693],[72.08158,19.67614],[72.0826,19.67534],[72.08362,19.67453],[72.08463,19.67372],[72.08564,19.6729],[72.08664,19.67208],[72.08763,19.67125],[72.08862,19.67042],[72.0896,19.66958],[72.09058,19.66873],[72.09155,19.66788],[72.09251,19.66703],[72.09347,19.66617],[72.09443,19.6653],[72.09537,19.66443],[72.09632,19.66355],[72.09725,19.66266],[72.09778,19.66215],[72.09831,19.66164],[72.09884,19.66111],[72.09936,19.66058],[72.09987,19.66004],[72.10039,19.65949],[72.1009,19.65894],[72.10141,19.65837],[72.10192,19.6578],[72.10242,19.65722],[72.10293,19.65663],[72.10343,19.65603],[72.10392,19.65542],[72.10442,19.65481],[72.1054,19.65355],[72.10638,19.65225],[72.10735,19.65092],[72.10831,19.64955],[72.10927,19.64814],[72.11023,19.64669],[72.11118,19.64519],[72.11214,19.64364],[72.1131,19.64204],[72.11386,19.64073],[72.11463,19.63938],[72.1154,19.638],[72.11619,19.63657],[72.11698,19.63509],[72.11779,19.63356],[72.11861,19.63196],[72.11946,19.6303],[72.12016,19.62889],[72.12165,19.62587],[72.12317,19.62274],[72.12659,19.6156],[72.12859,19.61146],[72.12949,19.6096],[72.13046,19.60762],[72.13138,19.60578],[72.13227,19.60403],[72.13313,19.60236],[72.13405,19.6006],[72.13496,19.59892],[72.13585,19.59729],[72.13674,19.59572],[72.13761,19.59419],[72.13848,19.59271],[72.13935,19.59128],[72.14022,19.58989],[72.14107,19.58856],[72.14192,19.58728],[72.14277,19.58602],[72.14362,19.5848],[72.14448,19.5836],[72.14534,19.58244],[72.14621,19.5813],[72.14708,19.5802],[72.14796,19.57911],[72.14885,19.57806],[72.14975,19.57703],[72.15065,19.57602],[72.15157,19.57504],[72.15249,19.57408],[72.15342,19.57315],[72.15436,19.57224],[72.15779,19.56899],[72.15895,19.56791],[72.15999,19.56694],[72.16104,19.56597],[72.16204,19.56508],[72.163,19.56423],[72.16392,19.56343],[72.16487,19.56263],[72.16579,19.56187],[72.1667,19.56114],[72.16759,19.56044],[72.16846,19.55978],[72.16932,19.55915],[72.17018,19.55854],[72.17102,19.55797],[72.17169,19.55752],[72.17237,19.55709],[72.17306,19.55666],[72.17376,19.55624],[72.17447,19.55583],[72.17518,19.55543],[72.17591,19.55503],[72.17665,19.55465],[72.17739,19.55427],[72.17815,19.55389],[72.17891,19.55353],[72.17969,19.55317],[72.18047,19.55283],[72.18127,19.55248],[72.18207,19.55215],[72.18289,19.55183],[72.18371,19.55151],[72.18455,19.5512],[72.18539,19.55089],[72.18625,19.5506],[72.18712,19.55031],[72.18799,19.55003],[72.18888,19.54976],[72.18978,19.54949],[72.19069,19.54923],[72.19161,19.54898],[72.19255,19.54873],[72.19349,19.5485],[72.19445,19.54826],[72.19542,19.54804],[72.19641,19.54782],[72.1974,19.54761],[72.19836,19.54742],[72.19933,19.54723],[72.20032,19.54705],[72.20132,19.54687],[72.20233,19.5467],[72.20335,19.54653],[72.20439,19.54637],[72.20544,19.54622],[72.20651,19.54607],[72.2076,19.54593],[72.2087,19.54579],[72.21096,19.54553],[72.2133,19.54529],[72.21565,19.54507],[72.21801,19.54488],[72.22049,19.54469],[72.2231,19.54452],[72.22575,19.54437],[72.22848,19.54423],[72.23254,19.54403],[72.24002,19.54369],[72.24389,19.5435],[72.24659,19.54337],[72.24789,19.54332],[72.24924,19.54328],[72.25051,19.54325],[72.25172,19.54323],[72.25287,19.54322],[72.25406,19.54323],[72.25521,19.54325],[72.25632,19.54329],[72.2574,19.54334],[72.25845,19.5434],[72.25947,19.54348],[72.26047,19.54358],[72.26144,19.54369],[72.26206,19.54377],[72.26269,19.54386],[72.26332,19.54396],[72.26395,19.54406],[72.26458,19.54417],[72.26522,19.5443],[72.26585,19.54442],[72.26649,19.54456],[72.26713,19.54471],[72.26778,19.54486],[72.26842,19.54502],[72.26907,19.54519],[72.26972,19.54537],[72.27103,19.54575],[72.27236,19.54616],[72.27369,19.54661],[72.27503,19.54709],[72.27639,19.5476],[72.27777,19.54815],[72.27916,19.54873],[72.28056,19.54934],[72.28199,19.54999],[72.28339,19.55066],[72.28478,19.55135],[72.28619,19.55207],[72.28762,19.55282],[72.28908,19.55361],[72.29057,19.55444],[72.2921,19.55531],[72.29367,19.55623],[72.29522,19.55716],[72.29677,19.5581],[72.29838,19.5591],[72.30008,19.56016],[72.30176,19.56123],[72.30344,19.56232],[72.30605,19.56401],[72.31141,19.56748],[72.31198,19.56786],[72.31254,19.56824],[72.31311,19.56863],[72.31367,19.56903],[72.31424,19.56944],[72.3148,19.56986],[72.31536,19.57029],[72.31592,19.57073],[72.31647,19.57118],[72.31703,19.57164],[72.31758,19.5721],[72.31814,19.57258],[72.31869,19.57307],[72.31924,19.57357],[72.31979,19.57407],[72.32034,19.57459],[72.32089,19.57512],[72.32144,19.57565],[72.32198,19.5762],[72.32253,19.57676],[72.32308,19.57733],[72.32363,19.57791],[72.32417,19.5785],[72.32472,19.5791],[72.32582,19.58034],[72.32692,19.58162],[72.32803,19.58296],[72.32915,19.58435],[72.33006,19.58551],[72.33098,19.58672],[72.33191,19.58796],[72.33286,19.58925],[72.33382,19.59059],[72.3348,19.59198],[72.3358,19.59343],[72.33684,19.59495],[72.33771,19.59624],[72.33861,19.5976],[72.33956,19.59904],[72.34056,19.60059],[72.34244,19.6035],[72.34577,19.6087],[72.3477,19.6117],[72.34891,19.61357],[72.35012,19.61542],[72.35135,19.61726],[72.35252,19.61899],[72.35364,19.62062],[72.35482,19.6223],[72.35606,19.62401],[72.35727,19.62564],[72.35816,19.62682],[72.35875,19.62758],[72.35934,19.62832],[72.35992,19.62905],[72.3605,19.62976],[72.36108,19.63045],[72.36165,19.63113],[72.36222,19.6318],[72.3628,19.63245],[72.36337,19.63309],[72.36398,19.63376],[72.36463,19.63446],[72.36528,19.63514],[72.36593,19.63581],[72.36659,19.63646],[72.36724,19.63709],[72.36789,19.6377],[72.36854,19.6383],[72.36919,19.63889],[72.36985,19.63946],[72.3705,19.64001],[72.37116,19.64055],[72.37182,19.64107],[72.37248,19.64158],[72.37314,19.64207],[72.3738,19.64255],[72.37447,19.64301],[72.37514,19.64346],[72.37581,19.6439],[72.37649,19.64432],[72.37716,19.64473],[72.37784,19.64512],[72.37852,19.6455],[72.37921,19.64586],[72.3799,19.64621],[72.38059,19.64654],[72.38128,19.64687],[72.38198,19.64717],[72.38268,19.64747],[72.38339,19.64775],[72.3841,19.64801],[72.38481,19.64826],[72.38587,19.64862],[72.38728,19.64906],[72.38871,19.64949],[72.39014,19.6499],[72.39158,19.65028],[72.39303,19.65065],[72.3945,19.651],[72.39597,19.65132],[72.39745,19.65163],[72.39894,19.65192],[72.40045,19.65219],[72.40196,19.65244],[72.40348,19.65266],[72.40501,19.65287],[72.40655,19.65306],[72.4081,19.65323],[72.40967,19.65338],[72.41124,19.65351],[72.41282,19.65362],[72.41441,19.6537],[72.41601,19.65377],[72.41762,19.65382],[72.41924,19.65385],[72.42087,19.65386],[72.42252,19.65385],[72.42417,19.65382],[72.42583,19.65377],[72.4275,19.6537],[72.42918,19.65361],[72.43087,19.6535],[72.43257,19.65338],[72.43428,19.65323],[72.43514,19.65314]]]},"properties":{"Julian_day":"270","Year":2026,"UID":"2026270024","Length":56.1648161384}},{"type":"Feature","geometry":{"type":"MultiLineString","coordinates":[[[72.10915,19.28433],[72.11152,19.28507],[72.11388,19.28579],[72.11624,19.28648],[72.11859,19.28715],[72.12094,19.2878],[72.12328,19.28842],[72.12561,19.28902],[72.12794,19.2896],[72.13027,19.29015],[72.13259,19.29068],[72.1349,19.29119],[72.13721,19.29167],[72.13951,19.29213],[72.14181,19.29256],[72.1441,19.29297],[72.14638,19.29336],[72.14866,19.29373],[72.15093,19.29407],[72.1532,19.29438],[72.15547,19.29468],[72.15772,19.29495],[72.15998,19.2952],[72.16222,19.29542],[72.16446,19.29562],[72.1667,19.2958],[72.16893,19.29595],[72.17115,19.29608],[72.17337,19.29618],[72.17558,19.29627],[72.17779,19.29632],[72.17999,19.29636],[72.18219,19.29637],[72.18438,19.29636],[72.18657,19.29632],[72.18874,19.29627],[72.19092,19.29618],[72.19309,19.29608],[72.19525,19.29595],[72.19741,19.2958],[72.19956,19.29562],[72.20171,19.29542],[72.20385,19.2952],[72.20598,19.29495],[72.20811,19.29468],[72.21024,19.29438],[72.21235,19.29407],[72.21447,19.29373],[72.21658,19.29336],[72.21868,19.29297],[72.22077,19.29256],[72.22286,19.29213],[72.22495,19.29167],[72.22703,19.29119],[72.2291,19.29068],[72.23117,19.29015],[72.23324,19.2896],[72.23529,19.28902],[72.23734,19.28842],[72.23939,19.2878],[72.24143,19.28715],[72.24347,19.28648],[72.2455,19.28579],[72.24752,19.28507],[72.24954,19.28433],[72.25332,19.2829],[72.25498,19.28227],[72.25655,19.28166],[72.25806,19.28106],[72.25951,19.28048],[72.26091,19.27991],[72.26226,19.27934],[72.2636,19.27878],[72.2649,19.27822],[72.26616,19.27766],[72.2674,19.2771],[72.2686,19.27655],[72.26978,19.27599],[72.27093,19.27543],[72.27206,19.27488],[72.27319,19.27431],[72.2743,19.27373],[72.27538,19.27316],[72.27644,19.27258],[72.27748,19.27199],[72.27849,19.27141],[72.27949,19.27082],[72.28047,19.27023],[72.28143,19.26963],[72.28236,19.26902],[72.28328,19.26841],[72.28419,19.2678],[72.28507,19.26718],[72.28593,19.26656],[72.28678,19.26593],[72.28761,19.26529],[72.28813,19.26488],[72.28866,19.26445],[72.28919,19.264],[72.28972,19.26353],[72.29026,19.26304],[72.2908,19.26253],[72.29136,19.262],[72.29192,19.26144],[72.29251,19.26085],[72.29311,19.26022],[72.29374,19.25956],[72.2944,19.25885],[72.29574,19.25737],[72.2984,19.25438],[72.29953,19.25313],[72.30072,19.25184],[72.30154,19.25097],[72.30213,19.25037],[72.30276,19.24973],[72.30338,19.24912],[72.30399,19.24854],[72.30459,19.24799],[72.30519,19.24747],[72.30577,19.24697],[72.30636,19.24649],[72.30701,19.24597],[72.30776,19.2454],[72.30853,19.24485],[72.30931,19.24431],[72.31011,19.24377],[72.31093,19.24324],[72.31177,19.24273],[72.31263,19.24222],[72.31351,19.24172],[72.31441,19.24123],[72.31533,19.24075],[72.31627,19.24027],[72.31724,19.23981],[72.31823,19.23934],[72.31925,19.23889],[72.3203,19.23843],[72.3213,19.23802],[72.32224,19.23764],[72.3232,19.23726],[72.3242,19.23688],[72.32522,19.2365],[72.32628,19.23612],[72.32737,19.23573],[72.32851,19.23534],[72.33012,19.23481],[72.33233,19.2341],[72.33464,19.23337],[72.34019,19.23167],[72.34283,19.23086],[72.34449,19.23033],[72.34617,19.22979],[72.34788,19.22923],[72.34948,19.22868],[72.351,19.22815],[72.35217,19.22772],[72.35304,19.22739],[72.35388,19.22707],[72.35471,19.22674],[72.35552,19.22641],[72.35631,19.22608],[72.35708,19.22575],[72.35784,19.22542],[72.35858,19.22509],[72.35931,19.22475],[72.36003,19.22441],[72.36073,19.22406],[72.36143,19.22371],[72.36211,19.22336],[72.36277,19.223],[72.36343,19.22264],[72.3643,19.22215],[72.36541,19.2215],[72.36651,19.22083],[72.36761,19.22014],[72.36872,19.21943],[72.36982,19.21869],[72.37094,19.21792],[72.37205,19.21713],[72.37317,19.21631],[72.3743,19.21547],[72.37543,19.2146],[72.37657,19.2137],[72.37772,19.21277],[72.37888,19.21181],[72.38006,19.21082],[72.38125,19.20979],[72.38234,19.20884],[72.38332,19.20797],[72.38431,19.20707],[72.38532,19.20614],[72.38635,19.20518],[72.38741,19.20418],[72.3885,19.20315],[72.38962,19.20207],[72.39115,19.20058],[72.39319,19.19857],[72.39528,19.19648],[72.40002,19.19172],[72.40279,19.18895],[72.40471,19.18703],[72.40601,19.18576],[72.40724,19.18456],[72.40842,19.18342],[72.40962,19.18228],[72.41085,19.18112],[72.41205,19.18001],[72.41322,19.17894],[72.41437,19.17791],[72.4155,19.17691],[72.41661,19.17595],[72.41771,19.17502],[72.4188,19.1741],[72.41989,19.17321],[72.42098,19.17235],[72.42205,19.17151],[72.42312,19.1707],[72.42418,19.16991],[72.42523,19.16915],[72.42628,19.16841],[72.42733,19.16769],[72.42838,19.16699],[72.42942,19.16631],[72.43046,19.16566],[72.4315,19.16503],[72.43254,19.16442],[72.43358,19.16382],[72.43462,19.16325],[72.43567,19.16269],[72.43674,19.16214],[72.43782,19.16158],[72.43892,19.16103],[72.44002,19.16048],[72.44114,19.15993],[72.44227,19.15939],[72.44341,19.15885],[72.44456,19.15831],[72.44573,19.15778],[72.44691,19.15725],[72.4481,19.15672],[72.4493,19.15619],[72.45051,19.15567],[72.45174,19.15514],[72.45298,19.15463],[72.45487,19.15385],[72.45743,19.15283],[72.46005,19.15181],[72.46272,19.15081],[72.46546,19.1498],[72.46826,19.14881],[72.47113,19.14781],[72.47408,19.14682],[72.4767,19.14596],[72.47893,19.14525],[72.48116,19.14455],[72.48339,19.14388],[72.48563,19.14322],[72.48788,19.14258],[72.49013,19.14195],[72.49239,19.14135],[72.49465,19.14076],[72.49692,19.14019],[72.49919,19.13964],[72.50147,19.1391],[72.50376,19.13859],[72.50605,19.13809],[72.50834,19.13761],[72.51064,19.13714],[72.51295,19.1367],[72.51526,19.13627],[72.51757,19.13586],[72.51989,19.13546],[72.52222,19.13509],[72.52455,19.13473],[72.52689,19.13439],[72.52923,19.13407],[72.53158,19.13376],[72.53393,19.13348],[72.53629,19.13321],[72.53865,19.13296],[72.54102,19.13272],[72.54339,19.13251],[72.54577,19.13231],[72.54816,19.13213],[72.54935,19.13204]]]},"properties":{"Julian_day":"270","Year":2026,"UID":"2026270025","Length":51.7222521903}},{"type":"Feature","geometry":{"type":"MultiLineString","coordinates":[[[72.51128,18.79654],[72.51221,18.7963],[72.51313,18.79605],[72.51405,18.79579],[72.51496,18.79553],[72.51587,18.79526],[72.51677,18.79498],[72.51767,18.79469],[72.51857,18.7944],[72.51946,18.7941],[72.52034,18.79379],[72.52122,18.79347],[72.5221,18.79315],[72.52297,18.79282],[72.52384,18.79248],[72.5247,18.79213],[72.52556,18.79178],[72.52647,18.79139],[72.52738,18.79099],[72.52829,18.79057],[72.5292,18.79013],[72.53011,18.78968],[72.53101,18.78922],[72.53192,18.78873],[72.53282,18.78824],[72.53373,18.78773],[72.53463,18.7872],[72.53553,18.78666],[72.53643,18.7861],[72.53732,18.78553],[72.53822,18.78494],[72.53911,18.78434],[72.54001,18.78372],[72.5409,18.78309],[72.54179,18.78244],[72.54268,18.78178],[72.54356,18.7811],[72.54445,18.78041],[72.54533,18.7797],[72.54621,18.77898],[72.54709,18.77824],[72.54797,18.77749],[72.54885,18.77672],[72.54972,18.77594],[72.55059,18.77514],[72.55146,18.77433],[72.55233,18.7735],[72.5532,18.77266],[72.55406,18.7718],[72.55493,18.77093],[72.55579,18.77004],[72.55665,18.76914],[72.55751,18.76822],[72.55836,18.76729],[72.55922,18.76635],[72.56007,18.76539],[72.56091,18.76441],[72.56176,18.76343],[72.5626,18.76242],[72.56344,18.76141],[72.56428,18.76038],[72.56511,18.75934],[72.56594,18.75828],[72.56677,18.75721],[72.5676,18.75612],[72.56842,18.75502],[72.56924,18.75391],[72.57005,18.75279],[72.57086,18.75165],[72.57167,18.7505],[72.57248,18.74934],[72.57328,18.74816],[72.57407,18.74697],[72.57487,18.74577],[72.57565,18.74456],[72.57644,18.74334],[72.57722,18.7421],[72.57799,18.74086],[72.57876,18.7396],[72.57953,18.73833],[72.58028,18.73705],[72.58083,18.7361],[72.58137,18.73513],[72.58189,18.73414],[72.5824,18.73313],[72.58289,18.7321],[72.58337,18.73105],[72.58385,18.72998],[72.5843,18.72889],[72.58475,18.72777],[72.58519,18.72663],[72.58561,18.72547],[72.58602,18.72428],[72.58643,18.72306],[72.58682,18.72181],[72.58721,18.72053],[72.58758,18.71922],[72.58792,18.71802],[72.58824,18.71679],[72.58856,18.71553],[72.58888,18.71423],[72.58919,18.7129],[72.5895,18.71152],[72.58981,18.71009],[72.59012,18.7086],[72.59039,18.70726],[72.59067,18.70586],[72.59125,18.7028],[72.59181,18.69972],[72.59285,18.69388],[72.59327,18.69152],[72.59372,18.68908],[72.59414,18.6869],[72.59463,18.68443],[72.59511,18.68213],[72.59559,18.67995],[72.59608,18.67789],[72.59638,18.67665],[72.59669,18.67544],[72.59701,18.67427],[72.59733,18.67311],[72.59765,18.67199],[72.59798,18.67088],[72.59832,18.6698],[72.59866,18.66874],[72.59901,18.6677],[72.59937,18.66668],[72.59974,18.66567],[72.60012,18.66469],[72.6005,18.66372],[72.60089,18.66277],[72.60129,18.66183],[72.6017,18.66091],[72.6022,18.65983],[72.60272,18.65874],[72.60327,18.65765],[72.60383,18.65655],[72.60442,18.65545],[72.60503,18.65435],[72.60566,18.65324],[72.60632,18.65212],[72.607,18.65099],[72.6077,18.64985],[72.60843,18.64871],[72.60918,18.64755],[72.60997,18.64638],[72.61078,18.64519],[72.61162,18.64399],[72.61249,18.64277],[72.61321,18.64178],[72.61395,18.64077],[72.61472,18.63974],[72.61552,18.63869],[72.61634,18.63761],[72.61719,18.63651],[72.61808,18.63538],[72.61981,18.63321],[72.62151,18.6311],[72.62328,18.62893],[72.62734,18.62399],[72.62971,18.62111],[72.63135,18.61909],[72.63244,18.61773],[72.63347,18.61644],[72.63444,18.61521],[72.63542,18.61395],[72.63642,18.61265],[72.63737,18.6114],[72.63829,18.61017],[72.63917,18.60897],[72.64002,18.60779],[72.64084,18.60663],[72.64163,18.60549],[72.64241,18.60433],[72.64318,18.60316],[72.64393,18.60201],[72.64465,18.60087],[72.64534,18.59973],[72.64601,18.59861],[72.64665,18.5975],[72.64728,18.59639],[72.64787,18.59529],[72.64845,18.59419],[72.64901,18.59309],[72.64954,18.59201],[72.65005,18.59092],[72.65054,18.58984],[72.65101,18.58876],[72.65145,18.58768],[72.652,18.5863],[72.65266,18.58458],[72.6533,18.58284],[72.65393,18.58108],[72.65454,18.5793],[72.65514,18.57749],[72.65573,18.57566],[72.6563,18.5738],[72.65685,18.57193],[72.65739,18.57002],[72.65792,18.5681],[72.65844,18.56615],[72.65893,18.56418],[72.65942,18.56218],[72.65989,18.56016],[72.66035,18.55812],[72.66079,18.55605],[72.66122,18.55396],[72.66164,18.55184],[72.66204,18.54969],[72.66243,18.54752],[72.6628,18.54533],[72.66316,18.54311],[72.66351,18.54086],[72.66385,18.53858],[72.66417,18.53627],[72.66448,18.53394],[72.66477,18.53157],[72.66505,18.52917],[72.66532,18.52674],[72.66558,18.52428],[72.66583,18.52178],[72.66602,18.51971],[72.66616,18.51809],[72.66629,18.51647],[72.66641,18.51484],[72.66652,18.51322],[72.66662,18.5116],[72.66672,18.50997],[72.6668,18.50834],[72.66688,18.50671],[72.66694,18.50509],[72.667,18.50346],[72.66704,18.50182],[72.66708,18.50019],[72.66711,18.49856],[72.66713,18.49693],[72.66714,18.49529],[72.66714,18.49365],[72.66713,18.49202],[72.66711,18.49038],[72.66708,18.48874],[72.66704,18.4871],[72.667,18.48546],[72.66694,18.48382],[72.66688,18.48218],[72.6668,18.48053],[72.66672,18.47889],[72.66662,18.47724],[72.66652,18.4756],[72.66641,18.47395],[72.66629,18.4723],[72.66616,18.47065],[72.66602,18.469],[72.66595,18.46817]]]},"properties":{"Julian_day":"270","Year":2026,"UID":"2026270026","Length":41.9673369657}},{"type":"Feature","geometry":{"type":"MultiLineString","coordinates":[[[72.6945,18.38965],[72.69399,18.38731],[72.69349,18.38498],[72.69301,18.38265],[72.69254,18.38032],[72.6921,18.378],[72.69166,18.37567],[72.69125,18.37336],[72.69085,18.37104],[72.69047,18.36873],[72.6901,18.36643],[72.68975,18.36412],[72.68941,18.36182],[72.6891,18.35952],[72.68879,18.35723],[72.68851,18.35494],[72.68824,18.35265],[72.68799,18.35037],[72.68775,18.34809],[72.68753,18.34581],[72.68733,18.34354],[72.68714,18.34127],[72.68697,18.339],[72.68681,18.33674],[72.68668,18.33448],[72.68655,18.33223],[72.68645,18.32997],[72.68636,18.32772],[72.68628,18.32548],[72.68623,18.32323],[72.68619,18.321],[72.68616,18.31876],[72.68615,18.31653],[72.68616,18.3143],[72.68619,18.31207],[72.68623,18.30985],[72.68628,18.30763],[72.68636,18.30542],[72.68645,18.3032],[72.68655,18.301],[72.68668,18.29879],[72.68681,18.29659],[72.68697,18.29439],[72.68714,18.29219],[72.68733,18.29],[72.68753,18.28781],[72.68775,18.28563],[72.68799,18.28345],[72.68824,18.28127],[72.68851,18.2791],[72.68879,18.27692],[72.6891,18.27476],[72.68941,18.27259],[72.68975,18.27043],[72.6901,18.26827],[72.69047,18.26612],[72.69085,18.26397],[72.69125,18.26182],[72.69166,18.25968],[72.6921,18.25754],[72.69254,18.2554],[72.69301,18.25326],[72.69349,18.25113],[72.69399,18.24901],[72.6945,18.24688],[72.69482,18.24561],[72.69517,18.24433],[72.69554,18.24304],[72.69593,18.24174],[72.69635,18.24043],[72.69679,18.23911],[72.69726,18.23777],[72.69775,18.23643],[72.69826,18.23507],[72.6988,18.23369],[72.69937,18.2323],[72.69996,18.23089],[72.70058,18.22946],[72.70123,18.22801],[72.70191,18.22653],[72.70262,18.22502],[72.70322,18.22379],[72.70383,18.22254],[72.70447,18.22126],[72.70513,18.21995],[72.70582,18.21861],[72.70654,18.21724],[72.70729,18.21581],[72.70809,18.21434],[72.70947,18.2118],[72.71102,18.20898],[72.71254,18.20626],[72.71629,18.19957],[72.71824,18.19604],[72.71923,18.19423],[72.72016,18.19254],[72.72102,18.19092],[72.72184,18.18937],[72.72273,18.18766],[72.72358,18.18601],[72.72438,18.1844],[72.72515,18.18284],[72.72588,18.18131],[72.72658,18.17981],[72.72725,18.17834],[72.72789,18.17689],[72.72855,18.17535],[72.72918,18.17382],[72.72978,18.17232],[72.73035,18.17084],[72.73089,18.16938],[72.7314,18.16793],[72.73188,18.1665],[72.73233,18.16508],[72.73275,18.16367],[72.73315,18.16227],[72.73352,18.16089],[72.73386,18.15951],[72.73417,18.15814],[72.73446,18.15678],[72.73472,18.15543],[72.73495,18.15408],[72.73514,18.1529],[72.73532,18.15172],[72.7355,18.15053],[72.73567,18.14934],[72.73583,18.14815],[72.73598,18.14696],[72.73613,18.14577],[72.73627,18.14458],[72.7364,18.14339],[72.73652,18.14219],[72.73664,18.14099],[72.73675,18.13979],[72.73686,18.13859],[72.73695,18.13739],[72.73704,18.13619],[72.73712,18.13499],[72.7372,18.13378],[72.73726,18.13257],[72.73732,18.13137],[72.73738,18.13016],[72.73742,18.12895],[72.73746,18.12773],[72.73749,18.12652],[72.73752,18.1253],[72.73753,18.12409],[72.73754,18.12287],[72.73754,18.12165],[72.73754,18.12043],[72.73753,18.11921],[72.73748,18.11676],[72.73741,18.11431],[72.73731,18.11185],[72.73717,18.10938],[72.73701,18.10691],[72.73682,18.10444],[72.7366,18.10195],[72.73636,18.09947],[72.73608,18.09697],[72.73578,18.09448],[72.73544,18.09197],[72.73508,18.08946],[72.73469,18.08695],[72.73427,18.08443],[72.73382,18.0819],[72.73334,18.07937],[72.73283,18.07683],[72.73257,18.07556]]]},"properties":{"Julian_day":"270","Year":2026,"UID":"2026270027","Length":35.8461103268}},{"type":"Feature","geometry":{"type":"MultiLineString","coordinates":[[[72.73257,17.95183],[72.73247,17.94925],[72.73234,17.94667],[72.73219,17.9441],[72.73201,17.94154],[72.7318,17.93899],[72.73157,17.93644],[72.73131,17.9339],[72.73103,17.93137],[72.73072,17.92885],[72.73038,17.92633],[72.73002,17.92382],[72.72963,17.92132],[72.72922,17.91882],[72.72877,17.91633],[72.72831,17.91385],[72.72781,17.91138],[72.72753,17.91007],[72.72723,17.90876],[72.7269,17.90744],[72.72655,17.90612],[72.72618,17.90478],[72.72578,17.90344],[72.72536,17.90209],[72.72492,17.90073],[72.72445,17.89936],[72.72395,17.89798],[72.72343,17.89659],[72.72289,17.89518],[72.72232,17.89376],[72.72172,17.89232],[72.72109,17.89087],[72.72044,17.88939],[72.71977,17.88793],[72.71907,17.88644],[72.71834,17.88492],[72.71758,17.88337],[72.71678,17.88179],[72.71595,17.88018],[72.71508,17.87851],[72.71417,17.87679],[72.7133,17.8752],[72.71239,17.87354],[72.71142,17.8718],[72.71039,17.86995],[72.70832,17.86631],[72.70432,17.85934],[72.70269,17.85649],[72.70102,17.85352],[72.69953,17.85085],[72.69868,17.84929],[72.69787,17.84779],[72.69709,17.84634],[72.69635,17.84492],[72.69563,17.84354],[72.69495,17.84219],[72.69429,17.84086],[72.69365,17.83956],[72.69288,17.83796],[72.69215,17.83638],[72.69145,17.83484],[72.69078,17.83331],[72.69015,17.83181],[72.68954,17.83032],[72.68896,17.82886],[72.68841,17.82741],[72.68789,17.82597],[72.68739,17.82454],[72.68692,17.82312],[72.68648,17.82172],[72.68607,17.82033],[72.68568,17.81894],[72.68532,17.81757],[72.68498,17.8162],[72.68442,17.81383],[72.68312,17.80852],[72.68081,17.79905],[72.67979,17.79483],[72.67883,17.79073],[72.67812,17.78766],[72.67763,17.78544],[72.67716,17.7833],[72.67671,17.78121],[72.67629,17.77918],[72.67589,17.77719],[72.67551,17.77525],[72.67515,17.77335],[72.6748,17.77139],[72.67445,17.76938],[72.67412,17.76741],[72.67382,17.76548],[72.67354,17.76357],[72.67328,17.7617],[72.67304,17.75986],[72.67282,17.75804],[72.67262,17.75625],[72.67244,17.75449],[72.67228,17.75275],[72.67215,17.75104],[72.67203,17.74934],[72.67194,17.74768],[72.67187,17.74603],[72.67181,17.7444],[72.67178,17.74275],[72.67177,17.74108],[72.67178,17.73943],[72.67181,17.7378],[72.67187,17.73619],[72.67195,17.7346],[72.67205,17.73304],[72.67218,17.73149],[72.67233,17.72997],[72.6725,17.72846],[72.6727,17.72698],[72.67292,17.72552],[72.67316,17.72407],[72.67343,17.72265],[72.67372,17.72124],[72.67403,17.71985],[72.67437,17.71849],[72.67473,17.71714],[72.67511,17.7158],[72.67552,17.71449],[72.67595,17.7132],[72.6764,17.71192],[72.67688,17.71066],[72.67725,17.70973],[72.67751,17.70912],[72.67777,17.70851],[72.67804,17.7079],[72.67831,17.7073],[72.67859,17.7067],[72.67888,17.70611],[72.67917,17.70552],[72.67947,17.70494],[72.67978,17.70436],[72.68009,17.70378],[72.6804,17.70321],[72.68072,17.70264],[72.68105,17.70208],[72.68139,17.70152],[72.68173,17.70097],[72.68207,17.70042],[72.68242,17.69988],[72.68278,17.69935],[72.68314,17.69882],[72.68354,17.69826],[72.68398,17.69768],[72.68462,17.69685],[72.68552,17.69572],[72.68714,17.69369],[72.68767,17.69302],[72.68813,17.69241],[72.68859,17.69179],[72.689,17.6912],[72.68939,17.69064],[72.68974,17.69009],[72.69016,17.68941],[72.69056,17.68872],[72.69095,17.68802],[72.69133,17.68731],[72.6917,17.68659],[72.69205,17.68586],[72.69239,17.68512],[72.69272,17.68436],[72.69304,17.6836],[72.69335,17.68283],[72.69364,17.68205],[72.69392,17.68125],[72.69419,17.68045],[72.69444,17.67964],[72.69469,17.67881],[72.69492,17.67797],[72.69514,17.67713],[72.69534,17.67627],[72.69554,17.6754],[72.69572,17.67452],[72.69589,17.67363],[72.69605,17.67272],[72.6962,17.67181],[72.69633,17.67088],[72.69646,17.66994],[72.69657,17.66899],[72.69667,17.66803],[72.69676,17.66705],[72.69683,17.66606],[72.6969,17.66506],[72.69695,17.66405],[72.69699,17.66302],[72.69702,17.66203],[72.69703,17.66103],[72.69704,17.66002],[72.69704,17.659],[72.69702,17.65796],[72.697,17.65691],[72.69696,17.65584],[72.69691,17.65476],[72.69686,17.65366],[72.69679,17.65255],[72.69671,17.65142],[72.69663,17.65027],[72.69653,17.6491],[72.69642,17.64791],[72.6963,17.64669],[72.69617,17.64546],[72.6959,17.64313],[72.69559,17.6407],[72.69523,17.63815],[72.69483,17.63543],[72.69446,17.63299],[72.69403,17.6303],[72.6936,17.62772],[72.6926,17.62169],[72.69212,17.61871],[72.69196,17.61765],[72.6918,17.61654],[72.69164,17.61536],[72.69148,17.6141],[72.69131,17.61277],[72.69114,17.61127],[72.69061,17.60644],[72.69029,17.60359],[72.69005,17.60152],[72.68986,17.60008],[72.68968,17.59872],[72.6895,17.59744],[72.68928,17.59606],[72.68904,17.5946],[72.68879,17.5932],[72.68852,17.59187],[72.68824,17.59058],[72.68795,17.58933],[72.68765,17.58813],[72.68732,17.58697],[72.68706,17.58609],[72.68686,17.58545],[72.68666,17.58483],[72.68645,17.58422],[72.68623,17.58362],[72.68601,17.58303],[72.68578,17.58245],[72.68555,17.58188],[72.68531,17.58133],[72.68506,17.58078],[72.68481,17.58025],[72.68455,17.57972],[72.68429,17.57921],[72.68402,17.57871],[72.68374,17.57821],[72.68346,17.57773],[72.68317,17.57725],[72.68288,17.57679],[72.68257,17.57633],[72.68227,17.57589],[72.68195,17.57545],[72.68163,17.57503],[72.6813,17.57461],[72.68097,17.5742],[72.68062,17.57381],[72.68028,17.57342],[72.67992,17.57304],[72.67956,17.57267],[72.67919,17.57231],[72.67881,17.57195],[72.67843,17.57161],[72.67804,17.57128],[72.67744,17.57079],[72.67661,17.57015],[72.67576,17.56952],[72.67489,17.56891],[72.674,17.56831],[72.67308,17.56773],[72.67215,17.56717],[72.67119,17.56662],[72.6707,17.56636]]]},"properties":{"Julian_day":"270","Year":2026,"UID":"2026270028","Length":45.1672323504}},{"type":"Feature","geometry":{"type":"MultiLineString","coordinates":[[[72.62549,17.49497],[72.62563,17.49302],[72.62575,17.49106],[72.62586,17.48912],[72.62595,17.48718],[72.62603,17.48525],[72.62609,17.48332],[72.62614,17.48141],[72.62617,17.4795],[72.62619,17.47759],[72.62619,17.47569],[72.62618,17.4738],[72.62615,17.47192],[72.62611,17.47004],[72.62605,17.46817],[72.62598,17.4663],[72.62589,17.46445],[72.62579,17.46259],[72.62567,17.46075],[72.62554,17.45891],[72.62539,17.45708],[72.62523,17.45526],[72.62505,17.45344],[72.62486,17.45163],[72.62465,17.44982],[72.62443,17.44803],[72.62419,17.44624],[72.62394,17.44445],[72.62367,17.44267],[72.62339,17.4409],[72.62309,17.43914],[72.62278,17.43738],[72.62246,17.43563],[72.62211,17.43389],[72.62176,17.43215],[72.62138,17.43042],[72.621,17.42869],[72.62059,17.42698],[72.62018,17.42527],[72.61975,17.42356],[72.6193,17.42187],[72.61884,17.42017],[72.61836,17.41849],[72.61787,17.41681],[72.61736,17.41514],[72.61684,17.41348],[72.6163,17.41182],[72.61575,17.41017],[72.61518,17.40853],[72.6146,17.40689],[72.61401,17.40526],[72.61339,17.40364],[72.61277,17.40202],[72.61213,17.40041],[72.61147,17.39881],[72.6108,17.39721],[72.61011,17.39562],[72.60941,17.39404],[72.60869,17.39246],[72.60796,17.39089],[72.60722,17.38933],[72.60645,17.38777],[72.60568,17.38622],[72.60489,17.38468],[72.60408,17.38314],[72.60371,17.38245],[72.60332,17.38176],[72.60293,17.38106],[72.60252,17.38036],[72.6021,17.37966],[72.60167,17.37896],[72.60122,17.37825],[72.60076,17.37754],[72.60029,17.37683],[72.59981,17.37611],[72.59931,17.37538],[72.5988,17.37465],[72.59827,17.37392],[72.59773,17.37317],[72.59717,17.37242],[72.59659,17.37166],[72.59601,17.3709],[72.59541,17.37013],[72.59414,17.36854],[72.59279,17.36689],[72.59133,17.36515],[72.58989,17.36347],[72.58828,17.36161],[72.58663,17.35973],[72.58212,17.35463],[72.58076,17.35307],[72.57955,17.35168],[72.57817,17.35007],[72.5769,17.34856],[72.57572,17.34712],[72.5746,17.34573],[72.57393,17.34488],[72.57328,17.34404],[72.57266,17.34322],[72.57205,17.34241],[72.57146,17.34161],[72.57089,17.34081],[72.57033,17.34002],[72.56979,17.33925],[72.56927,17.33847],[72.56876,17.3377],[72.56826,17.33694],[72.56778,17.33618],[72.56732,17.33542],[72.56687,17.33467],[72.56643,17.33392],[72.56601,17.33317],[72.56544,17.33214],[72.56487,17.3311],[72.56431,17.33006],[72.56375,17.32901],[72.5632,17.32795],[72.56265,17.32688],[72.56211,17.3258],[72.56157,17.32472],[72.56104,17.32363],[72.56051,17.32253],[72.55999,17.32143],[72.55947,17.32032],[72.55895,17.3192],[72.55845,17.31808],[72.55794,17.31694],[72.55744,17.31581],[72.55695,17.31466],[72.55646,17.31351],[72.55597,17.31235],[72.55502,17.31001],[72.55408,17.30764],[72.55317,17.30525],[72.55228,17.30284],[72.55141,17.3004],[72.55056,17.29794],[72.54973,17.29545],[72.54892,17.29294],[72.54814,17.29041],[72.54737,17.28786],[72.54663,17.28529],[72.54592,17.2827],[72.54522,17.28009],[72.54455,17.27746],[72.5439,17.27483],[72.54328,17.27217],[72.54268,17.2695],[72.54211,17.26682],[72.54156,17.26413],[72.54103,17.26143],[72.54053,17.25872],[72.54006,17.25601],[72.5393,17.25139],[72.53848,17.24628],[72.53778,17.24181],[72.53746,17.2397],[72.53716,17.23767],[72.53688,17.23571],[72.53661,17.23374],[72.53635,17.23183],[72.53611,17.22996],[72.53588,17.22814],[72.53566,17.22634],[72.53546,17.22458],[72.53528,17.22285],[72.5351,17.22115],[72.53493,17.21943],[72.53478,17.21773],[72.53464,17.21606],[72.53452,17.21441],[72.5344,17.21278],[72.5343,17.21118],[72.53421,17.2096],[72.53414,17.20803],[72.53408,17.20649],[72.53403,17.20496],[72.53399,17.20345],[72.53397,17.20196],[72.53396,17.20049],[72.53396,17.19904],[72.53398,17.1976],[72.534,17.19618],[72.53405,17.19473],[72.5341,17.1933],[72.53417,17.19188],[72.53425,17.19048],[72.53435,17.1891],[72.53446,17.18773],[72.53459,17.18638],[72.53472,17.18504],[72.53488,17.18372],[72.53504,17.18241],[72.53522,17.18111],[72.53541,17.17983],[72.53562,17.17857],[72.53584,17.17732],[72.53608,17.17608],[72.53633,17.17486],[72.53659,17.17365],[72.53686,17.17245],[72.53716,17.17127],[72.53746,17.1701],[72.53778,17.16894],[72.53811,17.1678],[72.53846,17.16667],[72.53882,17.16555],[72.53919,17.16445],[72.53958,17.16336],[72.53999,17.16228],[72.5404,17.16122],[72.54083,17.16017],[72.54128,17.15913],[72.54174,17.1581],[72.54221,17.15709],[72.54297,17.15552],[72.54373,17.15399],[72.54449,17.15249],[72.54526,17.15102],[72.54602,17.14958],[72.54679,17.14817],[72.54756,17.1468],[72.54834,17.14545],[72.54912,17.14413],[72.54991,17.14284],[72.55069,17.14157],[72.55149,17.14034],[72.55229,17.13913],[72.55309,17.13795],[72.5539,17.1368],[72.55471,17.13568],[72.55553,17.13458],[72.55635,17.13351],[72.55718,17.13246],[72.55801,17.13145],[72.55885,17.13046],[72.55969,17.1295],[72.56054,17.12856],[72.56139,17.12766],[72.56225,17.12678],[72.56311,17.12593],[72.56398,17.12511],[72.56485,17.12431],[72.56573,17.12354],[72.56661,17.1228],[72.5675,17.12208],[72.56839,17.1214],[72.56933,17.1207],[72.57029,17.12001],[72.57127,17.11934],[72.57225,17.11868],[72.57325,17.11804],[72.57426,17.11741],[72.57528,17.11679],[72.57631,17.11619],[72.57736,17.1156],[72.57842,17.11503],[72.57949,17.11447],[72.58058,17.11392],[72.58168,17.11339],[72.58279,17.11287],[72.58391,17.11237],[72.58504,17.11188]]]},"properties":{"Julian_day":"270","Year":2026,"UID":"2026270029","Length":46.6755855043}},{"type":"Feature","geometry":{"type":"MultiLineString","coordinates":[[[72.75399,17.15233],[72.75555,17.15287],[72.75711,17.15339],[72.75866,17.1539],[72.76021,17.15439],[72.76176,17.15487],[72.7633,17.15533],[72.76484,17.15577],[72.76638,17.1562],[72.76791,17.15661],[72.76944,17.15701],[72.77097,17.15739],[72.77249,17.15775],[72.77401,17.1581],[72.77553,17.15843],[72.77704,17.15875],[72.77855,17.15905],[72.78005,17.15933],[72.78155,17.1596],[72.78305,17.15986],[72.78455,17.16009],[72.78604,17.16031],[72.78753,17.16052],[72.78901,17.16071],[72.79049,17.16088],[72.79197,17.16103],[72.79344,17.16118],[72.79491,17.1613],[72.79637,17.16141],[72.79784,17.1615],[72.7993,17.16158],[72.80075,17.16164],[72.8022,17.16169],[72.80365,17.16172],[72.8051,17.16173],[72.80654,17.16173],[72.80797,17.16171],[72.80941,17.16167],[72.81084,17.16162],[72.81227,17.16156],[72.81369,17.16147],[72.81511,17.16137],[72.81652,17.16126],[72.81794,17.16113],[72.81935,17.16098],[72.82075,17.16082],[72.82215,17.16064],[72.82355,17.16045],[72.82495,17.16024],[72.82634,17.16001],[72.82773,17.15977],[72.82911,17.15951],[72.83049,17.15924],[72.83187,17.15895],[72.83324,17.15864],[72.83461,17.15832],[72.83598,17.15799],[72.83734,17.15763],[72.8387,17.15726],[72.84006,17.15688],[72.84141,17.15648],[72.84276,17.15606],[72.8441,17.15562],[72.84545,17.15518],[72.84678,17.15471],[72.84865,17.15404],[72.84984,17.15361],[72.85099,17.15318],[72.8521,17.15275],[72.85319,17.15233],[72.85426,17.15191],[72.8553,17.15149],[72.85631,17.15107],[72.85731,17.15065],[72.85829,17.15022],[72.85924,17.1498],[72.86018,17.14937],[72.8611,17.14895],[72.862,17.14852],[72.86289,17.14809],[72.86376,17.14765],[72.86462,17.14721],[72.86546,17.14677],[72.86629,17.14632],[72.8671,17.14587],[72.86789,17.14542],[72.86867,17.14496],[72.86943,17.1445],[72.87018,17.14404],[72.87092,17.14357],[72.87164,17.1431],[72.87234,17.14262],[72.87303,17.14214],[72.87371,17.14166],[72.87437,17.14117],[72.87502,17.14068],[72.87558,17.14025],[72.87605,17.13986],[72.87653,17.13947],[72.877,17.13907],[72.87748,17.13865],[72.87795,17.13823],[72.87843,17.13779],[72.87891,17.13734],[72.87939,17.13688],[72.87987,17.13641],[72.88036,17.13592],[72.88109,17.13517],[72.88208,17.13411],[72.88309,17.133],[72.88397,17.13199],[72.88489,17.13091],[72.88584,17.12977],[72.88685,17.12853],[72.88772,17.12745],[72.88868,17.12623],[72.89167,17.12241],[72.89313,17.12057],[72.89397,17.11951],[72.89554,17.11758],[72.89771,17.11488],[72.89974,17.11234],[72.90165,17.10992],[72.90347,17.10759],[72.90521,17.10532],[72.90689,17.10312],[72.9085,17.10096],[72.91006,17.09885],[72.91158,17.09676],[72.91304,17.0947],[72.91446,17.09268],[72.91583,17.09068],[72.91715,17.08872],[72.91843,17.08677],[72.91967,17.08485],[72.92088,17.08293],[72.92206,17.08101],[72.92319,17.07911],[72.92429,17.07723],[72.92535,17.07536],[72.92637,17.07351],[72.92735,17.07167],[72.92829,17.06985],[72.9292,17.06804],[72.93007,17.06623],[72.93069,17.06489],[72.9311,17.064],[72.9315,17.06311],[72.93189,17.06222],[72.93227,17.06134],[72.93264,17.06045],[72.933,17.05957],[72.93335,17.05869],[72.93369,17.05782],[72.93403,17.05695],[72.93435,17.05608],[72.93467,17.05521],[72.93494,17.05446],[72.93515,17.05382],[72.93536,17.05319],[72.93556,17.05254],[72.93575,17.05189],[72.93594,17.05123],[72.93612,17.05057],[72.9363,17.0499],[72.93646,17.04923],[72.93662,17.04855],[72.93677,17.04786],[72.93692,17.04717],[72.93706,17.04647],[72.93719,17.04576],[72.93731,17.04505],[72.93743,17.04433],[72.93754,17.04361],[72.93765,17.04287],[72.93774,17.04213],[72.93783,17.04139],[72.93792,17.04063],[72.938,17.03987],[72.93807,17.03909],[72.93813,17.03831],[72.93821,17.03713],[72.9383,17.03551],[72.93837,17.03386],[72.9384,17.03217],[72.93842,17.0306],[72.93841,17.02918],[72.93838,17.02773],[72.93834,17.02624],[72.93829,17.0247],[72.93822,17.02312],[72.93813,17.02148],[72.93802,17.01978],[72.93791,17.01818],[72.93779,17.01669],[72.93766,17.01512],[72.93744,17.01258],[72.93714,17.00936],[72.9366,17.00365],[72.93629,17.00038],[72.93611,16.99835],[72.93594,16.99634],[72.93578,16.99434],[72.93564,16.99245],[72.93553,16.99065],[72.93543,16.98882],[72.93534,16.98697],[72.93528,16.98518],[72.93524,16.98345],[72.93522,16.98176],[72.93523,16.98012],[72.93526,16.97852],[72.93531,16.97696],[72.93538,16.97543],[72.93548,16.97391],[72.9356,16.97243],[72.93574,16.97098],[72.93591,16.96956],[72.9361,16.96816],[72.93631,16.96678],[72.93655,16.96544],[72.93682,16.96411],[72.93703,16.96313],[72.93718,16.96248],[72.93734,16.96184],[72.9375,16.96121],[72.93767,16.96058],[72.93784,16.95995],[72.93802,16.95933],[72.93821,16.95872],[72.9384,16.95811],[72.9386,16.9575],[72.93881,16.9569],[72.93902,16.9563],[72.93924,16.95571],[72.93947,16.95513],[72.93974,16.95445],[72.94007,16.95367],[72.94043,16.95288],[72.94082,16.95207],[72.94123,16.95125],[72.94167,16.95042],[72.94215,16.94956],[72.94266,16.94867],[72.94315,16.94784],[72.94363,16.94706],[72.94414,16.94625],[72.94468,16.94539],[72.94549,16.94415],[72.94664,16.94242],[72.94884,16.93912],[72.94961,16.93794],[72.95029,16.93688],[72.95102,16.93571],[72.95168,16.93461],[72.95229,16.93356],[72.95285,16.93254],[72.95316,16.93196],[72.95346,16.93138],[72.95374,16.93082],[72.954,16.93026],[72.95426,16.9297],[72.9545,16.92916],[72.95473,16.92861],[72.95494,16.92808],[72.95515,16.92754],[72.95534,16.92701],[72.95552,16.92649],[72.95569,16.92597],[72.95584,16.92545],[72.95599,16.92493],[72.95612,16.92442],[72.95624,16.9239],[72.95642,16.92306],[72.9566,16.92221],[72.95676,16.92136],[72.9569,16.9205],[72.95704,16.91964],[72.95716,16.91878],[72.95728,16.91792],[72.95738,16.91705],[72.95747,16.91618],[72.95754,16.91531],[72.95761,16.91443],[72.95766,16.91355],[72.9577,16.91267],[72.95773,16.91179],[72.95775,16.9109],[72.95776,16.91001],[72.95775,16.90911],[72.95773,16.90822],[72.9577,16.90732],[72.95766,16.90642],[72.95761,16.90551],[72.95754,16.9046],[72.95747,16.90369],[72.95738,16.90277],[72.95728,16.90186],[72.95716,16.90094],[72.95704,16.90001],[72.9569,16.89909],[72.95676,16.89816],[72.9566,16.89722],[72.95642,16.89629],[72.95624,16.89535]]]},"properties":{"Julian_day":"270","Year":2026,"UID":"2026270030","Length":43.2274686368}},{"type":"Feature","geometry":{"type":"MultiLineString","coordinates":[[[72.93958,16.77638],[72.93931,16.77534],[72.93904,16.77431],[72.93875,16.77329],[72.93846,16.77227],[72.93817,16.77125],[72.93786,16.77024],[72.93755,16.76923],[72.93724,16.76823],[72.93691,16.76723],[72.93658,16.76623],[72.93625,16.76524],[72.93591,16.76426],[72.93556,16.76327],[72.9352,16.7623],[72.93484,16.76132],[72.93447,16.76035],[72.9341,16.75939],[72.93371,16.75843],[72.93333,16.75747],[72.93293,16.75652],[72.93253,16.75558],[72.93212,16.75463],[72.93171,16.75369],[72.93129,16.75276],[72.93086,16.75183],[72.93043,16.75091],[72.92999,16.74998],[72.92954,16.74907],[72.92909,16.74815],[72.92863,16.74725],[72.92816,16.74634],[72.92769,16.74544],[72.92741,16.74494],[72.92713,16.74443],[72.92684,16.74393],[72.92654,16.74343],[72.92624,16.74293],[72.92592,16.74243],[72.9256,16.74194],[72.92527,16.74144],[72.92492,16.74095],[72.92457,16.74045],[72.92421,16.73996],[72.92385,16.73947],[72.92347,16.73898],[72.92308,16.73849],[72.92269,16.738],[72.92228,16.73751],[72.92187,16.73702],[72.92145,16.73653],[72.92058,16.73556],[72.91966,16.73458],[72.91871,16.73361],[72.91772,16.73263],[72.91669,16.73165],[72.91561,16.73066],[72.91449,16.72966],[72.91355,16.72886],[72.91258,16.72804],[72.91157,16.72722],[72.91053,16.72638],[72.90944,16.72553],[72.90831,16.72466],[72.90713,16.72377],[72.9059,16.72286],[72.90485,16.72209],[72.90375,16.7213],[72.90132,16.71958],[72.89898,16.71794],[72.8933,16.714],[72.89177,16.71293],[72.8904,16.71196],[72.88895,16.71092],[72.88761,16.70994],[72.88634,16.70901],[72.88513,16.7081],[72.88385,16.70712],[72.88264,16.70616],[72.88148,16.70523],[72.88037,16.70431],[72.87931,16.7034],[72.87829,16.7025],[72.87732,16.70161],[72.87638,16.70073],[72.87544,16.69981],[72.87455,16.69889],[72.87369,16.69798],[72.87287,16.69707],[72.87209,16.69615],[72.87152,16.69547],[72.87116,16.69501],[72.87081,16.69456],[72.87046,16.6941],[72.87013,16.69364],[72.8698,16.69319],[72.86948,16.69273],[72.86917,16.69227],[72.86887,16.69181],[72.86857,16.69135],[72.86829,16.69088],[72.86802,16.69042],[72.86775,16.68996],[72.86749,16.68949],[72.86724,16.68902],[72.867,16.68856],[72.86677,16.68809],[72.86654,16.68762],[72.86632,16.68714],[72.86612,16.68667],[72.86592,16.68619],[72.86563,16.68548],[72.86527,16.68452],[72.86491,16.68355],[72.86457,16.68256],[72.86424,16.68156],[72.86393,16.68054],[72.86363,16.67951],[72.86334,16.67847],[72.86306,16.67741],[72.86279,16.67634],[72.86254,16.67525],[72.86231,16.67415],[72.86208,16.67304],[72.86187,16.67191],[72.86167,16.67077],[72.86148,16.66962],[72.86131,16.66846],[72.86115,16.66728],[72.861,16.66608],[72.86087,16.66488],[72.86075,16.66366],[72.86064,16.66244],[72.86055,16.6612],[72.86047,16.65994],[72.8604,16.65868],[72.86035,16.6574],[72.86031,16.65612],[72.86028,16.65482],[72.86026,16.65351],[72.86026,16.65219],[72.86027,16.65086],[72.8603,16.64952],[72.86034,16.64817],[72.86039,16.6468],[72.86046,16.64542],[72.86053,16.64404],[72.86063,16.64264],[72.86073,16.64124],[72.86085,16.63983],[72.86099,16.63841],[72.86113,16.63698],[72.86129,16.63555],[72.86146,16.63411],[72.86165,16.63266],[72.86185,16.63121],[72.86206,16.62976],[72.86228,16.6283],[72.86252,16.62684],[72.86277,16.62537],[72.86304,16.6239],[72.86331,16.62242],[72.8636,16.62095],[72.8639,16.61947],[72.86421,16.618],[72.86454,16.61652],[72.86488,16.61505],[72.86523,16.61357],[72.86559,16.6121],[72.86596,16.61064],[72.86634,16.60918],[72.86674,16.60772],[72.86714,16.60627],[72.86756,16.60483],[72.86798,16.60339],[72.86831,16.60231],[72.86855,16.60156],[72.86881,16.6008],[72.86908,16.60003],[72.86937,16.59924],[72.86967,16.59844],[72.86999,16.59762],[72.87034,16.59677],[72.8707,16.59591],[72.87108,16.59501],[72.87149,16.59408],[72.87193,16.59309],[72.87262,16.59159],[72.87364,16.58939],[72.87549,16.58546],[72.8763,16.58369],[72.87707,16.58197],[72.87763,16.58068],[72.87803,16.57973],[72.87841,16.57881],[72.87876,16.57791],[72.87909,16.57704],[72.8794,16.57619],[72.87969,16.57535],[72.87997,16.57453],[72.88035,16.57331],[72.88085,16.57166],[72.88132,16.56998],[72.88177,16.56829],[72.88221,16.56657],[72.88262,16.56482],[72.88302,16.56305],[72.88339,16.56126],[72.88374,16.55943],[72.88408,16.55758],[72.8844,16.55571],[72.8847,16.5538],[72.88498,16.55186],[72.88524,16.54988],[72.88548,16.54787],[72.88571,16.54582],[72.88591,16.54378],[72.8861,16.54174],[72.88627,16.53965],[72.88642,16.53752],[72.88656,16.53534],[72.88668,16.5331],[72.88679,16.53081],[72.88689,16.52844],[72.88697,16.52605],[72.88704,16.52362],[72.88709,16.52109],[72.88714,16.51843],[72.88717,16.51567],[72.8872,16.51275],[72.88722,16.50958],[72.88724,16.50274],[72.88725,16.50145],[72.88728,16.5001],[72.88733,16.49866],[72.88739,16.49713],[72.88747,16.49574],[72.88756,16.4942],[72.8879,16.48878],[72.88803,16.48663],[72.88814,16.48445],[72.88822,16.48249],[72.88825,16.48139],[72.88827,16.48033],[72.88829,16.47931],[72.88829,16.47832],[72.88827,16.47736],[72.88825,16.47642],[72.88822,16.47551],[72.88818,16.47462],[72.88811,16.47353],[72.88802,16.47247],[72.88791,16.47143],[72.88779,16.47042],[72.88765,16.46944],[72.88749,16.46848],[72.88731,16.46754],[72.88712,16.46662],[72.8869,16.46571],[72.88667,16.46483],[72.88641,16.46397],[72.88614,16.46312],[72.88585,16.46229],[72.88554,16.46148],[72.88521,16.46069],[72.88486,16.45991],[72.8844,16.45897],[72.88393,16.45803],[72.88344,16.45711],[72.88294,16.45619],[72.88241,16.45527],[72.88186,16.45436],[72.88129,16.45346],[72.88071,16.45257],[72.8801,16.45168],[72.87948,16.45079],[72.87884,16.44992],[72.87818,16.44905],[72.8775,16.44818],[72.8768,16.44733],[72.87608,16.44648],[72.87534,16.44563]]]},"properties":{"Julian_day":"270","Year":2026,"UID":"2026270031","Length":40.5098064164}},{"type":"Feature","geometry":{"type":"MultiLineString","coordinates":[[[72.78492,16.34331],[72.78295,16.34202],[72.781,16.34071],[72.77908,16.33939],[72.77719,16.33807],[72.77531,16.33673],[72.77346,16.33539],[72.77163,16.33403],[72.76983,16.33267],[72.76805,16.33129],[72.76629,16.32991],[72.76456,16.32852],[72.76285,16.32711],[72.76116,16.3257],[72.7595,16.32428],[72.75786,16.32285],[72.75625,16.32141],[72.75465,16.31996],[72.75309,16.3185],[72.75154,16.31703],[72.75002,16.31555],[72.74852,16.31406],[72.74705,16.31256],[72.7456,16.31105],[72.74417,16.30954],[72.74277,16.30801],[72.74139,16.30647],[72.74003,16.30493],[72.7387,16.30337],[72.73739,16.30181],[72.7361,16.30023],[72.73484,16.29865],[72.7336,16.29705],[72.73239,16.29545],[72.73119,16.29384],[72.73003,16.29221],[72.72888,16.29058],[72.72776,16.28894],[72.72666,16.28729],[72.72559,16.28563],[72.72454,16.28396],[72.72351,16.28228],[72.72251,16.28059],[72.72153,16.27889],[72.72057,16.27718],[72.71964,16.27546],[72.71873,16.27373],[72.71785,16.272],[72.71698,16.27025],[72.71615,16.26849],[72.71533,16.26673],[72.71454,16.26495],[72.71377,16.26317],[72.71303,16.26137],[72.71231,16.25957],[72.71161,16.25775],[72.71094,16.25593],[72.71029,16.2541],[72.70966,16.25225],[72.70906,16.2504],[72.70848,16.24854],[72.70792,16.24667],[72.70739,16.24479],[72.70688,16.2429],[72.7064,16.241],[72.70602,16.23946],[72.70566,16.23795],[72.70531,16.23646],[72.70498,16.23499],[72.70467,16.23354],[72.70437,16.23212],[72.70409,16.23071],[72.70382,16.22932],[72.70356,16.22795],[72.70332,16.22659],[72.70309,16.22525],[72.70288,16.22393],[72.70269,16.22262],[72.7025,16.22133],[72.70233,16.22005],[72.70218,16.21879],[72.70204,16.21754],[72.70191,16.21631],[72.7018,16.21509],[72.7017,16.21388],[72.70162,16.21269],[72.70155,16.21152],[72.70149,16.21036],[72.70145,16.20921],[72.70143,16.20808],[72.70141,16.20696],[72.70142,16.20586],[72.70143,16.20477],[72.70146,16.20369],[72.70151,16.20263],[72.70156,16.20158],[72.70164,16.20055],[72.70171,16.19965],[72.7018,16.19875],[72.7019,16.19784],[72.70202,16.19694],[72.70215,16.19602],[72.70228,16.19511],[72.70244,16.19419],[72.7026,16.19326],[72.70278,16.19233],[72.70297,16.1914],[72.70317,16.19046],[72.70339,16.18952],[72.70362,16.18858],[72.70386,16.18763],[72.70411,16.18667],[72.70438,16.18571],[72.70466,16.18475],[72.70495,16.18379],[72.70526,16.18282],[72.70558,16.18184],[72.70591,16.18086],[72.70625,16.17988],[72.70661,16.17889],[72.70697,16.1779],[72.70736,16.17691],[72.70775,16.17591],[72.70816,16.1749],[72.70858,16.17389],[72.70901,16.17288],[72.70946,16.17186],[72.70992,16.17084],[72.71039,16.16981],[72.71087,16.16878],[72.71137,16.16775],[72.71187,16.16671],[72.71239,16.16567],[72.71293,16.16462],[72.71348,16.16357],[72.71404,16.16251],[72.71461,16.16145],[72.71519,16.16038],[72.71579,16.15931],[72.71641,16.15823],[72.71703,16.15715],[72.71767,16.15606],[72.71833,16.15496],[72.71899,16.15386],[72.71967,16.15275],[72.72036,16.15164],[72.72107,16.15052],[72.72179,16.14939],[72.72253,16.14826],[72.72328,16.14712],[72.72404,16.14597],[72.72482,16.14481],[72.72561,16.14365],[72.72642,16.14247],[72.72725,16.14129],[72.72809,16.14009],[72.72895,16.13889],[72.73072,16.13643],[72.73257,16.13392],[72.73307,16.13326],[72.73359,16.13259],[72.73411,16.13193],[72.73465,16.13126],[72.73521,16.1306],[72.73578,16.12993],[72.73636,16.12926],[72.73696,16.1286],[72.73757,16.12793],[72.7382,16.12725],[72.73884,16.12658],[72.7395,16.1259],[72.74018,16.12521],[72.74088,16.12452],[72.74159,16.12383],[72.74233,16.12313],[72.74303,16.12246],[72.74376,16.12179],[72.74527,16.12042],[72.74689,16.119],[72.74863,16.1175],[72.7503,16.11608],[72.75216,16.11453],[72.75406,16.11296],[72.75916,16.10878],[72.76069,16.10752],[72.76205,16.10638],[72.76359,16.10508],[72.76502,16.10385],[72.76637,16.10267],[72.76764,16.10153],[72.7684,16.10084],[72.76915,16.10015],[72.76987,16.09948],[72.77057,16.09881],[72.77125,16.09815],[72.77192,16.09749],[72.77257,16.09684],[72.7732,16.09619],[72.77383,16.09555],[72.77443,16.0949],[72.77502,16.09427],[72.7756,16.09363],[72.77616,16.09299],[72.77672,16.09236],[72.77725,16.09172],[72.77778,16.09109],[72.77855,16.09013],[72.77932,16.08915],[72.78008,16.08814],[72.78082,16.08711],[72.78156,16.08606],[72.7823,16.08498],[72.78302,16.08388],[72.78374,16.08275],[72.78445,16.08159],[72.78516,16.0804],[72.78586,16.07919],[72.78656,16.07794],[72.78725,16.07666],[72.78795,16.07535],[72.78864,16.074],[72.78933,16.07261],[72.78989,16.07146],[72.79045,16.07029],[72.79102,16.06908],[72.79159,16.06783],[72.79217,16.06655],[72.79275,16.06522],[72.79335,16.06385],[72.79397,16.06241],[72.79501,16.05992],[72.79616,16.05713],[72.79725,16.05444],[72.79993,16.04779],[72.80135,16.0443],[72.80209,16.04252],[72.80279,16.04085],[72.80347,16.03928],[72.80413,16.03777],[72.80486,16.03612],[72.80558,16.03454],[72.80629,16.03302],[72.80699,16.03155],[72.80769,16.03012],[72.80839,16.02874],[72.80909,16.02739],[72.80979,16.02609],[72.81055,16.0247],[72.81132,16.02335],[72.8121,16.02204],[72.81288,16.02077],[72.81366,16.01952],[72.81446,16.01831],[72.81526,16.01714],[72.81608,16.01599],[72.8169,16.01487],[72.81774,16.01378],[72.81858,16.01272],[72.81944,16.01168],[72.82031,16.01068],[72.82119,16.00969],[72.82208,16.00874],[72.82299,16.00781],[72.82602,16.00477],[72.82794,16.00287],[72.82973,16.00112],[72.83137,15.99955],[72.8322,15.99878],[72.83301,15.99803],[72.8338,15.99731],[72.83458,15.99662],[72.83534,15.99595],[72.83609,15.9953],[72.83683,15.99468],[72.83757,15.99407],[72.83833,15.99346],[72.83908,15.99286],[72.83982,15.99229],[72.84056,15.99173],[72.8413,15.99119],[72.84203,15.99067],[72.84275,15.99017],[72.84348,15.98969],[72.84419,15.98922],[72.84491,15.98876],[72.84562,15.98833],[72.84634,15.98791],[72.84705,15.98751],[72.84775,15.98712],[72.84846,15.98675],[72.84916,15.98639],[72.84985,15.98606],[72.85054,15.98574],[72.85123,15.98542],[72.85193,15.9851],[72.85263,15.9848],[72.85333,15.9845],[72.85404,15.98421],[72.85475,15.98393],[72.85547,15.98365],[72.85618,15.98338],[72.85691,15.98312],[72.85763,15.98287],[72.85836,15.98262],[72.8591,15.98238],[72.85984,15.98214],[72.86058,15.98192],[72.86132,15.9817],[72.86207,15.98148],[72.86283,15.98128],[72.86358,15.98108],[72.86434,15.98089],[72.86511,15.98071],[72.86588,15.98053],[72.86665,15.98036],[72.86742,15.9802],[72.8682,15.98004],[72.86899,15.97989],[72.86977,15.97975],[72.87056,15.97962],[72.87136,15.97949],[72.87216,15.97937],[72.87296,15.97926]]]},"properties":{"Julian_day":"270","Year":2026,"UID":"2026270032","Length":50.7578288749}},{"type":"Feature","geometry":{"type":"MultiLineString","coordinates":[[[73.03476,16.07919],[73.03615,16.07914],[73.03754,16.07908],[73.03893,16.079],[73.04031,16.07891],[73.04168,16.07882],[73.04306,16.07871],[73.04443,16.07859],[73.0458,16.07846],[73.04716,16.07832],[73.04852,16.07816],[73.04988,16.078],[73.05123,16.07783],[73.05258,16.07764],[73.05393,16.07745],[73.05527,16.07724],[73.05661,16.07702],[73.05795,16.07679],[73.05928,16.07655],[73.06061,16.0763],[73.06194,16.07604],[73.06326,16.07577],[73.06458,16.07549],[73.0659,16.07519],[73.06721,16.07489],[73.06852,16.07457],[73.06983,16.07425],[73.07113,16.07391],[73.07243,16.07356],[73.07373,16.0732],[73.07502,16.07283],[73.07631,16.07245],[73.07759,16.07206],[73.07863,16.07173],[73.07967,16.07139],[73.08072,16.07104],[73.08177,16.07067],[73.08283,16.07029],[73.0839,16.06989],[73.08498,16.06948],[73.08606,16.06906],[73.08716,16.06862],[73.08826,16.06816],[73.08938,16.06769],[73.09051,16.06721],[73.09164,16.06671],[73.0928,16.06619],[73.09396,16.06566],[73.09514,16.06511],[73.0963,16.06456],[73.09748,16.06399],[73.09867,16.06341],[73.09989,16.0628],[73.10112,16.06218],[73.10239,16.06153],[73.10368,16.06086],[73.10501,16.06016],[73.10771,16.05872],[73.11063,16.05713],[73.11385,16.05536],[73.11804,16.05302],[73.11969,16.05211],[73.12154,16.0511],[73.12739,16.04797],[73.12934,16.04692],[73.13101,16.046],[73.13253,16.04516],[73.13404,16.04431],[73.13499,16.04376],[73.13591,16.04322],[73.1368,16.04269],[73.13766,16.04217],[73.13849,16.04165],[73.1393,16.04114],[73.14015,16.0406],[73.14103,16.04002],[73.14188,16.03944],[73.14271,16.03887],[73.14351,16.0383],[73.1443,16.03773],[73.14506,16.03715],[73.1458,16.03658],[73.14652,16.036],[73.14722,16.03543],[73.14791,16.03485],[73.14858,16.03427],[73.14922,16.03368],[73.14985,16.03309],[73.15047,16.0325],[73.15106,16.0319],[73.15173,16.03122],[73.15246,16.03043],[73.15319,16.02961],[73.15392,16.02877],[73.15463,16.02791],[73.15534,16.02702],[73.15605,16.02611],[73.15675,16.02517],[73.15744,16.02421],[73.15813,16.02323],[73.15881,16.02222],[73.15949,16.02119],[73.16016,16.02013],[73.16083,16.01905],[73.16149,16.01794],[73.16215,16.0168],[73.1628,16.01564],[73.16345,16.01446],[73.16409,16.01326],[73.16473,16.01202],[73.16536,16.01076],[73.166,16.00946],[73.16663,16.00814],[73.16726,16.00678],[73.16789,16.00539],[73.16852,16.00397],[73.16915,16.00251],[73.16979,16.001],[73.17043,15.99945],[73.17108,15.99785],[73.17174,15.99618],[73.17242,15.99444],[73.17299,15.99295],[73.17342,15.99179],[73.17384,15.99061],[73.17426,15.98941],[73.17465,15.98821],[73.17504,15.987],[73.17542,15.98577],[73.17578,15.98454],[73.17614,15.98329],[73.17648,15.98203],[73.17681,15.98076],[73.17713,15.97948],[73.17744,15.97819],[73.17774,15.97688],[73.17802,15.97557],[73.17829,15.97425],[73.17856,15.97291],[73.17881,15.97157],[73.17905,15.97021],[73.17928,15.96885],[73.17949,15.96748],[73.1797,15.96609],[73.17989,15.9647],[73.18007,15.96329],[73.18024,15.96188],[73.1804,15.96046],[73.18055,15.95903],[73.18068,15.95759],[73.1808,15.95614],[73.18092,15.95468],[73.18102,15.95322],[73.1811,15.95174],[73.18118,15.95026],[73.18124,15.94876],[73.1813,15.94726],[73.18134,15.94574],[73.18137,15.94423],[73.18138,15.9427],[73.18139,15.94117],[73.18138,15.93963],[73.18136,15.93808],[73.18133,15.93653],[73.18129,15.93497],[73.18123,15.93341],[73.18117,15.93184],[73.18109,15.93027],[73.181,15.92869],[73.1809,15.92711],[73.18078,15.92553],[73.18066,15.92394],[73.18052,15.92234],[73.18037,15.92075],[73.18021,15.91915],[73.18003,15.91755],[73.17985,15.91594],[73.17965,15.91434],[73.17945,15.91274],[73.17923,15.91113],[73.179,15.90953],[73.17876,15.90793],[73.1785,15.90632],[73.17824,15.90472],[73.17796,15.90313],[73.17768,15.90153],[73.1774,15.90008],[73.17713,15.89877],[73.17683,15.89746],[73.1765,15.89613],[73.17613,15.8948],[73.17574,15.89346],[73.17531,15.8921],[73.17486,15.89074],[73.17437,15.88936],[73.17385,15.88797],[73.1733,15.88657],[73.17272,15.88514],[73.1721,15.8837],[73.17145,15.88224],[73.17077,15.88076],[73.17004,15.87925],[73.16936,15.87787],[73.16873,15.87662],[73.16807,15.87535],[73.16738,15.87406],[73.16666,15.87273],[73.16592,15.87137],[73.16513,15.86997],[73.1643,15.86852],[73.16315,15.86654],[73.16159,15.86389],[73.15996,15.86117],[73.15622,15.855],[73.15406,15.85143],[73.15258,15.84894],[73.1516,15.84728],[73.15069,15.8457],[73.14982,15.84419],[73.14897,15.84267],[73.14811,15.84112],[73.1473,15.83962],[73.14653,15.83816],[73.14579,15.83673],[73.14509,15.83533],[73.14441,15.83395],[73.14377,15.8326],[73.14317,15.83128],[73.1426,15.83001],[73.14206,15.82874],[73.14154,15.82749],[73.14105,15.82626],[73.14058,15.82504],[73.14014,15.82382],[73.13972,15.82262],[73.13932,15.82143],[73.13895,15.82024],[73.1386,15.81906],[73.13827,15.81789],[73.13797,15.81672],[73.13768,15.81557],[73.13743,15.81441],[73.13719,15.81327],[73.13692,15.81183],[73.13661,15.8101],[73.13632,15.80837],[73.13604,15.80664],[73.13578,15.8049],[73.13554,15.80315],[73.13531,15.8014],[73.13509,15.79965],[73.13489,15.7979],[73.13471,15.79614],[73.13454,15.79438],[73.13439,15.79261],[73.13425,15.79084],[73.13413,15.78907],[73.13403,15.78729],[73.13394,15.78551],[73.13386,15.78373],[73.1338,15.78194],[73.13376,15.78015],[73.13373,15.77835],[73.13372,15.77655],[73.13372,15.77475],[73.13374,15.77294],[73.13378,15.77113],[73.13383,15.76932],[73.13389,15.7675],[73.13397,15.76568],[73.13407,15.76385],[73.13418,15.76202],[73.13431,15.76019],[73.13445,15.75835],[73.13461,15.75651],[73.1347,15.75559]]]},"properties":{"Julian_day":"270","Year":2026,"UID":"2026270033","Length":46.0749910959}},{"type":"Feature","geometry":{"type":"MultiLineString","coordinates":[[[73.1347,15.63661],[73.13456,15.63526],[73.13444,15.6339],[73.13432,15.63254],[73.13421,15.63119],[73.13411,15.62983],[73.13402,15.62848],[73.13394,15.62713],[73.13386,15.62578],[73.1338,15.62443],[73.13374,15.62308],[73.13369,15.62174],[73.13365,15.62039],[73.13362,15.61905],[73.1336,15.61771],[73.13359,15.61637],[73.13358,15.61503],[73.13359,15.61369],[73.1336,15.61235],[73.13362,15.61102],[73.13365,15.60969],[73.13369,15.60835],[73.13374,15.60702],[73.1338,15.60569],[73.13386,15.60436],[73.13394,15.60304],[73.13402,15.60171],[73.13411,15.60039],[73.13421,15.59906],[73.13432,15.59774],[73.13444,15.59642],[73.13456,15.5951],[73.1347,15.59378],[73.13482,15.59276],[73.13495,15.59173],[73.1351,15.59069],[73.13526,15.58964],[73.13544,15.58858],[73.13563,15.58752],[73.13585,15.58645],[73.13607,15.58536],[73.13632,15.58427],[73.13658,15.58317],[73.13686,15.58205],[73.13715,15.58093],[73.13746,15.57978],[73.13779,15.57863],[73.13814,15.57745],[73.13851,15.57626],[73.13888,15.57509],[73.13927,15.5739],[73.13968,15.57268],[73.14011,15.57144],[73.14056,15.57017],[73.14104,15.56887],[73.14153,15.56752],[73.14206,15.56614],[73.14308,15.56352],[73.14423,15.56062],[73.14543,15.55767],[73.14774,15.55205],[73.14868,15.54974],[73.14965,15.54735],[73.15051,15.54519],[73.15146,15.54272],[73.15233,15.54042],[73.15294,15.53876],[73.15332,15.53769],[73.15368,15.53663],[73.15408,15.53547],[73.1545,15.5342],[73.1549,15.53296],[73.15528,15.53173],[73.15564,15.53053],[73.15598,15.52934],[73.1563,15.52817],[73.15661,15.52701],[73.15689,15.52587],[73.15716,15.52474],[73.15741,15.52362],[73.15765,15.52251],[73.15787,15.52141],[73.15807,15.52033],[73.15825,15.51925],[73.15842,15.51817],[73.15868,15.5163],[73.15904,15.51366],[73.15937,15.51107],[73.15967,15.50853],[73.15995,15.50603],[73.16021,15.50357],[73.16044,15.50115],[73.16065,15.49877],[73.16083,15.49641],[73.161,15.49409],[73.16114,15.4918],[73.16125,15.48954],[73.16134,15.4873],[73.16141,15.4851],[73.16146,15.48292],[73.16148,15.48077],[73.16148,15.47864],[73.16146,15.47653],[73.16141,15.47445],[73.16134,15.4724],[73.16125,15.47036],[73.16113,15.46835],[73.16099,15.46637],[73.16083,15.46441],[73.16064,15.46247],[73.16043,15.46055],[73.1602,15.45866],[73.15994,15.45679],[73.15966,15.45494],[73.15936,15.45311],[73.15903,15.4513],[73.15868,15.44952],[73.15837,15.44809],[73.15811,15.44698],[73.15782,15.44585],[73.15749,15.44469],[73.15713,15.44352],[73.15674,15.44231],[73.15631,15.44107],[73.15584,15.43979],[73.15538,15.43859],[73.15494,15.43748],[73.15447,15.43631],[73.15396,15.43508],[73.1532,15.43332],[73.15213,15.43088],[73.15048,15.42712],[73.14981,15.42559],[73.14919,15.42413],[73.14859,15.4227],[73.14802,15.42128],[73.1475,15.41993],[73.14701,15.41863],[73.14656,15.41733],[73.14612,15.41602],[73.14573,15.41475],[73.14546,15.41381],[73.14529,15.4132],[73.14513,15.41259],[73.14498,15.41199],[73.14484,15.41139],[73.1447,15.4108],[73.14458,15.41021],[73.14447,15.40963],[73.14436,15.40905],[73.14426,15.40847],[73.14413,15.40764],[73.14398,15.40655],[73.14383,15.40546],[73.14369,15.40437],[73.14357,15.40328],[73.14345,15.40218],[73.14334,15.40109],[73.14325,15.39999],[73.14316,15.39889],[73.14309,15.39778],[73.14303,15.39668],[73.14298,15.39557],[73.14293,15.39446],[73.1429,15.39335],[73.14288,15.39224],[73.14287,15.39113],[73.14287,15.39001],[73.14288,15.3889],[73.1429,15.38778],[73.14293,15.38666],[73.14298,15.38553],[73.14303,15.38441],[73.14309,15.38328],[73.14316,15.38215],[73.14325,15.38103],[73.14334,15.37989],[73.14345,15.37876],[73.14357,15.37762],[73.14369,15.37649],[73.14383,15.37535],[73.14398,15.37421],[73.14413,15.37307],[73.14422,15.37249]]]},"properties":{"Julian_day":"270","Year":2026,"UID":"2026270034","Length":29.9556641947}},{"type":"Feature","geometry":{"type":"MultiLineString","coordinates":[[[73.15136,15.30825],[73.15041,15.30568],[73.14948,15.30313],[73.14859,15.30058],[73.14772,15.29805],[73.14688,15.29552],[73.14607,15.293],[73.14529,15.29049],[73.14453,15.288],[73.14381,15.28551],[73.14311,15.28303],[73.14243,15.28056],[73.14179,15.2781],[73.14117,15.27564],[73.14058,15.2732],[73.14002,15.27077],[73.13949,15.26835],[73.13898,15.26593],[73.13851,15.26353],[73.13806,15.26113],[73.13763,15.25875],[73.13724,15.25637],[73.13687,15.254],[73.13654,15.25165],[73.13623,15.2493],[73.13594,15.24696],[73.13569,15.24463],[73.13546,15.24231],[73.13526,15.24],[73.13509,15.2377],[73.13495,15.23541],[73.13483,15.23313],[73.13474,15.23085],[73.13468,15.22859],[73.13465,15.22634],[73.13464,15.22409],[73.13467,15.22186],[73.13472,15.21963],[73.1348,15.21742],[73.1349,15.21521],[73.13504,15.21301],[73.1352,15.21082],[73.13539,15.20865],[73.1356,15.20648],[73.13585,15.20432],[73.13598,15.20324],[73.13612,15.20217],[73.13627,15.2011],[73.13642,15.20003],[73.13659,15.19896],[73.13675,15.1979],[73.13693,15.19683],[73.13711,15.19577],[73.1373,15.19472],[73.13749,15.19366],[73.1377,15.19261],[73.13791,15.19156],[73.13812,15.19051],[73.13835,15.18946],[73.13858,15.18842],[73.13881,15.18738],[73.13906,15.18634],[73.13931,15.1853],[73.13957,15.18427],[73.13983,15.18324],[73.14011,15.18221],[73.14038,15.18118],[73.14067,15.18016],[73.14096,15.17914],[73.14126,15.17812],[73.14157,15.1771],[73.14188,15.17608],[73.14221,15.17507],[73.14253,15.17406],[73.14287,15.17305],[73.14321,15.17205],[73.14356,15.17104],[73.14391,15.17004],[73.14428,15.16904],[73.14465,15.16805],[73.14502,15.16705],[73.1454,15.16606],[73.1458,15.16507],[73.14619,15.16409],[73.1466,15.1631],[73.1471,15.16192],[73.14764,15.16074],[73.14821,15.15955],[73.14881,15.15837],[73.14944,15.15718],[73.1501,15.15599],[73.1508,15.1548],[73.15153,15.1536],[73.15229,15.15241],[73.15309,15.1512],[73.15392,15.14999],[73.15478,15.14877],[73.15569,15.14755],[73.15663,15.14631],[73.1576,15.14506],[73.15862,15.1438],[73.15961,15.14261],[73.16064,15.1414],[73.1617,15.14017],[73.16281,15.13893],[73.16397,15.13766],[73.16517,15.13636],[73.16643,15.13502],[73.16774,15.13365],[73.16897,15.13239],[73.17026,15.13108],[73.17163,15.12971],[73.1731,15.12825],[73.17601,15.12539],[73.18164,15.11992],[73.18395,15.11766],[73.18633,15.11531],[73.18845,15.11319],[73.18967,15.11195],[73.19083,15.11075],[73.19195,15.10959],[73.19303,15.10845],[73.19406,15.10734],[73.19507,15.10625],[73.19604,15.10518],[73.19698,15.10412],[73.19811,15.10283],[73.1992,15.10155],[73.20025,15.10028],[73.20126,15.09903],[73.20224,15.09779],[73.20318,15.09657],[73.20408,15.09535],[73.20496,15.09413],[73.2058,15.09293],[73.20661,15.09172],[73.20739,15.09053],[73.20814,15.08933],[73.20886,15.08814],[73.20955,15.08695],[73.21021,15.08577],[73.21084,15.08458],[73.21187,15.08258],[73.21288,15.08057],[73.21387,15.07855],[73.21484,15.07653],[73.2158,15.07449],[73.21673,15.07244],[73.21765,15.07038],[73.21855,15.06831],[73.21943,15.06623],[73.22029,15.06414],[73.22114,15.06204],[73.22196,15.05993],[73.22277,15.05781],[73.22356,15.05568],[73.22433,15.05354],[73.22509,15.05139],[73.22582,15.04922],[73.22654,15.04705],[73.22723,15.04487],[73.22791,15.04268],[73.22857,15.04048],[73.22922,15.03826],[73.22984,15.03604],[73.23045,15.03381],[73.23104,15.03156],[73.2316,15.02931],[73.23216,15.02705],[73.23269,15.02477],[73.2332,15.02249],[73.2337,15.02019],[73.23418,15.01789],[73.23464,15.01557]]]},"properties":{"Julian_day":"270","Year":2026,"UID":"2026270035","Length":35.6868961177}},{"type":"Feature","geometry":{"type":"MultiLineString","coordinates":[[[73.26319,14.8847],[73.26523,14.88229],[73.26723,14.87987],[73.26921,14.87744],[73.27116,14.875],[73.27309,14.87256],[73.27498,14.87012],[73.27685,14.86767],[73.27869,14.86521],[73.28051,14.86274],[73.28229,14.86027],[73.28405,14.8578],[73.28578,14.85532],[73.28748,14.85283],[73.28916,14.85034],[73.2908,14.84784],[73.29242,14.84533],[73.29402,14.84282],[73.29558,14.8403],[73.29712,14.83778],[73.29862,14.83525],[73.3001,14.83272],[73.30156,14.83018],[73.30298,14.82763],[73.30438,14.82508],[73.30575,14.82252],[73.30709,14.81996],[73.30841,14.81739],[73.30969,14.81481],[73.31095,14.81223],[73.31218,14.80964],[73.31339,14.80705],[73.31456,14.80445],[73.31571,14.80184],[73.31683,14.79923],[73.31792,14.79661],[73.31899,14.79399],[73.32002,14.79136],[73.32103,14.78873],[73.32202,14.78609],[73.32297,14.78344],[73.3239,14.78079],[73.32479,14.77813],[73.32567,14.77546],[73.32651,14.77279],[73.32732,14.77012],[73.32811,14.76743],[73.32887,14.76474],[73.3296,14.76205],[73.33031,14.75935],[73.33098,14.75664],[73.33163,14.75393],[73.33225,14.75122],[73.33285,14.74849],[73.33341,14.74576],[73.33395,14.74303],[73.33446,14.74029],[73.33495,14.73754],[73.3354,14.73479],[73.33583,14.73203],[73.33623,14.72926],[73.3366,14.72649],[73.33694,14.72371],[73.33726,14.72093],[73.33755,14.71814],[73.33777,14.71588],[73.33797,14.71367],[73.33815,14.71153],[73.33833,14.70943],[73.33848,14.70738],[73.33863,14.70536],[73.33875,14.70339],[73.33887,14.70144],[73.33897,14.69952],[73.33906,14.69764],[73.33913,14.69578],[73.33919,14.69395],[73.33924,14.69214],[73.33927,14.69036],[73.33929,14.6886],[73.3393,14.68687],[73.33929,14.68514],[73.33927,14.68344],[73.33924,14.68176],[73.33919,14.6801],[73.33913,14.67846],[73.33906,14.67684],[73.33897,14.67524],[73.33886,14.67365],[73.33875,14.67209],[73.33862,14.67054],[73.33847,14.66901],[73.33832,14.6675],[73.33815,14.66601],[73.33796,14.66453],[73.33776,14.66307],[73.33755,14.66163],[73.33737,14.66054],[73.33717,14.65943],[73.33695,14.65833],[73.33672,14.65722],[73.33646,14.65609],[73.33618,14.65497],[73.33588,14.65383],[73.33555,14.65269],[73.33521,14.65153],[73.33485,14.65037],[73.33446,14.64919],[73.33405,14.648],[73.33362,14.6468],[73.33317,14.64559],[73.33269,14.64435],[73.33219,14.6431],[73.33168,14.64187],[73.33115,14.64062],[73.33059,14.63934],[73.33,14.63804],[73.32939,14.63671],[73.32875,14.63535],[73.32807,14.63395],[73.32736,14.6325],[73.32669,14.63115],[73.32598,14.62976],[73.32522,14.62829],[73.32441,14.62673],[73.32279,14.62365],[73.31966,14.61776],[73.31838,14.61535],[73.31706,14.61283],[73.3159,14.61057],[73.31523,14.60925],[73.3146,14.60798],[73.31399,14.60674],[73.31341,14.60555],[73.31285,14.60438],[73.31232,14.60323],[73.31181,14.60211],[73.31131,14.60101],[73.31072,14.59966],[73.31016,14.59833],[73.30962,14.59702],[73.30911,14.59573],[73.30863,14.59446],[73.30817,14.59321],[73.30773,14.59197],[73.30732,14.59075],[73.30693,14.58954],[73.30656,14.58834],[73.30622,14.58715],[73.3059,14.58596],[73.3056,14.58479],[73.30532,14.58363],[73.30506,14.58247],[73.30483,14.58132],[73.30445,14.57934],[73.3041,14.57735],[73.30376,14.57536],[73.30344,14.57337],[73.30313,14.57137],[73.30285,14.56937],[73.30258,14.56736],[73.30233,14.56535],[73.3021,14.56333],[73.30189,14.56132],[73.3017,14.55929],[73.30152,14.55727],[73.30137,14.55524],[73.30123,14.5532],[73.30111,14.55116],[73.301,14.54912],[73.30092,14.54707],[73.30086,14.54502],[73.30081,14.54297],[73.30078,14.54091],[73.30077,14.53884],[73.30078,14.53678],[73.3008,14.53471],[73.30085,14.53263],[73.30091,14.53055],[73.30099,14.52847],[73.30109,14.52638],[73.30121,14.52429],[73.30134,14.5222],[73.30149,14.5201],[73.30167,14.518],[73.30186,14.51589]]]},"properties":{"Julian_day":"270","Year":2026,"UID":"2026270036","Length":43.5406321486}},{"type":"Feature","geometry":{"type":"MultiLineString","coordinates":[[[73.23047,14.4445],[73.22907,14.44237],[73.22768,14.44022],[73.22632,14.43807],[73.22497,14.43591],[73.22364,14.43375],[73.22233,14.43158],[73.22104,14.42941],[73.21976,14.42723],[73.21851,14.42504],[73.21727,14.42285],[73.21605,14.42065],[73.21485,14.41845],[73.21367,14.41624],[73.21251,14.41402],[73.21137,14.4118],[73.21024,14.40957],[73.20914,14.40734],[73.20805,14.4051],[73.20698,14.40285],[73.20593,14.4006],[73.2049,14.39834],[73.20389,14.39608],[73.20289,14.39381],[73.20192,14.39154],[73.20096,14.38925],[73.20002,14.38697],[73.1991,14.38467],[73.1982,14.38238],[73.19732,14.38007],[73.19645,14.37776],[73.19561,14.37544],[73.19478,14.37312],[73.19433,14.37181],[73.19388,14.37049],[73.19344,14.36917],[73.193,14.36783],[73.19257,14.36648],[73.19215,14.36513],[73.19174,14.36376],[73.19133,14.36238],[73.19093,14.361],[73.19054,14.3596],[73.19015,14.3582],[73.18977,14.35678],[73.18939,14.35535],[73.18903,14.35391],[73.18866,14.35246],[73.18831,14.351],[73.18796,14.34953],[73.18762,14.34805],[73.18728,14.34656],[73.18695,14.34505],[73.18663,14.34353],[73.18631,14.342],[73.186,14.34045],[73.18569,14.3389],[73.18539,14.33733],[73.18509,14.33574],[73.18481,14.33414],[73.18452,14.33253],[73.18424,14.3309],[73.18397,14.32925],[73.1837,14.32759],[73.18344,14.32591],[73.18296,14.32266],[73.18249,14.31934],[73.18204,14.31595],[73.1816,14.31247],[73.18118,14.30891],[73.18078,14.30525],[73.18039,14.30149],[73.18001,14.29759],[73.17966,14.29377],[73.17931,14.28979],[73.17897,14.28561],[73.17862,14.28117],[73.17829,14.27673],[73.17794,14.27181],[73.17759,14.26667],[73.17683,14.25562],[73.1766,14.2524],[73.17621,14.24713],[73.17547,14.23746],[73.17506,14.23184],[73.17485,14.22879],[73.17466,14.22595],[73.17449,14.22325],[73.17434,14.22066],[73.17418,14.21767],[73.17404,14.21479],[73.17393,14.21201],[73.17383,14.20931],[73.17376,14.20667],[73.17371,14.20411],[73.17368,14.2016],[73.17367,14.19915],[73.17368,14.19651],[73.17372,14.19393],[73.17378,14.1914],[73.17387,14.18891],[73.17398,14.18647],[73.17412,14.18407],[73.17428,14.18171],[73.17447,14.17939],[73.17458,14.17824],[73.17469,14.1771],[73.17481,14.17597],[73.17493,14.17484],[73.17506,14.17373],[73.1752,14.17262],[73.17534,14.17152],[73.17549,14.17042],[73.17565,14.16934],[73.17581,14.16826],[73.17598,14.16719],[73.17616,14.16613],[73.17634,14.16507],[73.17653,14.16402],[73.17673,14.16298],[73.17693,14.16194],[73.17718,14.16076],[73.17745,14.15958],[73.17775,14.15838],[73.17807,14.15718],[73.17841,14.15597],[73.17878,14.15475],[73.17917,14.15351],[73.17958,14.15227],[73.18002,14.15101],[73.18049,14.14974],[73.18098,14.14846],[73.1815,14.14716],[73.18205,14.14584],[73.18262,14.14449],[73.18322,14.14313],[73.18386,14.14174],[73.18439,14.14061],[73.18494,14.13945],[73.18551,14.13827],[73.18611,14.13707],[73.18673,14.13583],[73.18739,14.13456],[73.18807,14.13325],[73.18879,14.13189],[73.19005,14.12955],[73.19147,14.12695],[73.19286,14.12444],[73.1963,14.11827],[73.1981,14.115],[73.19901,14.11332],[73.19986,14.11175],[73.20065,14.11025],[73.2014,14.10881],[73.20221,14.10722],[73.20298,14.10568],[73.20371,14.10418],[73.2044,14.10273],[73.20507,14.1013],[73.20569,14.0999],[73.20629,14.09853],[73.20686,14.09718],[73.20745,14.09573],[73.208,14.0943],[73.20853,14.09289],[73.20902,14.0915],[73.20948,14.09012],[73.20991,14.08876],[73.21032,14.08741],[73.21069,14.08607],[73.21103,14.08474],[73.21134,14.08342],[73.21163,14.08212],[73.21189,14.08082],[73.21211,14.07952],[73.21231,14.07824],[73.21248,14.07696],[73.21263,14.07569],[73.21282,14.07368],[73.21298,14.07167],[73.21312,14.06965],[73.21324,14.06763],[73.21332,14.0656],[73.21339,14.06357],[73.21343,14.06153],[73.21344,14.05949],[73.21343,14.05744],[73.21339,14.05539],[73.21332,14.05333],[73.21324,14.05127],[73.21312,14.0492],[73.21298,14.04713],[73.21282,14.04505],[73.21263,14.04297]]]},"properties":{"Julian_day":"270","Year":2026,"UID":"2026270037","Length":46.3660259993}},{"type":"Feature","geometry":{"type":"MultiLineString","coordinates":[[[73.21263,13.96266],[73.21346,13.96031],[73.21427,13.95796],[73.21505,13.95562],[73.21581,13.95329],[73.21654,13.95096],[73.21724,13.94864],[73.21792,13.94633],[73.21857,13.94402],[73.21919,13.94172],[73.21978,13.93943],[73.22035,13.93715],[73.2209,13.93487],[73.22141,13.93259],[73.22191,13.93033],[73.22237,13.92807],[73.22281,13.92582],[73.22322,13.92358],[73.2236,13.92134],[73.22396,13.91911],[73.22429,13.91688],[73.2246,13.91467],[73.22487,13.91246],[73.22513,13.91026],[73.22535,13.90806],[73.22555,13.90587],[73.22572,13.90369],[73.22587,13.90151],[73.22599,13.89934],[73.22608,13.89718],[73.22615,13.89503],[73.22619,13.89288],[73.2262,13.89074],[73.22619,13.8886],[73.22615,13.88647],[73.22608,13.88435],[73.22599,13.88224],[73.22587,13.88013],[73.22572,13.87803],[73.22555,13.87594],[73.22535,13.87385],[73.22513,13.87177],[73.22487,13.8697],[73.2246,13.86764],[73.22429,13.86558],[73.22396,13.86353],[73.2236,13.86148],[73.22322,13.85944],[73.22281,13.85741],[73.22237,13.85539],[73.22191,13.85337],[73.22141,13.85136],[73.2209,13.84935],[73.22035,13.84736],[73.21978,13.84537],[73.21919,13.84338],[73.21857,13.84141],[73.21792,13.83944],[73.21724,13.83748],[73.21654,13.83552],[73.21581,13.83357],[73.21505,13.83163],[73.21427,13.82969],[73.21346,13.82777],[73.21263,13.82584],[73.2123,13.82513],[73.21196,13.82441],[73.2116,13.82367],[73.21122,13.82292],[73.21081,13.82216],[73.21039,13.82137],[73.20993,13.82057],[73.20945,13.81973],[73.2086,13.8183],[73.20763,13.81672],[73.20667,13.8152],[73.20433,13.8115],[73.20312,13.80956],[73.20252,13.80857],[73.20197,13.80764],[73.20146,13.80676],[73.20098,13.8059],[73.20047,13.80498],[73.2,13.80409],[73.19956,13.80322],[73.19915,13.80236],[73.19876,13.80152],[73.1984,13.8007],[73.19807,13.79988],[73.19776,13.79908],[73.19742,13.79815],[73.19709,13.7972],[73.19678,13.79624],[73.19648,13.79527],[73.19619,13.79427],[73.19592,13.79326],[73.19565,13.79224],[73.1954,13.79119],[73.19517,13.79013],[73.19494,13.78904],[73.19473,13.78794],[73.19452,13.78681],[73.19433,13.78566],[73.19415,13.78449],[73.19398,13.78328],[73.19382,13.78205],[73.19369,13.78101],[73.19357,13.77994],[73.19346,13.77885],[73.19335,13.77774],[73.19325,13.77659],[73.19315,13.7754],[73.19306,13.77417],[73.19297,13.77289],[73.19284,13.77068],[73.19271,13.76822],[73.19259,13.76585],[73.19232,13.76007],[73.19217,13.75707],[73.19208,13.75555],[73.19199,13.75413],[73.1919,13.75278],[73.19181,13.75149],[73.19174,13.75061],[73.19169,13.74973],[73.19164,13.74884],[73.1916,13.74794],[73.19157,13.74704],[73.19154,13.74613],[73.19153,13.74522],[73.19152,13.7443],[73.19152,13.74337],[73.19153,13.74244],[73.19155,13.7415],[73.19158,13.74055],[73.19161,13.7396],[73.19165,13.73864],[73.1917,13.73767],[73.19176,13.73669],[73.19183,13.73571],[73.1919,13.73471],[73.19199,13.73371],[73.19208,13.73271],[73.19218,13.73169],[73.19228,13.73066],[73.1924,13.72963],[73.19266,13.72753],[73.19295,13.72539],[73.19327,13.7232],[73.19363,13.72097],[73.194,13.71887],[73.19435,13.7169],[73.19474,13.71489],[73.19515,13.71283],[73.19559,13.71072],[73.19606,13.70854],[73.19657,13.7063],[73.1971,13.70398],[73.19763,13.70176],[73.19814,13.69966],[73.19868,13.69745],[73.19927,13.69512],[73.20013,13.69171],[73.20137,13.68692],[73.20339,13.67917],[73.20423,13.67589],[73.20503,13.67274],[73.20581,13.66956],[73.20659,13.66633],[73.2073,13.6633],[73.20795,13.66041],[73.20843,13.65818],[73.20877,13.65653],[73.20909,13.65492],[73.2094,13.65334],[73.20969,13.65179],[73.20996,13.65027],[73.21021,13.64878],[73.21045,13.64732],[73.21067,13.64587],[73.21088,13.64445],[73.21107,13.64304],[73.21124,13.64166],[73.2114,13.6403],[73.21155,13.63896],[73.21167,13.63763],[73.21179,13.63632],[73.2119,13.63487],[73.21199,13.6333],[73.21207,13.63175],[73.21212,13.63022],[73.21215,13.62871],[73.21215,13.62723],[73.21213,13.62576],[73.21209,13.62432],[73.21203,13.62289],[73.21194,13.62148],[73.21183,13.62009],[73.21169,13.61871],[73.21153,13.61735],[73.21135,13.61601],[73.21115,13.61469],[73.21092,13.61338],[73.21067,13.61209],[73.21039,13.61081],[73.21009,13.60954],[73.20977,13.60829],[73.20943,13.60706],[73.20905,13.60584],[73.20866,13.60463],[73.20824,13.60344],[73.2078,13.60226],[73.20733,13.6011],[73.20684,13.59995],[73.20633,13.59881],[73.20579,13.59768],[73.20522,13.59657],[73.20463,13.59547],[73.20402,13.59439],[73.20341,13.59336],[73.20282,13.59238],[73.20222,13.59141],[73.20161,13.59044],[73.20098,13.58947],[73.20035,13.58851],[73.19971,13.58755],[73.19906,13.58659],[73.19839,13.58563],[73.19772,13.58468],[73.19704,13.58373],[73.19634,13.58279],[73.19564,13.58185],[73.19493,13.58091],[73.1942,13.57997],[73.19347,13.57904],[73.19273,13.57811],[73.19197,13.57718],[73.19121,13.57626],[73.19044,13.57534],[73.18965,13.57442],[73.18886,13.57351],[73.18805,13.5726],[73.18724,13.57169],[73.18641,13.57079],[73.18558,13.56989],[73.18474,13.56899],[73.18388,13.56809],[73.18302,13.5672],[73.18214,13.56631],[73.18126,13.56543],[73.18036,13.56454],[73.17991,13.5641]]]},"properties":{"Julian_day":"270","Year":2026,"UID":"2026270038","Length":46.2250568401}},{"type":"Feature","geometry":{"type":"MultiLineString","coordinates":[[[72.96278,13.2518],[72.96292,13.25037],[72.96307,13.24895],[72.96323,13.24753],[72.96339,13.24611],[72.96356,13.2447],[72.96373,13.24329],[72.96392,13.24188],[72.96411,13.24048],[72.96431,13.23909],[72.96452,13.2377],[72.96473,13.23631],[72.96495,13.23492],[72.96518,13.23354],[72.96541,13.23217],[72.96566,13.2308],[72.96591,13.22943],[72.96617,13.22806],[72.96643,13.2267],[72.9667,13.22535],[72.96698,13.224],[72.96727,13.22265],[72.96756,13.2213],[72.96787,13.21996],[72.96818,13.21863],[72.96849,13.2173],[72.96882,13.21597],[72.96915,13.21465],[72.96949,13.21333],[72.96983,13.21201],[72.97019,13.2107],[72.97055,13.20939],[72.97091,13.20809],[72.97129,13.20679],[72.97167,13.2055],[72.97206,13.2042],[72.97246,13.20292],[72.97287,13.20163],[72.97328,13.20035],[72.9737,13.19908],[72.97412,13.19781],[72.97456,13.19654],[72.975,13.19528],[72.97545,13.19402],[72.97591,13.19277],[72.97637,13.19151],[72.97684,13.19027],[72.97732,13.18903],[72.97781,13.18779],[72.9783,13.18655],[72.9788,13.18532],[72.97931,13.18409],[72.97982,13.18287],[72.98034,13.18165],[72.98087,13.18044],[72.98141,13.17923],[72.98196,13.17802],[72.98251,13.17682],[72.98307,13.17562],[72.98363,13.17443],[72.98421,13.17324],[72.98479,13.17205],[72.98538,13.17087],[72.98597,13.16969],[72.98658,13.16852],[72.98744,13.16688],[72.98831,13.16524],[72.98919,13.16361],[72.99009,13.16198],[72.99101,13.16036],[72.99193,13.15874],[72.99287,13.15712],[72.99382,13.15552],[72.99478,13.15392],[72.99576,13.15232],[72.99674,13.15074],[72.99774,13.14917],[72.99875,13.1476],[72.99977,13.14605],[73.00079,13.1445],[73.00183,13.14297],[73.00288,13.14145],[73.00393,13.13994],[73.005,13.13844],[73.00607,13.13695],[73.00715,13.13548],[73.00824,13.13402],[73.00933,13.13258],[73.01043,13.13115],[73.01154,13.12973],[73.01266,13.12833],[73.01378,13.12694],[73.01491,13.12557],[73.01605,13.12421],[73.01719,13.12287],[73.01834,13.12155],[73.01949,13.12024],[73.02064,13.11895],[73.0218,13.11769],[73.02296,13.11643],[73.02413,13.1152],[73.0253,13.11398],[73.02647,13.11278],[73.02765,13.1116],[73.02883,13.11044],[73.03002,13.10929],[73.03121,13.10817],[73.0324,13.10706],[73.0336,13.10597],[73.0348,13.10489],[73.036,13.10384],[73.0372,13.10281],[73.03841,13.10179],[73.03962,13.10079],[73.04083,13.09982],[73.04204,13.09886],[73.04326,13.09792],[73.04448,13.097],[73.0457,13.0961],[73.04692,13.09523],[73.04814,13.09437],[73.04936,13.09353],[73.05059,13.09271],[73.05182,13.09191],[73.05304,13.09113],[73.05427,13.09037],[73.0555,13.08963],[73.05673,13.08891],[73.05796,13.08821],[73.05903,13.08763],[73.06011,13.08706],[73.06122,13.08651],[73.06235,13.08597],[73.06351,13.08545],[73.06468,13.08494],[73.06589,13.08445],[73.06712,13.08396],[73.06837,13.08349],[73.06965,13.08304],[73.07096,13.08259],[73.0723,13.08216],[73.07367,13.08174],[73.07507,13.08133],[73.07651,13.08092],[73.07799,13.08053],[73.07928,13.0802],[73.08061,13.07988],[73.08196,13.07956],[73.08336,13.07925],[73.0848,13.07894],[73.08629,13.07863],[73.08783,13.07832],[73.08943,13.07801],[73.09085,13.07775],[73.09389,13.0772],[73.09708,13.07665],[73.10045,13.07609],[73.1072,13.07497],[73.10968,13.07454],[73.1119,13.07415],[73.1144,13.0737],[73.11673,13.07325],[73.11893,13.07281],[73.12103,13.07236],[73.12227,13.07209],[73.12349,13.07181],[73.12467,13.07153],[73.12583,13.07124],[73.12697,13.07095],[73.12809,13.07066],[73.12918,13.07036],[73.13026,13.07005],[73.13132,13.06974],[73.13236,13.06942],[73.13338,13.0691],[73.13439,13.06877],[73.13538,13.06844],[73.13636,13.0681],[73.13732,13.06775],[73.13827,13.06739],[73.13954,13.0669],[73.14082,13.06637],[73.14213,13.06581],[73.14347,13.06523],[73.14483,13.0646],[73.14623,13.06394],[73.14767,13.06325],[73.14915,13.06251],[73.15042,13.06186],[73.15173,13.06118],[73.15311,13.06045],[73.15458,13.05967],[73.15734,13.05817],[73.16228,13.05546],[73.16419,13.05442],[73.16612,13.05337],[73.16786,13.05244],[73.16978,13.05144],[73.17158,13.05053],[73.1733,13.04968],[73.17495,13.04888],[73.1759,13.04844],[73.17683,13.04802],[73.17775,13.04761],[73.17865,13.04722],[73.17954,13.04684],[73.18042,13.04648],[73.18129,13.04613],[73.18216,13.0458],[73.18301,13.04548],[73.18386,13.04517],[73.18471,13.04488],[73.18554,13.0446],[73.18637,13.04433],[73.1872,13.04407],[73.18802,13.04383],[73.18883,13.0436],[73.1898,13.04333],[73.19079,13.04308],[73.19178,13.04283],[73.19279,13.04259],[73.19382,13.04235],[73.19485,13.04213],[73.19591,13.04191],[73.19697,13.04169],[73.19806,13.04148],[73.19916,13.04128],[73.20028,13.04109],[73.20142,13.0409],[73.20257,13.04072],[73.20375,13.04054],[73.20496,13.04036],[73.20619,13.0402],[73.20849,13.0399],[73.2109,13.03962],[73.21345,13.03935],[73.21618,13.03909],[73.21859,13.03887],[73.22128,13.03864],[73.22845,13.03806],[73.2319,13.03778],[73.23387,13.03761],[73.23474,13.03755],[73.2356,13.03749],[73.23647,13.03744],[73.23735,13.03741],[73.23824,13.03738],[73.23913,13.03735],[73.24003,13.03734],[73.24094,13.03734],[73.24185,13.03734],[73.24277,13.03735],[73.2437,13.03737],[73.24464,13.0374],[73.24558,13.03744],[73.24653,13.03749],[73.24749,13.03755],[73.24846,13.03761],[73.24943,13.03768],[73.25041,13.03777],[73.25141,13.03786],[73.25241,13.03796],[73.25341,13.03806],[73.25443,13.03818],[73.25546,13.03831],[73.2565,13.03844],[73.25755,13.03858],[73.25861,13.03873],[73.26022,13.03898],[73.26241,13.03934],[73.26464,13.03973],[73.26658,13.04009],[73.26856,13.04048],[73.27058,13.0409],[73.27266,13.04135],[73.2748,13.04183],[73.27699,13.04234],[73.27927,13.04288],[73.28163,13.04347],[73.28369,13.04399],[73.28584,13.04454],[73.2881,13.04513],[73.29051,13.04577],[73.2951,13.04701],[73.30346,13.0493],[73.30672,13.05019],[73.31004,13.05108],[73.31303,13.05187],[73.31635,13.05273],[73.31944,13.0535],[73.32237,13.05421],[73.32448,13.0547],[73.326,13.05504],[73.32762,13.0554],[73.32922,13.05573],[73.33077,13.05605],[73.3323,13.05635],[73.3338,13.05663],[73.33527,13.05689],[73.33671,13.05714],[73.33814,13.05737],[73.33953,13.05758],[73.34091,13.05778],[73.34227,13.05796],[73.3436,13.05812],[73.34492,13.05827],[73.34622,13.05839],[73.3475,13.05851],[73.34891,13.05862],[73.35045,13.05871],[73.35197,13.05878],[73.35346,13.05883],[73.35493,13.05885],[73.35638,13.05885],[73.35781,13.05882],[73.35921,13.05876],[73.36059,13.05869],[73.36196,13.05858],[73.3633,13.05845],[73.36463,13.0583],[73.36594,13.05812],[73.36722,13.05792],[73.36849,13.05769],[73.36975,13.05744],[73.37098,13.05716],[73.3719,13.05693],[73.37251,13.05678],[73.37311,13.05661],[73.37371,13.05644],[73.3743,13.05626],[73.37489,13.05608],[73.37547,13.05589],[73.37605,13.05569],[73.37663,13.05549],[73.37721,13.05528],[73.37777,13.05506],[73.37834,13.05484],[73.3789,13.05461],[73.37946,13.05437],[73.38001,13.05413],[73.38056,13.05388],[73.38111,13.05363],[73.38165,13.05337],[73.38219,13.0531],[73.38272,13.05282],[73.38325,13.05254],[73.38378,13.05226],[73.3843,13.05196],[73.38482,13.05166],[73.38534,13.05135],[73.38585,13.05104],[73.38636,13.05072],[73.38687,13.05039],[73.38737,13.05006],[73.38786,13.04972],[73.38862,13.04919],[73.38962,13.04847],[73.39062,13.04773],[73.39162,13.04698],[73.39261,13.04621],[73.39359,13.04543],[73.39457,13.04464],[73.39555,13.04384],[73.39652,13.04302],[73.39749,13.04218],[73.39845,13.04134],[73.3994,13.04048],[73.40035,13.0396],[73.40129,13.03871],[73.40223,13.03781],[73.40317,13.03689],[73.4041,13.03597],[73.40502,13.03502],[73.40594,13.03407],[73.40686,13.03309],[73.40777,13.03211],[73.40867,13.03111],[73.40957,13.0301],[73.41046,13.02907],[73.41135,13.02804],[73.41223,13.02698],[73.41311,13.02592],[73.41399,13.02483],[73.41486,13.02374],[73.41572,13.02263],[73.41658,13.02151],[73.41743,13.02037],[73.41786,13.0198]]]},"properties":{"Julian_day":"270","Year":2026,"UID":"2026270039","Length":63.4750967068}},{"type":"Feature","geometry":{"type":"MultiLineString","coordinates":[[[73.51006,13.03467],[73.51131,13.03463],[73.51257,13.03457],[73.51381,13.03451],[73.51506,13.03444],[73.5163,13.03436],[73.51754,13.03427],[73.51878,13.03417],[73.52001,13.03406],[73.52125,13.03394],[73.52247,13.03382],[73.5237,13.03368],[73.52492,13.03354],[73.52614,13.03338],[73.52735,13.03322],[73.52857,13.03305],[73.52978,13.03286],[73.53098,13.03267],[73.53219,13.03247],[73.53339,13.03227],[73.53459,13.03205],[73.53578,13.03182],[73.53697,13.03159],[73.53816,13.03134],[73.53935,13.03109],[73.54053,13.03082],[73.54171,13.03055],[73.54289,13.03027],[73.54406,13.02998],[73.54523,13.02968],[73.5464,13.02937],[73.54756,13.02905],[73.54873,13.02872],[73.54971,13.02844],[73.55069,13.02813],[73.55168,13.02781],[73.55267,13.02747],[73.55367,13.02711],[73.55468,13.02673],[73.55569,13.02633],[73.55672,13.02591],[73.55774,13.02548],[73.55878,13.02503],[73.55983,13.02455],[73.56089,13.02406],[73.56197,13.02354],[73.56305,13.02301],[73.56416,13.02244],[73.56528,13.02186],[73.56622,13.02136],[73.56718,13.02084],[73.56816,13.0203],[73.56916,13.01975],[73.57018,13.01917],[73.57122,13.01856],[73.57342,13.01727],[73.57538,13.01609],[73.57756,13.01476],[73.57969,13.01344],[73.58509,13.01009],[73.58805,13.00827],[73.58961,13.00733],[73.59108,13.00645],[73.59247,13.00563],[73.59382,13.00486],[73.59537,13.00398],[73.59688,13.00314],[73.59834,13.00236],[73.59977,13.00161],[73.60117,13.0009],[73.60255,13.00023],[73.6039,12.99959],[73.60524,12.99898],[73.60627,12.99853],[73.60733,12.99808],[73.60839,12.99763],[73.60948,12.9972],[73.61058,12.99676],[73.61169,12.99634],[73.61283,12.99591],[73.61398,12.99549],[73.61516,12.99508],[73.61635,12.99467],[73.61757,12.99426],[73.61881,12.99386],[73.62007,12.99345],[73.62136,12.99305],[73.62268,12.99265],[73.62404,12.99225],[73.62633,12.9916],[73.62873,12.99093],[73.63127,12.99025],[73.63399,12.98955],[73.63642,12.98894],[73.63913,12.98826],[73.64655,12.98646],[73.65029,12.98555],[73.65384,12.98466],[73.65642,12.984],[73.65803,12.98358],[73.65973,12.98313],[73.66149,12.98265],[73.66319,12.98217],[73.66483,12.9817],[73.66642,12.98123],[73.66797,12.98076],[73.66948,12.98029],[73.67095,12.97981],[73.67251,12.97929],[73.67417,12.97872],[73.67578,12.97814],[73.67735,12.97755],[73.67889,12.97695],[73.68039,12.97635],[73.68187,12.97573],[73.68331,12.9751],[73.68472,12.97446],[73.6861,12.97381],[73.68746,12.97315],[73.68879,12.97247],[73.69009,12.97177],[73.69137,12.97107],[73.69263,12.97035],[73.69386,12.96961],[73.69526,12.96874],[73.69684,12.96773],[73.69843,12.9667],[73.70001,12.96563],[73.7016,12.96454],[73.70319,12.96343],[73.70478,12.96228],[73.70637,12.96111],[73.70796,12.95992],[73.70955,12.95869],[73.71114,12.95744],[73.71274,12.95617],[73.71433,12.95487],[73.71592,12.95354],[73.71751,12.95219],[73.7191,12.95081],[73.72069,12.94941],[73.72228,12.94798],[73.72387,12.94653],[73.72545,12.94505],[73.72704,12.94355],[73.72862,12.94202],[73.7302,12.94047],[73.73178,12.9389],[73.73335,12.9373],[73.73493,12.93568],[73.73649,12.93404],[73.73806,12.93237],[73.73962,12.93069],[73.74117,12.92898],[73.74272,12.92725],[73.74426,12.92551],[73.74533,12.92428],[73.74592,12.92358],[73.74651,12.92286],[73.7471,12.92213],[73.74768,12.92139],[73.74827,12.92062],[73.74885,12.91985],[73.74943,12.91905],[73.75001,12.91823],[73.75059,12.9174],[73.75117,12.91655],[73.75175,12.91568],[73.75234,12.91479],[73.75292,12.91387],[73.75351,12.91293],[73.75411,12.91197],[73.75489,12.91066],[73.75588,12.90898],[73.7569,12.9072],[73.75797,12.9053],[73.75899,12.90343],[73.75998,12.90159],[73.76153,12.89869],[73.76471,12.89271],[73.76602,12.89027],[73.76728,12.88797],[73.76821,12.88631],[73.76887,12.88516],[73.76951,12.88405],[73.77014,12.88298],[73.77076,12.88194],[73.77138,12.88094],[73.77198,12.87996],[73.77259,12.87901],[73.77322,12.87803],[73.77389,12.87704],[73.77455,12.87606],[73.77521,12.87512],[73.77588,12.8742],[73.77654,12.8733],[73.7772,12.87243],[73.77787,12.87158],[73.77854,12.87074],[73.77922,12.86993],[73.77989,12.86914],[73.78057,12.86837],[73.78126,12.86762],[73.78195,12.86689],[73.78264,12.86617],[73.78334,12.86548],[73.78408,12.86477],[73.78485,12.86405],[73.78562,12.86333],[73.7864,12.86261],[73.78718,12.8619],[73.78797,12.8612],[73.78876,12.8605],[73.78956,12.8598],[73.79036,12.85912],[73.79117,12.85843],[73.79199,12.85776],[73.79281,12.85709],[73.79363,12.85642],[73.79446,12.85576],[73.7953,12.8551],[73.79614,12.85445],[73.79698,12.85381],[73.79783,12.85317],[73.79869,12.85254],[73.79955,12.85191],[73.80042,12.85129],[73.80129,12.85067],[73.80217,12.85006],[73.80305,12.84945],[73.80394,12.84885],[73.80483,12.84825],[73.80573,12.84766],[73.80663,12.84708],[73.80754,12.8465],[73.80845,12.84592],[73.80937,12.84536],[73.8103,12.84479],[73.81123,12.84424],[73.81216,12.84368],[73.8131,12.84314],[73.81405,12.84259],[73.815,12.84206],[73.81595,12.84153],[73.81691,12.841],[73.81788,12.84048],[73.81885,12.83997],[73.81983,12.83946],[73.82081,12.83896],[73.8218,12.83846],[73.82329,12.83772],[73.82529,12.83676],[73.82732,12.83582],[73.82937,12.8349],[73.83143,12.834],[73.83352,12.83312],[73.83563,12.83227],[73.83776,12.83143],[73.83992,12.83062],[73.84209,12.82983],[73.84318,12.82945]]]},"properties":{"Julian_day":"270","Year":2026,"UID":"2026270040","Length":44.3613246765}},{"type":"Feature","geometry":{"type":"MultiLineString","coordinates":[[[80.89472,13.51532],[80.89455,13.51336],[80.89439,13.5114],[80.89426,13.50944],[80.89414,13.50749],[80.89404,13.50554],[80.89396,13.5036],[80.8939,13.50166],[80.89386,13.49973],[80.89383,13.4978],[80.89382,13.49587],[80.89384,13.49395],[80.89387,13.49203],[80.89391,13.49012],[80.89398,13.48821],[80.89406,13.48631],[80.89417,13.48441],[80.89429,13.48252],[80.89443,13.48063],[80.89458,13.47874],[80.89476,13.47686],[80.89495,13.47499],[80.89516,13.47312],[80.89539,13.47125],[80.89564,13.46939],[80.89591,13.46753],[80.89619,13.46568],[80.8965,13.46383],[80.89682,13.46198],[80.89716,13.46014],[80.89752,13.45831],[80.89789,13.45648],[80.89829,13.45465],[80.89854,13.4535],[80.89881,13.45235],[80.89909,13.4512],[80.89937,13.45005],[80.89966,13.44889],[80.89997,13.44773],[80.90028,13.44657],[80.9006,13.44541],[80.90092,13.44425],[80.90126,13.44309],[80.90161,13.44192],[80.90196,13.44076],[80.90232,13.43959],[80.90269,13.43843],[80.90307,13.43726],[80.90346,13.4361],[80.90386,13.43493],[80.90426,13.43376],[80.90467,13.4326],[80.90509,13.43143],[80.90552,13.43026],[80.90596,13.4291],[80.9064,13.42794],[80.90685,13.42677],[80.90731,13.42561],[80.90778,13.42445],[80.90825,13.4233],[80.90873,13.42214],[80.90922,13.42099],[80.90972,13.41984],[80.91023,13.41869],[80.91074,13.41754],[80.91126,13.4164],[80.91178,13.41526],[80.91232,13.41412],[80.91286,13.41298],[80.9134,13.41185],[80.91396,13.41072],[80.91452,13.4096],[80.91508,13.40848],[80.91566,13.40736],[80.91624,13.40625],[80.91682,13.40515],[80.91741,13.40405],[80.91801,13.40295],[80.91862,13.40186],[80.91923,13.40077],[80.91984,13.39969],[80.92047,13.39861],[80.92109,13.39754],[80.92173,13.39648],[80.92236,13.39542],[80.92301,13.39437],[80.92366,13.39333],[80.92431,13.39229],[80.92497,13.39126],[80.92563,13.39023],[80.9263,13.38921],[80.92697,13.3882],[80.92765,13.3872],[80.92834,13.3862],[80.92902,13.38522],[80.92971,13.38424],[80.93041,13.38326],[80.93111,13.38231],[80.93185,13.38136],[80.93261,13.38042],[80.93341,13.37948],[80.93424,13.37854],[80.9351,13.37761],[80.93599,13.37668],[80.93691,13.37575],[80.93787,13.37483],[80.93886,13.3739],[80.93989,13.37298],[80.94096,13.37205],[80.94206,13.37113],[80.9432,13.3702],[80.94438,13.36926],[80.94561,13.36831],[80.94664,13.36754],[80.94769,13.36677],[80.94879,13.36598],[80.94991,13.36518],[80.95108,13.36437],[80.9523,13.36354],[80.95356,13.36269],[80.95489,13.36182],[80.9572,13.36032],[80.95979,13.35867],[80.96231,13.35709],[80.96849,13.35322],[80.97098,13.35166],[80.97256,13.35065],[80.97414,13.34963],[80.97562,13.34866],[80.97702,13.34772],[80.97846,13.34675],[80.97992,13.34573],[80.98131,13.34474],[80.98265,13.34377],[80.98393,13.34281],[80.98516,13.34186],[80.98634,13.34092],[80.98747,13.33998],[80.98833,13.33926],[80.98893,13.33874],[80.98951,13.33822],[80.99009,13.3377],[80.99065,13.33718],[80.9912,13.33667],[80.99174,13.33615],[80.99226,13.33563],[80.99278,13.33512],[80.99328,13.3346],[80.99377,13.33408],[80.99425,13.33356],[80.99472,13.33304],[80.99518,13.33252],[80.99563,13.332],[80.99607,13.33148],[80.99649,13.33095],[80.99691,13.33043],[80.99731,13.3299],[80.99771,13.32937],[80.99809,13.32884],[80.99847,13.3283],[80.99883,13.32777],[80.99919,13.32723],[80.99953,13.3267],[80.99987,13.32616],[81.00019,13.32561],[81.0005,13.32507],[81.00081,13.32452],[81.0011,13.32397],[81.00138,13.32342],[81.00166,13.32287],[81.0019,13.32236],[81.00211,13.3219],[81.00231,13.32143],[81.00251,13.32096],[81.0027,13.32048],[81.00289,13.32],[81.00307,13.31951],[81.00324,13.31902],[81.00341,13.31852],[81.00357,13.31801],[81.00372,13.3175],[81.00387,13.31698],[81.00401,13.31645],[81.00415,13.31592],[81.00428,13.31538],[81.00447,13.31456],[81.0047,13.31344],[81.0049,13.3123],[81.00508,13.31113],[81.00524,13.30992],[81.00538,13.30868],[81.0055,13.30741],[81.00559,13.3061],[81.00566,13.30475],[81.0057,13.30365],[81.00573,13.30252],[81.00575,13.30136],[81.00575,13.30016],[81.00574,13.29893],[81.00571,13.29765],[81.00567,13.29632],[81.00562,13.29493],[81.00551,13.29254],[81.00535,13.28987],[81.00518,13.28728],[81.00475,13.28093],[81.00459,13.27837],[81.0045,13.27674],[81.00441,13.27511],[81.00435,13.27358],[81.0043,13.27212],[81.00426,13.27064],[81.00424,13.26914],[81.00424,13.2677],[81.00426,13.2663],[81.00429,13.26495],[81.00435,13.26363],[81.00442,13.26235],[81.00451,13.26111],[81.00462,13.25989],[81.00475,13.2587],[81.0049,13.25753],[81.00507,13.2564],[81.00526,13.25529],[81.00547,13.2542],[81.0057,13.25314],[81.00595,13.25209],[81.00622,13.25107],[81.00651,13.25008],[81.00683,13.2491],[81.00716,13.24814],[81.00752,13.2472],[81.00789,13.24628],[81.00829,13.24538],[81.00871,13.2445],[81.00914,13.24366],[81.00959,13.24283],[81.01007,13.242],[81.01058,13.24116],[81.01113,13.24031],[81.0117,13.23944],[81.01232,13.23856],[81.01297,13.23766],[81.01364,13.23677],[81.01434,13.23586],[81.01508,13.23493],[81.01588,13.23395],[81.0167,13.23296],[81.01756,13.23195],[81.01895,13.23033],[81.02145,13.22744],[81.02287,13.22579],[81.02363,13.22489],[81.02432,13.22404],[81.02498,13.22323],[81.02559,13.22246],[81.02632,13.22152],[81.027,13.22061],[81.02764,13.21973],[81.02825,13.21886],[81.02882,13.21801],[81.02936,13.21717],[81.02987,13.21634],[81.03035,13.21551],[81.03088,13.21454],[81.0314,13.21355],[81.03189,13.21253],[81.03237,13.21149],[81.03283,13.21042],[81.03327,13.20933],[81.03369,13.20821],[81.03409,13.20707],[81.03448,13.2059],[81.03485,13.20471],[81.0352,13.20348],[81.03553,13.20222],[81.03585,13.20093],[81.03616,13.19961],[81.03645,13.19825],[81.03672,13.19685],[81.03693,13.1957],[81.03714,13.19452],[81.03733,13.1933],[81.03752,13.19206],[81.0377,13.19077],[81.03787,13.18944],[81.03804,13.18806],[81.03821,13.18662],[81.03847,13.18414],[81.03873,13.18137],[81.03897,13.1787],[81.03953,13.17227],[81.03983,13.16897],[81.03999,13.16732],[81.04016,13.16577],[81.04032,13.16431],[81.04049,13.16291],[81.04068,13.16144],[81.04088,13.16002],[81.04108,13.15865],[81.0413,13.15733],[81.04153,13.15605],[81.04176,13.15481],[81.04201,13.1536],[81.04227,13.15242],[81.04254,13.15128],[81.04282,13.15016],[81.04311,13.14908],[81.04342,13.14802],[81.04374,13.14698],[81.04407,13.14596],[81.04442,13.14497],[81.04478,13.14401],[81.04515,13.14306],[81.04554,13.14213],[81.04594,13.14123],[81.04636,13.14034],[81.0468,13.13947],[81.04725,13.13863],[81.04771,13.1378],[81.04819,13.13699],[81.04888,13.13588],[81.04959,13.13478],[81.05032,13.13367],[81.05108,13.13257],[81.05186,13.13146],[81.05267,13.13036],[81.0535,13.12926],[81.05435,13.12816],[81.05522,13.12706],[81.05611,13.12597],[81.05703,13.12488],[81.05797,13.12379],[81.05893,13.1227],[81.05991,13.12162],[81.06091,13.12055],[81.06193,13.11947],[81.06298,13.1184],[81.06404,13.11734],[81.06513,13.11628],[81.06623,13.11522],[81.06736,13.11417],[81.0685,13.11313],[81.06966,13.1121],[81.07084,13.11107],[81.07203,13.11005],[81.07325,13.10903],[81.07448,13.10803],[81.07572,13.10703],[81.07698,13.10604],[81.07826,13.10506],[81.07955,13.10409],[81.08086,13.10313],[81.08219,13.10217],[81.08353,13.10123],[81.08488,13.1003],[81.08625,13.09937],[81.08763,13.09846],[81.08902,13.09757],[81.09042,13.09668],[81.09182,13.09581],[81.09324,13.09495],[81.09467,13.09411],[81.0961,13.09328],[81.09754,13.09247],[81.09899,13.09167],[81.10044,13.09089],[81.1019,13.09012],[81.10336,13.08937],[81.10483,13.08864],[81.10629,13.08792],[81.10776,13.08722],[81.10923,13.08654],[81.11071,13.08588],[81.11218,13.08524],[81.11365,13.08461],[81.11511,13.084],[81.11658,13.08342],[81.11804,13.08285],[81.1195,13.08231],[81.12096,13.08178],[81.12241,13.08127],[81.12385,13.08079],[81.12529,13.08033],[81.12671,13.07988],[81.12793,13.07952],[81.12916,13.07917],[81.13039,13.07883],[81.13162,13.0785],[81.13285,13.07818],[81.13409,13.07788],[81.13534,13.07758],[81.13658,13.0773],[81.13783,13.07703],[81.13909,13.07677],[81.14034,13.07652],[81.14161,13.07629],[81.14287,13.07606],[81.14414,13.07585],[81.14541,13.07565],[81.14669,13.07546],[81.14797,13.07528],[81.14925,13.07511],[81.15054,13.07495],[81.15183,13.07481],[81.15313,13.07468],[81.15443,13.07456],[81.15573,13.07445],[81.15704,13.07435],[81.15835,13.07426],[81.15966,13.07419],[81.16098,13.07412],[81.1623,13.07407],[81.16363,13.07403],[81.16496,13.074],[81.16629,13.07399],[81.16762,13.07398],[81.16896,13.07399],[81.17031,13.074],[81.17166,13.07403],[81.17301,13.07407],[81.17436,13.07412],[81.17572,13.07419],[81.17709,13.07426],[81.17845,13.07435],[81.17982,13.07445],[81.1812,13.07456],[81.18257,13.07468],[81.18396,13.07481],[81.18534,13.07495],[81.18673,13.07511],[81.18812,13.07528],[81.18952,13.07546],[81.19092,13.07565],[81.19232,13.07585],[81.19373,13.07606],[81.19514,13.07629],[81.19656,13.07652],[81.19798,13.07677],[81.1994,13.07703],[81.20083,13.0773],[81.20226,13.07758],[81.20369,13.07788],[81.20513,13.07818],[81.20657,13.0785],[81.20802,13.07883],[81.20947,13.07917],[81.21092,13.07952],[81.21237,13.07988]]]},"properties":{"Julian_day":"270","Year":2026,"UID":"2026270041","Length":67.7327133761}},{"type":"Feature","geometry":{"type":"MultiLineString","coordinates":[[[80.76504,14.43558],[80.76462,14.43327],[80.76424,14.43096],[80.76388,14.42866],[80.76355,14.42637],[80.76325,14.42408],[80.76297,14.42179],[80.76272,14.41951],[80.76249,14.41723],[80.76229,14.41496],[80.76212,14.4127],[80.76197,14.41044],[80.76185,14.40819],[80.76176,14.40594],[80.76169,14.40369],[80.76165,14.40146],[80.76164,14.39922],[80.76165,14.39699],[80.76169,14.39477],[80.76176,14.39255],[80.76185,14.39034],[80.76197,14.38813],[80.76212,14.38593],[80.76229,14.38373],[80.76249,14.38154],[80.76272,14.37936],[80.76297,14.37718],[80.76325,14.375],[80.76355,14.37283],[80.76388,14.37066],[80.76424,14.3685],[80.76462,14.36635],[80.76504,14.3642],[80.76538,14.36254],[80.76574,14.36087],[80.76614,14.35919],[80.76656,14.3575],[80.76701,14.3558],[80.76749,14.35408],[80.76799,14.35234],[80.76852,14.35059],[80.76909,14.34882],[80.76968,14.34704],[80.7703,14.34524],[80.77094,14.34342],[80.77162,14.34158],[80.77233,14.33971],[80.77307,14.33782],[80.77385,14.33591],[80.77462,14.33403],[80.77543,14.33213],[80.77627,14.33019],[80.77715,14.32822],[80.77806,14.32621],[80.77901,14.32416],[80.78,14.32206],[80.78103,14.31991],[80.78208,14.31776],[80.78318,14.31554],[80.78434,14.31322],[80.78556,14.3108],[80.78684,14.3083],[80.78824,14.30559],[80.78979,14.30261],[80.79246,14.2975],[80.79387,14.29475],[80.79531,14.2919],[80.79859,14.28536],[80.80052,14.28152],[80.80187,14.27887],[80.80277,14.27711],[80.80364,14.27545],[80.80447,14.27387],[80.8054,14.27213],[80.80643,14.27025],[80.80744,14.26844],[80.80843,14.26671],[80.80941,14.26503],[80.81038,14.26342],[80.81134,14.26186],[80.81229,14.26034],[80.81304,14.25919],[80.81357,14.25838],[80.81411,14.25759],[80.81464,14.25681],[80.81517,14.25604],[80.81571,14.25528],[80.81624,14.25454],[80.81678,14.25381],[80.81731,14.25309],[80.81785,14.25238],[80.81839,14.25169],[80.81893,14.251],[80.81947,14.25033],[80.82001,14.24967],[80.82056,14.24902],[80.82111,14.24837],[80.82165,14.24774],[80.82221,14.24712],[80.82276,14.24652],[80.82331,14.24592],[80.82387,14.24533],[80.82443,14.24475],[80.82499,14.24418],[80.82556,14.24362],[80.82613,14.24307],[80.8267,14.24254],[80.82727,14.24201],[80.82785,14.24149],[80.82842,14.24098],[80.829,14.24048],[80.82959,14.23999],[80.83018,14.23951],[80.83093,14.23891],[80.83188,14.23818],[80.83284,14.23746],[80.83383,14.23675],[80.83484,14.23604],[80.83587,14.23534],[80.83693,14.23464],[80.83801,14.23394],[80.83911,14.23326],[80.84023,14.23258],[80.84138,14.2319],[80.84255,14.23123],[80.84375,14.23056],[80.84497,14.2299],[80.84621,14.22925],[80.84748,14.2286],[80.84877,14.22795],[80.85008,14.22731],[80.85141,14.22668],[80.85277,14.22605],[80.85416,14.22543],[80.85557,14.2248],[80.85701,14.22419],[80.85847,14.22357],[80.85996,14.22296],[80.86148,14.22236],[80.86303,14.22175],[80.8646,14.22115],[80.86621,14.22055],[80.86785,14.21995],[80.86953,14.21935],[80.87124,14.21876],[80.87319,14.21809],[80.87534,14.21737],[80.8775,14.21668],[80.87966,14.216],[80.88181,14.21534],[80.88397,14.21471],[80.88612,14.21409],[80.88827,14.2135],[80.89041,14.21293],[80.89254,14.21238],[80.89467,14.21186],[80.89678,14.21136],[80.89889,14.21088],[80.90099,14.21042],[80.90308,14.20999],[80.90515,14.20958],[80.90721,14.2092],[80.90926,14.20884],[80.91129,14.2085],[80.91332,14.20819],[80.91532,14.2079],[80.91731,14.20764],[80.91929,14.20739],[80.92125,14.20718],[80.9232,14.20698],[80.92513,14.20682],[80.92705,14.20667],[80.92895,14.20655],[80.93083,14.20645],[80.93269,14.20638],[80.93454,14.20633],[80.93637,14.20631],[80.93818,14.20631],[80.93996,14.20633],[80.94173,14.20638],[80.94347,14.20645],[80.9452,14.20655],[80.94691,14.20667],[80.94861,14.20681],[80.95028,14.20698],[80.95194,14.20717],[80.95357,14.20738],[80.95519,14.20762],[80.95679,14.20788],[80.95836,14.20817],[80.95992,14.20848],[80.96146,14.20881],[80.96298,14.20917],[80.96448,14.20955],[80.96596,14.20995],[80.96742,14.21038],[80.96886,14.21083],[80.96993,14.21119],[80.97063,14.21143],[80.97133,14.21168],[80.97203,14.21194],[80.97271,14.2122],[80.9734,14.21246],[80.97408,14.21274],[80.97475,14.21301],[80.97542,14.2133],[80.97609,14.21359],[80.97674,14.21389],[80.9774,14.21419],[80.97805,14.2145],[80.97869,14.21481],[80.97933,14.21513],[80.97996,14.21545],[80.98059,14.21579],[80.98121,14.21612],[80.98183,14.21647],[80.98244,14.21681],[80.98305,14.21717],[80.98365,14.21753],[80.98425,14.2179],[80.98484,14.21827],[80.98542,14.21864],[80.98601,14.21905],[80.98662,14.2195],[80.98727,14.21999],[80.98789,14.22048],[80.9885,14.22099],[80.98946,14.22181],[80.99105,14.22317],[80.99192,14.2239],[80.99281,14.22462],[80.99342,14.2251],[80.99385,14.22542],[80.9943,14.22574],[80.99474,14.22605],[80.99517,14.22633],[80.99559,14.2266],[80.99601,14.22684],[80.99642,14.22707],[80.99683,14.22728],[80.99734,14.22752],[80.99797,14.2278],[80.99862,14.22805],[80.99928,14.22829],[80.99995,14.22851],[81.00064,14.22871],[81.00135,14.22889],[81.00208,14.22905],[81.00282,14.22919],[81.00358,14.22932],[81.00435,14.22943],[81.00515,14.22952],[81.00597,14.22959],[81.0068,14.22964],[81.00766,14.22968],[81.00854,14.22969],[81.00939,14.22969],[81.01022,14.22968],[81.01106,14.22965],[81.01193,14.22961],[81.01283,14.22955],[81.01375,14.22948],[81.01471,14.2294],[81.0157,14.2293],[81.01701,14.22915],[81.01871,14.22894],[81.02053,14.22869],[81.02255,14.22839],[81.02604,14.22788],[81.02758,14.22766],[81.02907,14.22746],[81.03079,14.22725],[81.03281,14.22699],[81.03478,14.22672],[81.0367,14.22644],[81.03857,14.22615],[81.0404,14.22584],[81.04218,14.22553],[81.04393,14.2252],[81.04565,14.22486],[81.04733,14.2245],[81.04897,14.22413],[81.05059,14.22375],[81.05217,14.22335],[81.05372,14.22293],[81.05524,14.22251],[81.05673,14.22207],[81.0582,14.22161],[81.05964,14.22113],[81.06105,14.22065],[81.06243,14.22014],[81.06378,14.21962],[81.0651,14.21909],[81.0664,14.21853],[81.06767,14.21797],[81.06891,14.21739],[81.07012,14.21679],[81.07131,14.21617],[81.07246,14.21554],[81.07359,14.2149],[81.0747,14.21423],[81.07578,14.21355],[81.07683,14.21286],[81.07763,14.2123],[81.07822,14.21188],[81.0788,14.21145],[81.07939,14.21101],[81.07998,14.21055],[81.08057,14.21009],[81.08116,14.2096],[81.08175,14.20911],[81.08235,14.2086],[81.08295,14.20808],[81.08355,14.20755],[81.08415,14.207],[81.08476,14.20643],[81.08537,14.20586],[81.08598,14.20526],[81.0866,14.20466],[81.08722,14.20404],[81.08783,14.20341],[81.08877,14.20244],[81.09004,14.20109],[81.09135,14.19965],[81.09269,14.19814],[81.09409,14.19653],[81.09558,14.19478],[81.09722,14.19282],[81.09878,14.19093],[81.10001,14.1894],[81.10123,14.18785],[81.10242,14.18627],[81.10361,14.18467],[81.10478,14.18305],[81.10593,14.18141],[81.10706,14.17975],[81.10817,14.17807],[81.10927,14.17637],[81.11035,14.17465],[81.1114,14.17291],[81.11244,14.17116],[81.11346,14.1694],[81.11445,14.16762],[81.11542,14.16582],[81.11637,14.16402],[81.1173,14.1622],[81.1182,14.16038],[81.11908,14.15854],[81.11994,14.15669],[81.12077,14.15484],[81.12158,14.15298],[81.12236,14.15112],[81.12311,14.14925],[81.12384,14.14738],[81.12454,14.1455],[81.12521,14.14362],[81.12586,14.14174],[81.12648,14.13987],[81.12707,14.13799],[81.12763,14.13611],[81.12798,14.13491],[81.12812,14.13438],[81.12826,14.13384],[81.12839,14.13329],[81.12851,14.13273],[81.12863,14.13217],[81.12875,14.13159],[81.12885,14.131],[81.12896,14.13041],[81.1291,14.12949],[81.12927,14.12823],[81.12942,14.12692],[81.12955,14.12554],[81.12964,14.12437],[81.12972,14.12313],[81.12979,14.12183],[81.12985,14.12043],[81.12989,14.11919],[81.12993,14.1178],[81.13004,14.1131],[81.13009,14.1113],[81.13015,14.10951],[81.13022,14.1079],[81.1303,14.10658],[81.13035,14.10574],[81.13041,14.10493],[81.13048,14.10414],[81.13056,14.10338],[81.13064,14.10264],[81.13073,14.10192],[81.13083,14.10115],[81.13095,14.10035],[81.13108,14.09957],[81.13122,14.0988],[81.13136,14.09806],[81.13152,14.09733],[81.13169,14.09662],[81.13187,14.09592],[81.13206,14.09524],[81.13227,14.09457],[81.13248,14.09392],[81.1327,14.09328],[81.13294,14.09265],[81.13318,14.09204],[81.13344,14.09144],[81.13371,14.09085],[81.134,14.09025],[81.13431,14.08964],[81.13462,14.08903],[81.13494,14.08843],[81.13527,14.08782],[81.1356,14.08722],[81.13594,14.08663],[81.13629,14.08604],[81.13664,14.08545],[81.137,14.08486],[81.13737,14.08428],[81.13774,14.0837],[81.13812,14.08312],[81.13851,14.08255],[81.1389,14.08198],[81.1393,14.08141],[81.13971,14.08085],[81.14012,14.08029],[81.14054,14.07973],[81.14096,14.07918],[81.14162,14.07835],[81.14251,14.07727],[81.14342,14.07619],[81.14437,14.07513],[81.14534,14.07408],[81.14633,14.07305],[81.14735,14.07203],[81.1484,14.07102],[81.14948,14.07002],[81.15058,14.06904],[81.15171,14.06807],[81.15286,14.06711],[81.15404,14.06616],[81.15525,14.06523],[81.15648,14.06431],[81.15774,14.06341],[81.15903,14.06252],[81.16034,14.06164],[81.16168,14.06077],[81.16304,14.05992],[81.16443,14.05908],[81.16585,14.05825],[81.16657,14.05784]]]},"properties":{"Julian_day":"270","Year":2026,"UID":"2026270042","Length":72.4059076316}},{"type":"Feature","geometry":{"type":"MultiLineString","coordinates":[[[80.62227,14.96501],[80.62201,14.96342],[80.62176,14.96183],[80.62152,14.96024],[80.62129,14.95865],[80.62107,14.95707],[80.62085,14.95549],[80.62065,14.95392],[80.62046,14.95235],[80.62028,14.95078],[80.62011,14.94922],[80.61994,14.94766],[80.61979,14.9461],[80.61965,14.94455],[80.61951,14.943],[80.61939,14.94145],[80.61928,14.93991],[80.61917,14.93837],[80.61908,14.93683],[80.61899,14.9353],[80.61892,14.93377],[80.61885,14.93224],[80.6188,14.93072],[80.61875,14.9292],[80.61871,14.92768],[80.61869,14.92617],[80.61867,14.92466],[80.61866,14.92315],[80.61867,14.92165],[80.61868,14.92015],[80.6187,14.91866],[80.61873,14.91716],[80.61877,14.91567],[80.61882,14.91419],[80.61889,14.91271],[80.61896,14.91123],[80.61904,14.90975],[80.61913,14.90828],[80.61923,14.90681],[80.61934,14.90535],[80.61946,14.90389],[80.61959,14.90243],[80.61972,14.90097],[80.61987,14.89952],[80.62003,14.89807],[80.6202,14.89663],[80.62038,14.89519],[80.62057,14.89375],[80.62076,14.89232],[80.62097,14.89089],[80.62119,14.88946],[80.62141,14.88803],[80.62165,14.88661],[80.6219,14.8852],[80.62215,14.88378],[80.62242,14.88237],[80.62269,14.88097],[80.62298,14.87956],[80.62327,14.87816],[80.62358,14.87677],[80.62389,14.87537],[80.62421,14.87398],[80.62455,14.8726],[80.62489,14.87121],[80.62524,14.86983],[80.62554,14.86873],[80.62585,14.86763],[80.62618,14.86653],[80.62652,14.86543],[80.62689,14.86433],[80.62727,14.86323],[80.62766,14.86213],[80.62808,14.86103],[80.62851,14.85993],[80.62896,14.85883],[80.62942,14.85774],[80.62991,14.85664],[80.63041,14.85554],[80.63092,14.85444],[80.63146,14.85334],[80.63201,14.85224],[80.63258,14.85114],[80.63317,14.85004],[80.63378,14.84893],[80.6344,14.84782],[80.63504,14.84672],[80.63571,14.84561],[80.63639,14.84449],[80.63708,14.84338],[80.6378,14.84226],[80.63854,14.84113],[80.6393,14.84],[80.64007,14.83887],[80.64087,14.83773],[80.64168,14.83659],[80.64252,14.83544],[80.64338,14.83429],[80.64415,14.83327],[80.64493,14.83225],[80.64574,14.83122],[80.64656,14.83018],[80.6474,14.82914],[80.64825,14.82809],[80.64913,14.82703],[80.65003,14.82596],[80.65094,14.82488],[80.65188,14.82379],[80.65284,14.82269],[80.65382,14.82157],[80.65482,14.82044],[80.65586,14.8193],[80.65691,14.81813],[80.658,14.81695],[80.65994,14.81486],[80.66199,14.81269],[80.66417,14.81042],[80.66651,14.808],[80.66868,14.80578],[80.6711,14.80333],[80.67803,14.79634],[80.68171,14.79263],[80.68434,14.78995],[80.68615,14.7881],[80.68785,14.78634],[80.68946,14.78467],[80.69117,14.78287],[80.69297,14.78095],[80.69469,14.77909],[80.69635,14.77729],[80.69794,14.77552],[80.69948,14.77378],[80.70096,14.77208],[80.7024,14.7704],[80.70352,14.76906],[80.70436,14.76805],[80.70519,14.76704],[80.706,14.76604],[80.70679,14.76505],[80.70757,14.76406],[80.70833,14.76308],[80.70908,14.7621],[80.70981,14.76113],[80.71053,14.76016],[80.71124,14.7592],[80.71193,14.75823],[80.71261,14.75728],[80.71328,14.75632],[80.71393,14.75537],[80.71457,14.75442],[80.7152,14.75347],[80.71582,14.75253],[80.71642,14.75158],[80.71701,14.75064],[80.71759,14.7497],[80.71816,14.74876],[80.71871,14.74782],[80.71926,14.74689],[80.71979,14.74595],[80.72031,14.74502],[80.72081,14.74409],[80.72131,14.74315],[80.72179,14.74222],[80.72226,14.74129],[80.72273,14.74036],[80.72317,14.73943],[80.72382,14.73807],[80.72473,14.73615],[80.72619,14.73314],[80.7291,14.72715],[80.73022,14.7248],[80.73126,14.7226],[80.73205,14.7209],[80.73265,14.71961],[80.73321,14.71836],[80.73375,14.71715],[80.73426,14.71596],[80.73475,14.71481],[80.73523,14.71368],[80.73568,14.71257],[80.73614,14.71141],[80.73661,14.71021],[80.73706,14.70902],[80.73749,14.70786],[80.73789,14.70671],[80.73828,14.70557],[80.73865,14.70445],[80.739,14.70335],[80.73933,14.70225],[80.73964,14.70117],[80.73994,14.70009],[80.74021,14.69903],[80.74047,14.69797],[80.74071,14.69693],[80.74094,14.69589],[80.74114,14.69486],[80.74136,14.69367],[80.7416,14.69232],[80.74182,14.69097],[80.74202,14.68962],[80.74221,14.68826],[80.74238,14.6869],[80.74253,14.68553],[80.74267,14.68417],[80.7428,14.6828],[80.74291,14.68142],[80.743,14.68005],[80.74308,14.67867],[80.74314,14.67729],[80.74319,14.6759],[80.74322,14.67451],[80.74323,14.67312],[80.74323,14.67173],[80.74322,14.67033],[80.74319,14.66893],[80.74314,14.66753],[80.74308,14.66612],[80.743,14.66471],[80.74291,14.6633],[80.7428,14.66188],[80.74267,14.66046],[80.74253,14.65904],[80.74238,14.65762],[80.74221,14.65619],[80.74202,14.65476],[80.74182,14.65333],[80.7416,14.65189],[80.74136,14.65045],[80.74124,14.64973]]]},"properties":{"Julian_day":"270","Year":2026,"UID":"2026270043","Length":38.9735738177}},{"type":"Feature","geometry":{"type":"MultiLineString","coordinates":[[[80.2475,15.19403],[80.24981,15.19458],[80.25212,15.19511],[80.25444,15.19563],[80.25675,15.19614],[80.25906,15.19664],[80.26138,15.19713],[80.26369,15.1976],[80.26601,15.19807],[80.26833,15.19852],[80.27064,15.19897],[80.27296,15.1994],[80.27528,15.19982],[80.2776,15.20023],[80.27992,15.20063],[80.28225,15.20102],[80.28457,15.2014],[80.28689,15.20176],[80.28922,15.20212],[80.29155,15.20246],[80.29387,15.20279],[80.2962,15.20312],[80.29853,15.20343],[80.30086,15.20373],[80.30319,15.20402],[80.30552,15.20429],[80.30785,15.20456],[80.31018,15.20482],[80.31252,15.20506],[80.31485,15.2053],[80.31719,15.20552],[80.31952,15.20573],[80.32186,15.20593],[80.32524,15.20623],[80.32903,15.20658],[80.33268,15.20693],[80.34167,15.20783],[80.34639,15.20828],[80.34877,15.2085],[80.35101,15.20869],[80.35314,15.20887],[80.35518,15.20902],[80.35773,15.2092],[80.36018,15.20936],[80.36255,15.20949],[80.36484,15.2096],[80.36708,15.20968],[80.36925,15.20974],[80.37137,15.20977],[80.37345,15.20978],[80.37459,15.20978],[80.37572,15.20977],[80.37684,15.20975],[80.37795,15.20973],[80.37904,15.20969],[80.38012,15.20965],[80.38119,15.2096],[80.38225,15.20955],[80.38331,15.20949],[80.38435,15.20942],[80.38538,15.20934],[80.3864,15.20925],[80.38741,15.20916],[80.38841,15.20906],[80.38941,15.20895],[80.39039,15.20884],[80.39137,15.20871],[80.39234,15.20858],[80.39331,15.20844],[80.39426,15.2083],[80.39521,15.20814],[80.39615,15.20798],[80.39708,15.20781],[80.398,15.20763],[80.39892,15.20745],[80.39983,15.20726],[80.40073,15.20705],[80.40163,15.20685],[80.40252,15.20663],[80.4034,15.2064],[80.40427,15.20617],[80.40514,15.20593],[80.40628,15.2056],[80.40743,15.20523],[80.40859,15.20483],[80.40977,15.20439],[80.41097,15.20392],[80.4122,15.20341],[80.41345,15.20286],[80.41474,15.20228],[80.4161,15.20163],[80.41752,15.20092],[80.419,15.20016],[80.42057,15.19934],[80.42211,15.1985],[80.4238,15.19757],[80.42554,15.1966],[80.43027,15.19394],[80.43171,15.19313],[80.43301,15.19242],[80.43449,15.19162],[80.43589,15.19088],[80.43721,15.1902],[80.43849,15.18957],[80.43927,15.18919],[80.44003,15.18883],[80.44078,15.18848],[80.44152,15.18815],[80.44224,15.18783],[80.44296,15.18752],[80.44367,15.18723],[80.44437,15.18695],[80.44506,15.18668],[80.44575,15.18642],[80.44643,15.18617],[80.44711,15.18594],[80.44778,15.18571],[80.44844,15.1855],[80.4491,15.1853],[80.44976,15.18511],[80.45075,15.18484],[80.45176,15.18459],[80.45279,15.18435],[80.45382,15.18414],[80.45487,15.18394],[80.45594,15.18376],[80.45702,15.18359],[80.45812,15.18345],[80.45923,15.18332],[80.46036,15.18321],[80.4615,15.18311],[80.46267,15.18304],[80.46385,15.18298],[80.46506,15.18294],[80.46629,15.18291],[80.46754,15.1829],[80.46882,15.18291],[80.47011,15.18294],[80.47144,15.18298],[80.47281,15.18304],[80.4742,15.18311],[80.47564,15.18321],[80.47713,15.18332],[80.47867,15.18345],[80.48011,15.18358],[80.48162,15.18373],[80.48321,15.18389],[80.4849,15.18408],[80.48826,15.18447],[80.49472,15.18527],[80.49738,15.18559],[80.50015,15.1859],[80.50263,15.18616],[80.50407,15.1863],[80.50546,15.18643],[80.5068,15.18654],[80.5081,15.18664],[80.50936,15.18672],[80.51059,15.18679],[80.51179,15.18685],[80.51297,15.1869],[80.51441,15.18694],[80.51582,15.18696],[80.5172,15.18696],[80.51855,15.18694],[80.51987,15.1869],[80.52117,15.18684],[80.52244,15.18676],[80.52369,15.18665],[80.52492,15.18653],[80.52614,15.18639],[80.52733,15.18623],[80.5285,15.18605],[80.52966,15.18585],[80.5308,15.18562],[80.53193,15.18538],[80.53304,15.18511],[80.53761,15.18396],[80.53935,15.18351],[80.54094,15.18309],[80.54248,15.18268],[80.54395,15.18228],[80.54535,15.18188],[80.5467,15.18149],[80.54805,15.18109],[80.54936,15.18068],[80.55062,15.18028],[80.55185,15.17988],[80.55305,15.17947],[80.55422,15.17906],[80.55536,15.17864],[80.55647,15.17822],[80.5576,15.17778],[80.5587,15.17733],[80.55977,15.17688],[80.56082,15.17642],[80.56184,15.17595],[80.56285,15.17548],[80.56383,15.17499],[80.56478,15.1745],[80.56572,15.174],[80.56664,15.17349],[80.56753,15.17297],[80.56841,15.17244],[80.56926,15.17191],[80.57009,15.17136],[80.57091,15.17081],[80.5717,15.17024],[80.57264,15.16954],[80.57358,15.16881],[80.57453,15.16803],[80.57549,15.16722],[80.57645,15.16636],[80.57743,15.16546],[80.57843,15.16452],[80.57944,15.16352],[80.58042,15.16253],[80.58143,15.16147],[80.58248,15.16036],[80.58358,15.15915],[80.58466,15.15795],[80.58586,15.15661],[80.58955,15.15239],[80.59035,15.15147],[80.59115,15.15055],[80.59193,15.14962],[80.59272,15.14869],[80.59349,15.14775],[80.59426,15.14681],[80.59503,15.14586],[80.59578,15.14491],[80.59653,15.14395],[80.59728,15.14299],[80.59802,15.14202],[80.59875,15.14105],[80.59948,15.14007],[80.60019,15.13909],[80.60091,15.1381],[80.60162,15.13711],[80.60232,15.13612],[80.60301,15.13512],[80.6037,15.13411],[80.60438,15.1331],[80.60506,15.13209],[80.60573,15.13107],[80.60639,15.13005],[80.60705,15.12902],[80.6077,15.12799],[80.60834,15.12695],[80.60898,15.1259],[80.60961,15.12486],[80.61024,15.1238],[80.61086,15.12275],[80.61147,15.12169],[80.61208,15.12062],[80.61268,15.11955],[80.61328,15.11847],[80.61387,15.11739],[80.61445,15.11631],[80.61502,15.11522],[80.61559,15.11412],[80.61616,15.11302],[80.61671,15.11192],[80.61727,15.11081],[80.61781,15.10969],[80.61835,15.10857],[80.61888,15.10745],[80.61941,15.10632],[80.61993,15.10519],[80.62044,15.10405],[80.62095,15.10291],[80.62145,15.10176],[80.62194,15.10061],[80.62243,15.09945],[80.62292,15.09829],[80.62339,15.09713],[80.62386,15.09596],[80.62433,15.09478],[80.62478,15.0936],[80.62523,15.09241],[80.62568,15.09122],[80.62612,15.09003],[80.62655,15.08883],[80.62698,15.08763],[80.6274,15.08642],[80.62781,15.0852],[80.62822,15.08398]]]},"properties":{"Julian_day":"270","Year":2026,"UID":"2026270044","Length":47.4031267076}},{"type":"Feature","geometry":{"type":"MultiLineString","coordinates":[[[80.3516,15.41711],[80.35286,15.41879],[80.35413,15.42046],[80.3554,15.42211],[80.35667,15.42375],[80.35795,15.42538],[80.35924,15.42699],[80.36053,15.42858],[80.36183,15.43016],[80.36313,15.43172],[80.36444,15.43327],[80.36576,15.4348],[80.36708,15.43632],[80.36841,15.43782],[80.36974,15.43931],[80.37108,15.44078],[80.37243,15.44224],[80.37378,15.44368],[80.37513,15.44511],[80.3765,15.44652],[80.37786,15.44792],[80.37924,15.4493],[80.38062,15.45067],[80.382,15.45202],[80.3834,15.45335],[80.38479,15.45467],[80.3862,15.45598],[80.3876,15.45727],[80.38902,15.45855],[80.39044,15.45981],[80.39187,15.46106],[80.3933,15.46229],[80.39473,15.4635],[80.39618,15.4647],[80.39763,15.46589],[80.39908,15.46706],[80.40054,15.46822],[80.40201,15.46936],[80.40348,15.47048],[80.40496,15.47159],[80.40645,15.47269],[80.40794,15.47377],[80.40943,15.47483],[80.41093,15.47588],[80.41244,15.47692],[80.41395,15.47794],[80.41547,15.47894],[80.417,15.47993],[80.41853,15.4809],[80.42007,15.48186],[80.42161,15.48281],[80.42316,15.48374],[80.42471,15.48465],[80.42627,15.48555],[80.42783,15.48643],[80.42941,15.4873],[80.43098,15.48816],[80.43257,15.48899],[80.43415,15.48982],[80.43575,15.49063],[80.43735,15.49142],[80.43896,15.4922],[80.44057,15.49296],[80.44219,15.49371],[80.44381,15.49444],[80.44478,15.49487],[80.44576,15.49528],[80.44675,15.49568],[80.44775,15.49607],[80.44876,15.49644],[80.44978,15.4968],[80.4508,15.49715],[80.45184,15.49749],[80.45289,15.49782],[80.45395,15.49813],[80.45501,15.49843],[80.45609,15.49872],[80.45718,15.49899],[80.45828,15.49926],[80.45939,15.49951],[80.46051,15.49975],[80.46165,15.49998],[80.46279,15.5002],[80.46395,15.5004],[80.46511,15.50059],[80.46629,15.50078],[80.46748,15.50095],[80.46869,15.5011],[80.46991,15.50125],[80.47114,15.50138],[80.47238,15.50151],[80.47364,15.50162],[80.47491,15.50172],[80.4762,15.50181],[80.47751,15.50188],[80.47883,15.50195],[80.48016,15.502],[80.48141,15.50204],[80.48267,15.50208],[80.48395,15.5021],[80.48524,15.50211],[80.48656,15.50211],[80.48788,15.5021],[80.48923,15.50209],[80.4906,15.50206],[80.49198,15.50202],[80.49339,15.50198],[80.49482,15.50192],[80.49627,15.50186],[80.49775,15.50178],[80.49926,15.5017],[80.5008,15.5016],[80.50237,15.5015],[80.50522,15.50129],[80.5082,15.50104],[80.51134,15.50076],[80.5147,15.50044],[80.51783,15.50013],[80.52131,15.49976],[80.52479,15.49939],[80.534,15.49838],[80.5392,15.49783],[80.54199,15.49755],[80.54459,15.4973],[80.54706,15.49707],[80.54942,15.49686],[80.55222,15.49664],[80.55491,15.49644],[80.55751,15.49627],[80.56002,15.49612],[80.56247,15.496],[80.56485,15.49591],[80.56718,15.49584],[80.56945,15.4958],[80.57084,15.49579],[80.57221,15.49579],[80.57356,15.49579],[80.5749,15.49581],[80.57622,15.49584],[80.57753,15.49587],[80.57882,15.49592],[80.5801,15.49598],[80.58137,15.49604],[80.58262,15.49612],[80.58386,15.49621],[80.58508,15.4963],[80.5863,15.49641],[80.5875,15.49652],[80.58869,15.49665],[80.58987,15.49679],[80.59104,15.49694],[80.5922,15.49709],[80.59334,15.49726],[80.59448,15.49744],[80.59561,15.49763],[80.59673,15.49783],[80.59784,15.49803],[80.59893,15.49825],[80.60002,15.49848],[80.6011,15.49872],[80.60217,15.49898],[80.60324,15.49924],[80.60429,15.49951],[80.60533,15.49979],[80.60637,15.50009],[80.6074,15.50039],[80.61027,15.50127],[80.61307,15.50214],[80.61578,15.503],[80.61843,15.50386],[80.62102,15.50472],[80.62355,15.50557],[80.62603,15.50643],[80.62846,15.50729],[80.63085,15.50816],[80.63319,15.50903],[80.63549,15.5099],[80.63775,15.51078],[80.63997,15.51166],[80.64215,15.51255],[80.6443,15.51345],[80.64641,15.51436],[80.64849,15.51527],[80.65054,15.5162],[80.65255,15.51713],[80.65453,15.51808],[80.65648,15.51903],[80.65839,15.51999],[80.66028,15.52096],[80.66213,15.52194],[80.66394,15.52293],[80.66573,15.52392],[80.66749,15.52493],[80.66921,15.52595],[80.67091,15.52698],[80.67257,15.52802],[80.6742,15.52907],[80.67581,15.53013],[80.67682,15.53082],[80.67783,15.53151],[80.67884,15.53221],[80.67985,15.53292],[80.68085,15.53363],[80.68184,15.53435],[80.68283,15.53507],[80.68382,15.5358],[80.6848,15.53654],[80.68578,15.53728],[80.68675,15.53803],[80.68772,15.53879],[80.68869,15.53955],[80.68965,15.54032],[80.69061,15.54109],[80.69156,15.54187],[80.69251,15.54266],[80.69345,15.54345],[80.69439,15.54425],[80.69533,15.54505],[80.69626,15.54587],[80.69719,15.54668],[80.69811,15.54751],[80.69903,15.54834],[80.69995,15.54917],[80.70086,15.55002],[80.70176,15.55087],[80.70267,15.55172],[80.70356,15.55258],[80.70446,15.55345],[80.70535,15.55432],[80.70623,15.5552],[80.70711,15.55609],[80.70799,15.55698],[80.70886,15.55788],[80.70973,15.55878],[80.71059,15.5597],[80.71145,15.56061],[80.71231,15.56154],[80.71316,15.56247],[80.71401,15.5634],[80.71485,15.56434],[80.71569,15.56529],[80.71652,15.56625],[80.71735,15.56721],[80.71818,15.56817],[80.719,15.56915],[80.71982,15.57013],[80.72063,15.57111],[80.72144,15.5721],[80.72224,15.5731],[80.72304,15.57411],[80.72463,15.57613],[80.7262,15.57819],[80.72776,15.58026],[80.72929,15.58237],[80.73082,15.58449],[80.73232,15.58665]]]},"properties":{"Julian_day":"270","Year":2026,"UID":"2026270045","Length":47.8139054574}},{"type":"Feature","geometry":{"type":"MultiLineString","coordinates":[[[81.16062,15.64613],[81.1614,15.64545],[81.16219,15.64478],[81.16298,15.64412],[81.16378,15.64347],[81.16457,15.64282],[81.16537,15.64218],[81.16618,15.64155],[81.16698,15.64092],[81.16779,15.64031],[81.16861,15.6397],[81.16943,15.6391],[81.17025,15.63851],[81.17107,15.63792],[81.1719,15.63735],[81.17273,15.63678],[81.17357,15.63621],[81.1744,15.63566],[81.17525,15.63511],[81.17609,15.63458],[81.17694,15.63405],[81.17779,15.63352],[81.17865,15.63301],[81.17951,15.6325],[81.18037,15.632],[81.18123,15.63151],[81.1821,15.63103],[81.18298,15.63055],[81.18385,15.63008],[81.18473,15.62962],[81.18561,15.62917],[81.1865,15.62872],[81.18739,15.62829],[81.18803,15.62798],[81.18868,15.62769],[81.18934,15.6274],[81.19,15.62711],[81.19069,15.62684],[81.19138,15.62657],[81.19208,15.6263],[81.1928,15.62605],[81.19353,15.6258],[81.19427,15.62555],[81.19503,15.62531],[81.1958,15.62508],[81.19658,15.62485],[81.19739,15.62463],[81.19821,15.62441],[81.19905,15.62419],[81.20059,15.62382],[81.2022,15.62346],[81.2039,15.62311],[81.20573,15.62275],[81.20743,15.62244],[81.20933,15.6221],[81.21122,15.62178],[81.21622,15.62094],[81.21902,15.62045],[81.22052,15.62018],[81.22192,15.61991],[81.22324,15.61965],[81.2245,15.61938],[81.22599,15.61905],[81.22741,15.6187],[81.22878,15.61835],[81.2301,15.61799],[81.23138,15.61761],[81.23261,15.61722],[81.23381,15.61681],[81.23498,15.61639],[81.23599,15.61601],[81.238,15.61522],[81.24003,15.6144],[81.24206,15.61354],[81.24409,15.61265],[81.24614,15.61173],[81.24819,15.61077],[81.25024,15.60979],[81.25231,15.60876],[81.25438,15.60771],[81.25646,15.60662],[81.25854,15.6055],[81.26063,15.60434],[81.26273,15.60315],[81.26484,15.60192],[81.26696,15.60066],[81.26908,15.59937],[81.27121,15.59804],[81.27335,15.59668],[81.2755,15.59529],[81.27766,15.59386],[81.27983,15.59239],[81.28201,15.59089],[81.28421,15.58935],[81.28641,15.58778],[81.28862,15.58617],[81.29085,15.58452],[81.29309,15.58283],[81.29535,15.58111],[81.29763,15.57934],[81.29992,15.57754],[81.30223,15.57569],[81.30458,15.57378],[81.30691,15.57186],[81.30918,15.56997],[81.31139,15.56811],[81.31355,15.56626],[81.31565,15.56444],[81.31771,15.56262],[81.31971,15.56082],[81.32168,15.55904],[81.3236,15.55726],[81.32548,15.55549],[81.32731,15.55373],[81.32911,15.55197],[81.33087,15.55022],[81.33259,15.54848],[81.33427,15.54674],[81.33591,15.54501],[81.33752,15.54327],[81.3391,15.54153],[81.34064,15.5398],[81.34214,15.53807],[81.34361,15.53634],[81.34504,15.53462],[81.34644,15.53289],[81.3478,15.53117],[81.34913,15.52944],[81.35042,15.52772],[81.35168,15.526],[81.35291,15.52427],[81.3541,15.52255],[81.35525,15.52082],[81.35638,15.5191],[81.35693,15.51824],[81.3576,15.51716],[81.35827,15.51608],[81.35893,15.515],[81.35958,15.51391],[81.36023,15.51282],[81.36087,15.51172],[81.36151,15.51062],[81.36213,15.50952],[81.36275,15.50841],[81.36337,15.5073],[81.36397,15.50619],[81.36457,15.50507],[81.36516,15.50395],[81.36574,15.50283],[81.36632,15.50171],[81.36689,15.50058],[81.36744,15.49946],[81.36799,15.49833],[81.36854,15.4972],[81.36907,15.49607],[81.36959,15.49494],[81.37011,15.49381],[81.37062,15.49268],[81.37112,15.49155],[81.37161,15.49042],[81.37209,15.4893],[81.37256,15.48817],[81.37302,15.48704],[81.37347,15.48591],[81.37391,15.48479],[81.37435,15.48367],[81.37477,15.48254],[81.37504,15.4818],[81.37531,15.48105],[81.37556,15.48029],[81.37581,15.47951],[81.37605,15.47872],[81.37628,15.47792],[81.3765,15.4771],[81.37672,15.47627],[81.37693,15.47542],[81.37713,15.47456],[81.37732,15.47368],[81.37751,15.47278],[81.37769,15.47186],[81.37787,15.47092],[81.37804,15.46996],[81.37821,15.46898],[81.37846,15.46734],[81.37871,15.46562],[81.37895,15.46379],[81.37918,15.46184],[81.37937,15.46011],[81.37958,15.45818],[81.38021,15.45176],[81.38046,15.44936],[81.38072,15.447],[81.38098,15.44487],[81.38112,15.44373],[81.38127,15.44263],[81.38143,15.44157],[81.38159,15.44055],[81.38175,15.43955],[81.38192,15.43858],[81.38209,15.43763],[81.38227,15.43671],[81.38248,15.43571],[81.38269,15.43474],[81.38291,15.43379],[81.38314,15.43286],[81.38338,15.43195],[81.38363,15.43106],[81.38389,15.43019],[81.38416,15.42933],[81.38443,15.4285],[81.38472,15.42767],[81.38502,15.42687],[81.38533,15.42608],[81.38565,15.4253],[81.38598,15.42454],[81.38632,15.42379],[81.38667,15.42306],[81.38722,15.42196],[81.38777,15.42087],[81.38834,15.41979],[81.38893,15.41872],[81.38952,15.41765],[81.39013,15.41659],[81.39075,15.41554],[81.39138,15.41449],[81.39202,15.41345],[81.39268,15.41241],[81.39334,15.41139],[81.39402,15.41036],[81.39471,15.40935],[81.39542,15.40834],[81.39614,15.40734],[81.39686,15.40635],[81.3976,15.40536],[81.39836,15.40438],[81.39912,15.40341],[81.3999,15.40244],[81.40069,15.40148],[81.40149,15.40053],[81.4023,15.39958],[81.40313,15.39864],[81.40397,15.39771],[81.40482,15.39678],[81.40568,15.39586],[81.40656,15.39495],[81.40744,15.39404],[81.40834,15.39314],[81.40925,15.39225],[81.41018,15.39136],[81.41111,15.39048],[81.41206,15.38961],[81.41302,15.38874],[81.41399,15.38788],[81.41498,15.38703],[81.41597,15.38618],[81.41698,15.38534],[81.418,15.38451],[81.41903,15.38369],[81.42008,15.38287],[81.42114,15.38205],[81.42221,15.38125],[81.42329,15.38045],[81.42438,15.37966],[81.42549,15.37887],[81.42661,15.37809],[81.42774,15.37732],[81.42888,15.37655],[81.43004,15.3758],[81.4312,15.37504],[81.43238,15.3743],[81.43357,15.37356],[81.43478,15.37283],[81.43599,15.3721],[81.43722,15.37139],[81.43846,15.37067],[81.43971,15.36997],[81.44098,15.36927],[81.44225,15.36858],[81.44354,15.36789],[81.44484,15.36722],[81.44616,15.36655]]]},"properties":{"Julian_day":"270","Year":2026,"UID":"2026270046","Length":46.2396298968}},{"type":"Feature","geometry":{"type":"MultiLineString","coordinates":[[[80.94052,13.63251],[80.94182,13.63366],[80.94313,13.63479],[80.94444,13.6359],[80.94576,13.637],[80.94708,13.63809],[80.94841,13.63916],[80.94975,13.64023],[80.95109,13.64127],[80.95244,13.6423],[80.95379,13.64332],[80.95515,13.64433],[80.95652,13.64532],[80.95789,13.6463],[80.95927,13.64726],[80.96066,13.64821],[80.96205,13.64915],[80.96345,13.65007],[80.96485,13.65098],[80.96626,13.65188],[80.96767,13.65276],[80.9691,13.65362],[80.97052,13.65448],[80.97196,13.65532],[80.9734,13.65614],[80.97484,13.65696],[80.9763,13.65775],[80.97775,13.65854],[80.97922,13.65931],[80.98069,13.66007],[80.98216,13.66081],[80.98365,13.66154],[80.98514,13.66226],[80.98609,13.66271],[80.98705,13.66315],[80.98802,13.66359],[80.98997,13.66445],[80.99194,13.66529],[80.99394,13.66612],[80.99597,13.66692],[80.99802,13.6677],[81.00009,13.66846],[81.00219,13.6692],[81.0043,13.66992],[81.00644,13.67062],[81.0086,13.67129],[81.01079,13.67194],[81.01299,13.67258],[81.01521,13.67318],[81.01745,13.67377],[81.01971,13.67434],[81.02199,13.67488],[81.02429,13.6754],[81.0266,13.6759],[81.02893,13.67637],[81.03127,13.67682],[81.03362,13.67725],[81.03599,13.67765],[81.03838,13.67803],[81.04077,13.67839],[81.04317,13.67872],[81.04558,13.67902],[81.048,13.67931],[81.05043,13.67957],[81.05286,13.6798],[81.0553,13.68001],[81.05724,13.68016],[81.05879,13.68029],[81.06051,13.68046],[81.06543,13.68097],[81.06716,13.68115],[81.06897,13.68132],[81.07059,13.68146],[81.07155,13.68153],[81.07246,13.68159],[81.07334,13.68164],[81.07419,13.68169],[81.07502,13.68172],[81.07583,13.68174],[81.07661,13.68176],[81.07738,13.68176],[81.07825,13.68176],[81.0791,13.68174],[81.07993,13.6817],[81.08074,13.68166],[81.08153,13.6816],[81.08231,13.68153],[81.08306,13.68145],[81.08381,13.68135],[81.08453,13.68124],[81.08525,13.68112],[81.08594,13.68099],[81.08663,13.68084],[81.0873,13.68067],[81.08796,13.6805],[81.0886,13.68031],[81.08924,13.6801],[81.08969,13.67994],[81.09014,13.67977],[81.09059,13.67959],[81.09104,13.67939],[81.09149,13.67918],[81.09194,13.67896],[81.09239,13.67873],[81.09285,13.67848],[81.0933,13.67821],[81.09376,13.67793],[81.09422,13.67764],[81.09468,13.67734],[81.09515,13.67702],[81.09562,13.67668],[81.09609,13.67633],[81.09657,13.67596],[81.09742,13.67528],[81.0983,13.67454],[81.09921,13.67374],[81.10018,13.67287],[81.10106,13.67204],[81.10204,13.6711],[81.10301,13.67015],[81.10556,13.66764],[81.10701,13.66624],[81.10779,13.66551],[81.10852,13.66483],[81.10922,13.6642],[81.1099,13.66361],[81.11071,13.66292],[81.1115,13.66229],[81.11228,13.66169],[81.11304,13.66114],[81.11379,13.66062],[81.11453,13.66014],[81.11527,13.6597],[81.11601,13.65928],[81.11687,13.65882],[81.11776,13.65837],[81.11866,13.65792],[81.11957,13.65748],[81.1205,13.65705],[81.12145,13.65663],[81.12242,13.65622],[81.1234,13.65581],[81.1244,13.65541],[81.12542,13.65502],[81.12645,13.65463],[81.12751,13.65425],[81.12858,13.65388],[81.12968,13.65351],[81.13079,13.65315],[81.13193,13.65279],[81.13307,13.65245],[81.13422,13.65211],[81.1354,13.65177],[81.13661,13.65144],[81.13785,13.65112],[81.13911,13.65079],[81.14041,13.65047],[81.14175,13.65014],[81.1431,13.64983],[81.1445,13.64951],[81.14595,13.64919],[81.14747,13.64886],[81.14905,13.64853],[81.15256,13.64781],[81.15679,13.64697],[81.1606,13.64623],[81.16408,13.64558],[81.16735,13.64499],[81.1697,13.64459],[81.17124,13.64434],[81.17275,13.6441],[81.17423,13.64387],[81.17568,13.64365],[81.17711,13.64344],[81.17852,13.64325],[81.1799,13.64307],[81.18128,13.64289],[81.18265,13.64273],[81.184,13.64258],[81.18534,13.64244],[81.18666,13.64231],[81.18796,13.64219],[81.18924,13.64208],[81.19051,13.64198],[81.19176,13.6419],[81.193,13.64182],[81.19423,13.64176],[81.19544,13.6417],[81.19664,13.64166],[81.19782,13.64163],[81.19899,13.6416],[81.20015,13.64159],[81.2013,13.64159],[81.20246,13.64161],[81.2036,13.64163],[81.20473,13.64166],[81.20585,13.64171],[81.20695,13.64176],[81.20804,13.64183],[81.20912,13.64191],[81.21019,13.642],[81.21125,13.6421],[81.21229,13.64221],[81.21332,13.64234],[81.21434,13.64247],[81.21535,13.64262],[81.21635,13.64278],[81.21734,13.64294],[81.21831,13.64312],[81.21928,13.64332],[81.22023,13.64352],[81.22117,13.64373],[81.2221,13.64396],[81.22302,13.6442],[81.22393,13.64445],[81.22482,13.64471],[81.22571,13.64498],[81.22658,13.64526],[81.22745,13.64556],[81.2283,13.64586],[81.22914,13.64618],[81.22997,13.64651],[81.23079,13.64685],[81.2316,13.6472],[81.23262,13.64767],[81.23386,13.64826],[81.2351,13.64889],[81.23634,13.64955],[81.2376,13.65025],[81.23885,13.65098],[81.24011,13.65174],[81.24137,13.65253],[81.24264,13.65336],[81.2439,13.65421],[81.24517,13.6551],[81.24644,13.65602],[81.2477,13.65697],[81.24896,13.65794],[81.25022,13.65895],[81.25148,13.65998],[81.25274,13.66104],[81.25399,13.66213],[81.25523,13.66324],[81.25646,13.66438],[81.25769,13.66554],[81.2589,13.66673],[81.26011,13.66793],[81.2613,13.66915],[81.26247,13.67039],[81.26363,13.67165],[81.26477,13.67292],[81.26589,13.6742],[81.267,13.6755],[81.26808,13.67681],[81.26913,13.67812],[81.27017,13.67944],[81.27104,13.6806],[81.27178,13.6816],[81.27251,13.68262],[81.27323,13.68367],[81.27394,13.68474],[81.27465,13.68583],[81.27535,13.68695],[81.27604,13.68808],[81.27672,13.68924],[81.2774,13.69043],[81.27807,13.69163],[81.27873,13.69287],[81.27939,13.69412],[81.28004,13.6954],[81.28069,13.69671],[81.28133,13.69805],[81.28196,13.6994],[81.28258,13.70077],[81.2832,13.70217],[81.28382,13.7036],[81.28443,13.70507],[81.28504,13.70656],[81.28565,13.70808],[81.28625,13.70964],[81.28685,13.71123],[81.28746,13.71286],[81.28806,13.71453],[81.28867,13.71625],[81.28928,13.71801],[81.28989,13.71983],[81.29052,13.72172],[81.29116,13.7237],[81.29158,13.725],[81.29175,13.72556],[81.29192,13.72613],[81.29208,13.72671],[81.29231,13.7276],[81.29261,13.72881],[81.29288,13.73006],[81.29314,13.73136],[81.29338,13.73271],[81.2936,13.73412],[81.29379,13.73545],[81.29395,13.73671],[81.29411,13.73803],[81.29426,13.73944],[81.29439,13.74082],[81.29459,13.74293],[81.295,13.74788],[81.29517,13.74978],[81.29535,13.7517],[81.29553,13.75341],[81.2957,13.75483],[81.29581,13.75573],[81.29593,13.7566],[81.29605,13.75744],[81.29618,13.75826],[81.29631,13.75906],[81.29645,13.75984],[81.2966,13.76067],[81.29678,13.76154],[81.29696,13.76239],[81.29716,13.76322],[81.29736,13.76404],[81.29757,13.76483],[81.29779,13.76561],[81.29802,13.76637],[81.29827,13.76712],[81.29852,13.76786],[81.29878,13.76858],[81.29905,13.76928],[81.29934,13.76998],[81.29963,13.77066],[81.29994,13.77133],[81.30025,13.77198],[81.30059,13.77265],[81.30095,13.77335],[81.30132,13.77404],[81.3017,13.77473],[81.30208,13.77542],[81.30247,13.7761],[81.30287,13.77678],[81.30327,13.77745],[81.30368,13.77813],[81.3041,13.7788],[81.30452,13.77947],[81.30495,13.78013],[81.30539,13.7808],[81.30583,13.78145],[81.30628,13.78211],[81.30674,13.78276],[81.30721,13.78342],[81.30768,13.78406],[81.30816,13.78471],[81.30864,13.78535],[81.30913,13.78599],[81.30963,13.78662],[81.31039,13.78757],[81.31143,13.78883],[81.3125,13.79007],[81.31359,13.7913],[81.31472,13.79252],[81.31529,13.79313]]]},"properties":{"Julian_day":"270","Year":2026,"UID":"2026270047","Length":53.311509623}},{"type":"Feature","geometry":{"type":"MultiLineString","coordinates":[[[82.06184,16.16664],[82.06009,16.1645],[82.05833,16.16238],[82.05655,16.16028],[82.05477,16.1582],[82.05296,16.15613],[82.05115,16.15408],[82.04932,16.15205],[82.04748,16.15004],[82.04563,16.14805],[82.04376,16.14607],[82.04188,16.14411],[82.03999,16.14217],[82.03808,16.14025],[82.03616,16.13835],[82.03423,16.13646],[82.03228,16.13459],[82.03032,16.13274],[82.02835,16.13091],[82.02637,16.1291],[82.02437,16.1273],[82.02236,16.12552],[82.02034,16.12376],[82.0183,16.12202],[82.01625,16.1203],[82.01419,16.11859],[82.01211,16.1169],[82.01002,16.11523],[82.00792,16.11358],[82.0058,16.11195],[82.00368,16.11033],[82.00154,16.10873],[81.99938,16.10715],[81.99856,16.10656],[81.99771,16.10598],[81.99684,16.1054],[81.99596,16.10482],[81.99505,16.10425],[81.99412,16.10368],[81.99317,16.10312],[81.99219,16.10256],[81.9912,16.102],[81.99017,16.10145],[81.98913,16.10089],[81.98805,16.10034],[81.98695,16.09979],[81.98582,16.09924],[81.98466,16.09869],[81.98346,16.09814],[81.98244,16.09768],[81.9814,16.09721],[81.98032,16.09674],[81.97922,16.09627],[81.97808,16.09579],[81.97567,16.0948],[81.9733,16.09385],[81.97093,16.09292],[81.96846,16.09197],[81.96269,16.08977],[81.9592,16.08843],[81.95674,16.08748],[81.95507,16.08682],[81.9535,16.08618],[81.95201,16.08558],[81.95045,16.08492],[81.94883,16.08422],[81.94727,16.08354],[81.94578,16.08286],[81.94435,16.08219],[81.94297,16.08152],[81.94164,16.08085],[81.94035,16.08018],[81.93935,16.07965],[81.93861,16.07924],[81.93788,16.07883],[81.93717,16.07842],[81.93647,16.07801],[81.93579,16.07759],[81.93512,16.07718],[81.93446,16.07676],[81.93382,16.07634],[81.93319,16.07592],[81.93257,16.07549],[81.93196,16.07506],[81.93137,16.07463],[81.93079,16.0742],[81.93022,16.07376],[81.92966,16.07332],[81.92911,16.07288],[81.92858,16.07243],[81.92805,16.07198],[81.92754,16.07152],[81.92704,16.07107],[81.92655,16.0706],[81.92607,16.07014],[81.9256,16.06967],[81.92514,16.0692],[81.92469,16.06872],[81.92426,16.06824],[81.92383,16.06775],[81.92342,16.06726],[81.92301,16.06677],[81.92262,16.06627],[81.92224,16.06577],[81.92173,16.06507],[81.92109,16.06417],[81.92047,16.06324],[81.91985,16.0623],[81.91925,16.06133],[81.91867,16.06034],[81.91809,16.05933],[81.91753,16.0583],[81.91698,16.05725],[81.91644,16.05618],[81.91591,16.05509],[81.91539,16.05398],[81.91489,16.05285],[81.9144,16.0517],[81.91392,16.05052],[81.91346,16.04933],[81.91301,16.04812],[81.91257,16.04689],[81.91214,16.04564],[81.91173,16.04436],[81.91132,16.04307],[81.91094,16.04177],[81.91056,16.04044],[81.9102,16.03909],[81.90985,16.03773],[81.90951,16.03635],[81.90919,16.03495],[81.90888,16.03353],[81.90858,16.03209],[81.9083,16.03064],[81.90803,16.02917],[81.90778,16.02769],[81.90753,16.02618],[81.9073,16.02465],[81.90709,16.0231],[81.90688,16.02154],[81.9067,16.01996],[81.90652,16.01837],[81.90636,16.01676],[81.90622,16.01514],[81.90608,16.01351],[81.90597,16.01187],[81.90587,16.01022],[81.90578,16.00855],[81.9057,16.00687],[81.90564,16.00519],[81.9056,16.00349],[81.90557,16.00179],[81.90556,16.00008],[81.90555,15.99836],[81.90557,15.99663],[81.9056,15.9949],[81.90564,15.99317],[81.9057,15.99143],[81.90577,15.98969],[81.90586,15.98795],[81.90596,15.98621],[81.90608,15.98447],[81.90621,15.98274],[81.90635,15.98101],[81.90651,15.97928],[81.90668,15.97756],[81.90687,15.97585],[81.90707,15.97415],[81.90729,15.97244],[81.90753,15.97072],[81.90778,15.96898],[81.90805,15.96725],[81.90834,15.96551],[81.90865,15.96378],[81.90898,15.96205],[81.90932,15.96032],[81.90967,15.95861],[81.91005,15.9569],[81.91044,15.95519],[81.91084,15.9535],[81.91126,15.95182],[81.91169,15.95015],[81.91214,15.9485],[81.91261,15.94686],[81.91308,15.94524],[81.91357,15.94364],[81.91408,15.94205],[81.91459,15.94048],[81.91512,15.93894],[81.91566,15.93741],[81.91622,15.9359],[81.91679,15.93442],[81.91736,15.93295],[81.91795,15.93151],[81.91855,15.9301],[81.91916,15.9287],[81.91979,15.92734],[81.92042,15.92599],[81.92106,15.92467],[81.92172,15.92338],[81.92224,15.92238],[81.92263,15.92167],[81.92304,15.92096],[81.92346,15.92025],[81.92389,15.91955],[81.92433,15.91886],[81.92479,15.91817],[81.92527,15.91749],[81.92575,15.91681],[81.92625,15.91614],[81.92677,15.91547],[81.9273,15.91481],[81.92784,15.91416],[81.92839,15.91351],[81.92896,15.91286],[81.92955,15.91222],[81.93015,15.91158],[81.93076,15.91095],[81.93139,15.91032],[81.93203,15.9097],[81.93268,15.90908],[81.93336,15.90847],[81.93404,15.90785],[81.93474,15.90725],[81.93546,15.90664],[81.93619,15.90604],[81.93694,15.90545],[81.93771,15.90485],[81.93849,15.90426],[81.93929,15.90367],[81.9401,15.90308],[81.94093,15.9025],[81.94175,15.90194],[81.94255,15.9014],[81.94337,15.90087],[81.9442,15.90033],[81.94505,15.89979],[81.94592,15.89926],[81.9468,15.89873],[81.94771,15.89819],[81.94863,15.89766],[81.94957,15.89712],[81.95053,15.89658],[81.95151,15.89604],[81.95251,15.8955],[81.95354,15.89495],[81.95459,15.8944],[81.95567,15.89385],[81.9572,15.89307],[81.95925,15.89206],[81.96142,15.89102],[81.96373,15.88993],[81.96605,15.88885],[81.96841,15.88778],[81.97089,15.88666],[81.97697,15.88394],[81.98087,15.88218],[81.98367,15.8809],[81.98561,15.88001],[81.98742,15.87916],[81.98915,15.87834],[81.99098,15.87745],[81.99292,15.87649],[81.99478,15.87556],[81.99656,15.87463],[81.99828,15.87372],[81.99993,15.87281],[82.00154,15.87191],[82.00309,15.871],[82.00431,15.87027],[82.00522,15.86971],[82.00612,15.86915],[82.007,15.86859],[82.00787,15.86803],[82.00872,15.86746],[82.00955,15.8669],[82.01037,15.86633],[82.01117,15.86576],[82.01196,15.86518],[82.01273,15.86461],[82.01349,15.86403],[82.01424,15.86345],[82.01497,15.86287],[82.01569,15.86228],[82.01639,15.86169],[82.01708,15.8611],[82.01776,15.8605],[82.01842,15.8599],[82.01907,15.85929],[82.01971,15.85868],[82.02034,15.85807],[82.02095,15.85745],[82.02155,15.85683],[82.02214,15.8562],[82.02271,15.85557],[82.02327,15.85494],[82.02382,15.8543],[82.02436,15.85365],[82.02489,15.853],[82.0254,15.85235],[82.0259,15.85169],[82.02653,15.85085],[82.02727,15.84982],[82.02801,15.84879],[82.02875,15.84775],[82.02947,15.84671],[82.03019,15.84566],[82.03091,15.8446],[82.03162,15.84354],[82.03232,15.84247],[82.03301,15.8414],[82.0337,15.84032],[82.03439,15.83923],[82.03506,15.83814],[82.03573,15.83704],[82.03639,15.83594],[82.03705,15.83483],[82.0377,15.83372],[82.03835,15.83259],[82.03898,15.83147],[82.03962,15.83033],[82.04024,15.8292],[82.04086,15.82805],[82.04147,15.8269],[82.04208,15.82574],[82.04268,15.82458],[82.04327,15.82341],[82.04386,15.82224],[82.04444,15.82106],[82.04501,15.81987],[82.04558,15.81868],[82.04614,15.81748],[82.0467,15.81627],[82.04697,15.81567]]]},"properties":{"Julian_day":"270","Year":2026,"UID":"2026270048","Length":53.7757056487}},{"type":"Feature","geometry":{"type":"MultiLineString","coordinates":[[[82.43066,16.56222],[82.43047,16.56074],[82.4303,16.55927],[82.43015,16.5578],[82.43002,16.55633],[82.4299,16.55487],[82.42981,16.55342],[82.42973,16.55197],[82.42967,16.55053],[82.42962,16.54909],[82.4296,16.54766],[82.42959,16.54623],[82.4296,16.54481],[82.42963,16.5434],[82.42968,16.54199],[82.42975,16.54059],[82.42983,16.53919],[82.42993,16.5378],[82.43005,16.53642],[82.43019,16.53504],[82.43035,16.53366],[82.43052,16.53229],[82.43071,16.53093],[82.43092,16.52957],[82.43115,16.52822],[82.4314,16.52687],[82.43166,16.52553],[82.43195,16.5242],[82.43225,16.52287],[82.43257,16.52155],[82.4329,16.52023],[82.43326,16.51892],[82.43363,16.51761],[82.43404,16.51625],[82.43449,16.51489],[82.43496,16.51352],[82.43546,16.51214],[82.43599,16.51076],[82.43655,16.50937],[82.43714,16.50797],[82.43776,16.50657],[82.4384,16.50516],[82.43908,16.50375],[82.43979,16.50233],[82.44052,16.50092],[82.44128,16.49949],[82.44207,16.49807],[82.44288,16.49665],[82.44372,16.49522],[82.4446,16.49379],[82.44549,16.49236],[82.44642,16.49094],[82.44736,16.48951],[82.44833,16.48809],[82.44933,16.48667],[82.45035,16.48526],[82.45139,16.48386],[82.45245,16.48246],[82.45353,16.48107],[82.45464,16.47969],[82.45576,16.47832],[82.4569,16.47697],[82.45805,16.47563],[82.45922,16.4743],[82.4604,16.47299],[82.4611,16.47224],[82.46182,16.47148],[82.46254,16.47073],[82.46328,16.46998],[82.46403,16.46924],[82.4648,16.4685],[82.46557,16.46776],[82.46636,16.46702],[82.46716,16.46629],[82.46797,16.46557],[82.4688,16.46484],[82.46964,16.46412],[82.47048,16.46341],[82.47134,16.46269],[82.47222,16.46198],[82.4731,16.46128],[82.47399,16.46058],[82.4749,16.45988],[82.47582,16.45919],[82.47674,16.45851],[82.47768,16.45782],[82.47863,16.45715],[82.47959,16.45647],[82.48057,16.4558],[82.48155,16.45514],[82.48254,16.45448],[82.48354,16.45383],[82.48455,16.45318],[82.48557,16.45254],[82.48661,16.4519],[82.48765,16.45127],[82.4887,16.45064],[82.48976,16.45002],[82.49083,16.4494],[82.49191,16.44879],[82.493,16.44819],[82.4941,16.44759],[82.49521,16.447],[82.49632,16.44641],[82.49744,16.44584],[82.49857,16.44526],[82.4997,16.4447],[82.50085,16.44414],[82.50199,16.44359],[82.50315,16.44305],[82.50431,16.44251],[82.50548,16.44199],[82.50665,16.44147],[82.50783,16.44095],[82.50901,16.44045],[82.51019,16.43996],[82.51138,16.43947],[82.51258,16.43899],[82.51377,16.43852],[82.51497,16.43806],[82.51618,16.43761],[82.51738,16.43716],[82.51859,16.43673],[82.5198,16.4363],[82.521,16.43589],[82.52221,16.43548],[82.52342,16.43509],[82.52463,16.4347],[82.52584,16.43433],[82.52645,16.43415],[82.52706,16.43397],[82.52768,16.4338],[82.52831,16.43364],[82.52894,16.43349],[82.52957,16.43334],[82.53021,16.4332],[82.53086,16.43307],[82.53151,16.43294],[82.53217,16.43282],[82.53283,16.43271],[82.5335,16.4326],[82.53418,16.4325],[82.53486,16.43241],[82.53555,16.43233],[82.53624,16.43225],[82.53694,16.43218],[82.53765,16.43212],[82.53836,16.43206],[82.53908,16.43201],[82.54054,16.43193],[82.54204,16.43187],[82.54356,16.43185],[82.54513,16.43185],[82.54673,16.43187],[82.54837,16.43192],[82.54971,16.43199],[82.55108,16.43206],[82.55248,16.43216],[82.55392,16.43227],[82.55541,16.43241],[82.55694,16.43256],[82.55853,16.43272],[82.56019,16.43291],[82.56157,16.43308],[82.56303,16.43327],[82.5662,16.43369],[82.56926,16.43412],[82.57673,16.43519],[82.57877,16.43547],[82.58062,16.43572],[82.58258,16.43598],[82.58442,16.4362],[82.58617,16.43641],[82.58785,16.43659],[82.58964,16.43676],[82.59136,16.43691],[82.59303,16.43704],[82.59465,16.43714],[82.59622,16.43722],[82.59776,16.43728],[82.59926,16.43731],[82.60073,16.43733],[82.60217,16.43731],[82.60359,16.43728],[82.60497,16.43722],[82.60633,16.43714],[82.60767,16.43704],[82.60898,16.43691],[82.61027,16.43676],[82.61154,16.43659],[82.61279,16.43639],[82.61402,16.43617],[82.61523,16.43592],[82.61642,16.43565],[82.6176,16.43536],[82.61875,16.43504],[82.61989,16.4347],[82.62102,16.43433],[82.62184,16.43405],[82.62272,16.43377],[82.62366,16.43348],[82.62466,16.43317],[82.6269,16.43252],[82.63074,16.43144],[82.63301,16.4308],[82.63466,16.43032],[82.63581,16.42997],[82.63688,16.42964],[82.6379,16.42931],[82.63899,16.42896],[82.64013,16.42856],[82.64121,16.42817],[82.64225,16.42777],[82.64325,16.42738],[82.6442,16.42697],[82.64512,16.42656],[82.64599,16.42615],[82.64666,16.42582],[82.64714,16.42557],[82.6476,16.42532],[82.64805,16.42507],[82.64849,16.42482],[82.64893,16.42456],[82.64935,16.4243],[82.64976,16.42404],[82.65016,16.42377],[82.65055,16.4235],[82.65092,16.42323],[82.65129,16.42296],[82.65165,16.42268],[82.652,16.42239],[82.65234,16.42211],[82.65267,16.42182],[82.65299,16.42152],[82.6533,16.42123],[82.6536,16.42093],[82.65389,16.42062],[82.65417,16.42031],[82.65444,16.42],[82.6547,16.41968],[82.65495,16.41936],[82.65519,16.41904],[82.65543,16.41871],[82.65565,16.41838],[82.65586,16.41804],[82.65607,16.4177],[82.65626,16.41736],[82.65645,16.41701],[82.65662,16.41666],[82.65677,16.41634],[82.6569,16.41605],[82.65702,16.41576],[82.65713,16.41544],[82.65724,16.41512],[82.65735,16.41479],[82.65745,16.41443],[82.65755,16.41407],[82.65769,16.41351],[82.65786,16.4127],[82.65803,16.41182],[82.6582,16.41086],[82.6585,16.40915],[82.65863,16.40839],[82.65878,16.40767],[82.65895,16.40693],[82.65914,16.40619],[82.65924,16.40585],[82.65934,16.40551],[82.65945,16.40519],[82.65956,16.40488],[82.65968,16.40459],[82.65994,16.404],[82.66022,16.40342],[82.66052,16.40285],[82.66085,16.40229],[82.66121,16.40174],[82.66159,16.4012],[82.662,16.40067],[82.66243,16.40015],[82.66289,16.39964],[82.66338,16.39913],[82.66389,16.39864],[82.66444,16.39815],[82.66501,16.39766],[82.6656,16.39718],[82.66623,16.39671],[82.66689,16.39624],[82.66751,16.39582],[82.66816,16.3954],[82.66883,16.39499],[82.66954,16.39457],[82.67027,16.39416],[82.67104,16.39374],[82.67185,16.39332],[82.6727,16.39289],[82.67347,16.39251],[82.67429,16.39212],[82.67515,16.39172],[82.67608,16.3913],[82.67791,16.39049],[82.68137,16.38898],[82.68277,16.38837],[82.6842,16.38772],[82.68547,16.38714],[82.68654,16.38662],[82.68722,16.38629],[82.68787,16.38596],[82.68849,16.38564],[82.6891,16.38532],[82.68968,16.385],[82.69024,16.38468],[82.69084,16.38432],[82.69149,16.38393],[82.69211,16.38353],[82.69271,16.38313],[82.69328,16.38273],[82.69383,16.38233],[82.69436,16.38192],[82.69486,16.38151],[82.69535,16.3811],[82.69581,16.38068],[82.69626,16.38025],[82.69668,16.37982],[82.69709,16.37939],[82.69747,16.37895],[82.69784,16.3785],[82.69818,16.37805],[82.69857,16.37751],[82.699,16.37688],[82.69942,16.37625],[82.69983,16.37562],[82.70024,16.37498],[82.70064,16.37434],[82.70103,16.37369],[82.70142,16.37303],[82.70179,16.37237],[82.70216,16.3717],[82.70252,16.37103],[82.70287,16.37035],[82.70321,16.36967],[82.70355,16.36898],[82.70388,16.36829],[82.7042,16.36759],[82.70451,16.36689],[82.70481,16.36618],[82.70511,16.36546],[82.7054,16.36474],[82.70568,16.36402],[82.70595,16.36329],[82.70622,16.36255],[82.70647,16.36181],[82.70672,16.36106],[82.70696,16.36031],[82.7072,16.35955],[82.70742,16.35879],[82.70764,16.35802],[82.70785,16.35725],[82.70805,16.35647],[82.70825,16.35568],[82.70843,16.35489],[82.70861,16.3541],[82.70878,16.3533],[82.70894,16.35249],[82.7091,16.35168],[82.70924,16.35086],[82.70938,16.35004],[82.70951,16.34921],[82.70963,16.34838],[82.70975,16.34754],[82.70986,16.3467],[82.70996,16.34585],[82.71005,16.34499],[82.71013,16.34413],[82.7102,16.34327],[82.71027,16.3424],[82.71033,16.34152],[82.71038,16.34064],[82.71043,16.33975],[82.71046,16.33886],[82.71049,16.33796],[82.71051,16.33706],[82.71052,16.33615],[82.71053,16.33524],[82.71052,16.33432],[82.71051,16.33339],[82.71049,16.33246],[82.71047,16.33153],[82.71043,16.33059],[82.71039,16.32964],[82.71034,16.32869],[82.71028,16.32773],[82.71025,16.32725]]]},"properties":{"Julian_day":"270","Year":2026,"UID":"2026270049","Length":46.0952938575}},{"type":"Feature","geometry":{"type":"MultiLineString","coordinates":[[[82.81137,17.11545],[82.80872,17.11689],[82.80608,17.11832],[82.80345,17.11972],[82.80083,17.1211],[82.79821,17.12246],[82.79561,17.1238],[82.79302,17.12512],[82.79043,17.12641],[82.78786,17.12769],[82.78529,17.12894],[82.78274,17.13017],[82.78019,17.13138],[82.77765,17.13257],[82.77513,17.13374],[82.77261,17.13489],[82.7701,17.13601],[82.7676,17.13712],[82.76511,17.1382],[82.76263,17.13926],[82.76016,17.1403],[82.7577,17.14132],[82.75525,17.14232],[82.75281,17.1433],[82.75038,17.14425],[82.74796,17.14519],[82.74555,17.1461],[82.74314,17.14699],[82.74075,17.14786],[82.73837,17.14871],[82.73599,17.14954],[82.73363,17.15034],[82.73127,17.15113],[82.72893,17.15189],[82.72659,17.15263],[82.72426,17.15336],[82.72195,17.15406],[82.71964,17.15473],[82.71734,17.15539],[82.71505,17.15603],[82.71277,17.15664],[82.71051,17.15723],[82.70825,17.15781],[82.706,17.15836],[82.70375,17.15889],[82.70152,17.1594],[82.6993,17.15988],[82.69709,17.16035],[82.69489,17.16079],[82.6927,17.16122],[82.69051,17.16162],[82.68834,17.162],[82.68617,17.16236],[82.68402,17.16269],[82.68187,17.16301],[82.67974,17.16331],[82.67761,17.16358],[82.6755,17.16383],[82.67339,17.16406],[82.67129,17.16427],[82.6692,17.16446],[82.66713,17.16463],[82.66506,17.16478],[82.663,17.1649],[82.66095,17.165],[82.65891,17.16509],[82.65688,17.16515],[82.65486,17.16519],[82.65285,17.16521],[82.65084,17.1652],[82.64885,17.16518],[82.64687,17.16513],[82.6449,17.16507],[82.64293,17.16498],[82.64098,17.16487],[82.63903,17.16474],[82.6371,17.16459],[82.63517,17.16441],[82.63326,17.16422],[82.63135,17.164],[82.62945,17.16377],[82.62757,17.16351],[82.62569,17.16323],[82.62382,17.16293],[82.62196,17.16261],[82.62011,17.16226],[82.61827,17.1619],[82.61644,17.16151],[82.61462,17.1611],[82.61281,17.16067],[82.61101,17.16022],[82.60922,17.15975],[82.60744,17.15926],[82.60566,17.15875],[82.6039,17.15821],[82.60215,17.15766],[82.6004,17.15708],[82.59867,17.15648],[82.59694,17.15586],[82.59523,17.15522],[82.59352,17.15455],[82.59182,17.15387],[82.59014,17.15316],[82.58846,17.15244],[82.58679,17.15169],[82.58513,17.15092],[82.58349,17.15013],[82.58185,17.14932],[82.58022,17.14848],[82.5786,17.14763],[82.57699,17.14675],[82.57539,17.14586],[82.57379,17.14494],[82.57221,17.144],[82.57064,17.14304],[82.56908,17.14205],[82.56752,17.14105],[82.56598,17.14003],[82.56445,17.13898],[82.56292,17.13791],[82.56141,17.13682],[82.5599,17.13571],[82.55841,17.13458],[82.55692,17.13343],[82.55544,17.13226],[82.55398,17.13106],[82.55252,17.12984],[82.55107,17.12861],[82.54963,17.12735],[82.54822,17.12608],[82.54681,17.12479],[82.54541,17.12348],[82.544,17.12214],[82.54261,17.12078],[82.54122,17.11939],[82.53984,17.11799],[82.53846,17.11656],[82.5371,17.11512],[82.53575,17.11367],[82.53441,17.11219],[82.53309,17.1107],[82.53178,17.1092],[82.53049,17.10769],[82.52921,17.10617],[82.52796,17.10464],[82.52672,17.1031],[82.5255,17.10156],[82.52431,17.10001],[82.52314,17.09846],[82.52199,17.0969],[82.52086,17.09534],[82.51975,17.09378],[82.51867,17.09221],[82.51762,17.09065],[82.51659,17.08908],[82.51558,17.08752],[82.5146,17.08596],[82.51365,17.0844],[82.51273,17.08285],[82.51183,17.0813],[82.51097,17.07976],[82.50969,17.07744],[82.50891,17.07601],[82.50818,17.07465],[82.50748,17.07333],[82.50682,17.07205],[82.50618,17.07081],[82.50556,17.0696],[82.50497,17.06841],[82.50439,17.06723],[82.50384,17.06608],[82.50331,17.06494],[82.50279,17.06383],[82.5023,17.06272],[82.50182,17.06164],[82.50136,17.06057],[82.50092,17.0595],[82.50048,17.05843],[82.50007,17.05738],[82.49967,17.05634],[82.49929,17.05531],[82.49893,17.05429],[82.49859,17.05327],[82.49825,17.05227],[82.49794,17.05128],[82.49764,17.05029],[82.49736,17.04931],[82.49709,17.04834],[82.49684,17.04738],[82.49661,17.04642],[82.49639,17.04548],[82.49619,17.04453],[82.49598,17.0435],[82.49577,17.04236],[82.49557,17.04121],[82.49539,17.04005],[82.49522,17.03887],[82.49506,17.03768],[82.49492,17.03649],[82.49479,17.03528],[82.49467,17.03407],[82.49457,17.03285],[82.49449,17.03162],[82.49441,17.03039],[82.49436,17.02915],[82.49431,17.02791],[82.49428,17.02666],[82.49427,17.02542],[82.49427,17.02417],[82.49428,17.02292],[82.49431,17.02167],[82.49436,17.02043],[82.49441,17.01918],[82.49449,17.01794],[82.49457,17.01671],[82.49467,17.01548],[82.49479,17.01426],[82.49492,17.01304],[82.49506,17.01184],[82.49522,17.01064],[82.49539,17.00946],[82.49557,17.00828],[82.49577,17.00712],[82.49598,17.00597],[82.49622,17.00478],[82.49648,17.00353],[82.49676,17.0023],[82.49706,17.00107],[82.49738,16.99984],[82.49771,16.99862],[82.49806,16.99741],[82.49842,16.9962],[82.49881,16.99499],[82.49921,16.9938],[82.49962,16.9926],[82.50006,16.99142],[82.50051,16.99024],[82.50097,16.98906],[82.50146,16.98789],[82.50196,16.98673],[82.50248,16.98557],[82.50301,16.98442],[82.50357,16.98327],[82.50414,16.98213],[82.50472,16.98099],[82.50533,16.97986],[82.50595,16.97874],[82.50658,16.97762],[82.50724,16.97651],[82.50791,16.9754],[82.5086,16.97429],[82.5093,16.9732],[82.51002,16.97211],[82.51076,16.97102],[82.51152,16.96994],[82.51229,16.96887],[82.51308,16.9678],[82.51389,16.96673],[82.51471,16.96568],[82.51555,16.96462],[82.51641,16.96358],[82.51729,16.96254],[82.51818,16.9615],[82.51909,16.96047],[82.52001,16.95945],[82.52096,16.95843],[82.52192,16.95742],[82.52289,16.95641],[82.52389,16.95541],[82.5249,16.95441],[82.52593,16.95342],[82.52697,16.95244],[82.52803,16.95146],[82.52911,16.95048],[82.53021,16.94951],[82.53132,16.94855],[82.53245,16.94759],[82.53359,16.94664],[82.53476,16.9457],[82.53594,16.94476],[82.53714,16.94382],[82.53835,16.94289],[82.53958,16.94197],[82.54083,16.94105],[82.5421,16.94014],[82.54338,16.93923],[82.54468,16.93833],[82.54599,16.93744],[82.54666,16.93699]]]},"properties":{"Julian_day":"270","Year":2026,"UID":"2026270050","Length":54.8099939365}},{"type":"Feature","geometry":{"type":"MultiLineString","coordinates":[[[83.05824,17.3534],[83.05783,17.35165],[83.05741,17.34991],[83.05699,17.34818],[83.05655,17.34645],[83.0561,17.34472],[83.05564,17.343],[83.05518,17.34128],[83.0547,17.33957],[83.05421,17.33786],[83.05372,17.33616],[83.05321,17.33446],[83.0527,17.33277],[83.05217,17.33108],[83.05164,17.3294],[83.0511,17.32772],[83.05054,17.32604],[83.04998,17.32437],[83.04941,17.3227],[83.04883,17.32104],[83.04824,17.31939],[83.04764,17.31773],[83.04703,17.31608],[83.04641,17.31444],[83.04578,17.3128],[83.04514,17.31117],[83.04449,17.30954],[83.04383,17.30791],[83.04316,17.30629],[83.04249,17.30468],[83.0418,17.30307],[83.0411,17.30146],[83.0404,17.29986],[83.03993,17.29884],[83.03945,17.29781],[83.03895,17.29679],[83.03843,17.29575],[83.03789,17.29471],[83.03732,17.29367],[83.03674,17.29262],[83.03613,17.29156],[83.03551,17.29049],[83.03486,17.28941],[83.03418,17.28833],[83.03349,17.28723],[83.03276,17.28611],[83.03202,17.28499],[83.03124,17.28384],[83.03044,17.28268],[83.02977,17.28172],[83.02907,17.28075],[83.02836,17.27976],[83.02762,17.27875],[83.02685,17.27771],[83.02522,17.27556],[83.02361,17.27346],[83.02201,17.27141],[83.02034,17.2693],[83.01649,17.26446],[83.01422,17.26158],[83.01263,17.25956],[83.01157,17.25819],[83.01057,17.2569],[83.00963,17.25566],[83.00866,17.25436],[83.00767,17.25302],[83.00672,17.25172],[83.00582,17.25045],[83.00495,17.24922],[83.00411,17.248],[83.00331,17.24681],[83.00254,17.24563],[83.00175,17.2444],[83.00095,17.24311],[83.00018,17.24183],[82.99944,17.24057],[82.99874,17.23932],[82.99807,17.23808],[82.99743,17.23685],[82.99682,17.23563],[82.99624,17.23442],[82.99569,17.23321],[82.99517,17.23201],[82.99467,17.23082],[82.99421,17.22963],[82.99377,17.22845],[82.99337,17.22727],[82.99299,17.22609],[82.99263,17.2249],[82.99228,17.22369],[82.99194,17.22247],[82.99162,17.22123],[82.9913,17.21999],[82.99099,17.21874],[82.9907,17.21747],[82.99042,17.2162],[82.99015,17.21491],[82.98989,17.21362],[82.98964,17.21231],[82.9894,17.211],[82.98917,17.20967],[82.98895,17.20834],[82.98875,17.20699],[82.98856,17.20564],[82.98837,17.20428],[82.9882,17.2029],[82.98804,17.20152],[82.98789,17.20014],[82.98776,17.19874],[82.98763,17.19733],[82.98752,17.19592],[82.98741,17.1945],[82.98732,17.19307],[82.98724,17.19163],[82.98717,17.19019],[82.98712,17.18874],[82.98707,17.18728],[82.98704,17.18581],[82.98701,17.18434],[82.987,17.18287],[82.987,17.18138],[82.98701,17.17989],[82.98704,17.17839],[82.98707,17.17688],[82.98712,17.17538],[82.98717,17.17386],[82.98724,17.17235],[82.98732,17.17082],[82.98742,17.1693],[82.98752,17.16777],[82.98764,17.16624],[82.98776,17.16471],[82.9879,17.16317],[82.98805,17.16163],[82.98821,17.16009],[82.98838,17.15855],[82.98857,17.15701],[82.98876,17.15547],[82.98897,17.15393],[82.98918,17.15238],[82.98941,17.15084],[82.98965,17.1493],[82.9899,17.14776],[82.99016,17.14622],[82.99043,17.14469],[82.99071,17.14316],[82.99101,17.14163],[82.99131,17.1401],[82.99163,17.13858],[82.99195,17.13706],[82.99229,17.13555],[82.99263,17.13405],[82.99294,17.1327],[82.99321,17.13144],[82.99348,17.13009],[82.99374,17.12864],[82.99399,17.12717],[82.99422,17.12568],[82.99458,17.12327],[82.99519,17.11898],[82.99556,17.11654],[82.99576,17.11526],[82.99596,17.11406],[82.99616,17.11292],[82.99637,17.11185],[82.99661,17.11061],[82.99687,17.10943],[82.99713,17.1083],[82.9974,17.10722],[82.99768,17.10618],[82.99798,17.10519],[82.99828,17.10423],[82.9986,17.10331],[82.99879,17.10277],[82.999,17.10224],[82.99921,17.10172],[82.99942,17.10122],[82.99964,17.10073],[82.99986,17.10025],[83.00009,17.09978],[83.00032,17.09932],[83.00056,17.09888],[83.00081,17.09844],[83.00106,17.09802],[83.00131,17.09761],[83.00157,17.09721],[83.00184,17.09682],[83.00211,17.09645],[83.00239,17.09608],[83.00268,17.09572],[83.00297,17.09538],[83.00326,17.09504],[83.00357,17.09472],[83.00387,17.09441],[83.00419,17.0941],[83.00451,17.09381],[83.00484,17.09353],[83.00517,17.09326],[83.00551,17.093],[83.00585,17.09275],[83.00621,17.09251],[83.00656,17.09228],[83.00693,17.09206],[83.0073,17.09185],[83.00768,17.09165],[83.00808,17.09146],[83.00853,17.09128],[83.00903,17.09111],[83.00957,17.09095],[83.01007,17.09081],[83.01064,17.09068],[83.01219,17.09033],[83.01295,17.09015],[83.01364,17.08998],[83.01429,17.0898],[83.01474,17.08965],[83.01505,17.08953],[83.01533,17.08942],[83.0156,17.0893],[83.01585,17.08917],[83.01609,17.08904],[83.0163,17.0889],[83.01651,17.08875],[83.01672,17.08858],[83.01693,17.08838],[83.01714,17.08817],[83.01732,17.08794],[83.01749,17.08769],[83.01765,17.08743],[83.01779,17.08716],[83.01792,17.08687],[83.01804,17.08657],[83.01813,17.08625],[83.01822,17.08592],[83.01829,17.08557],[83.01834,17.0852],[83.01839,17.08482],[83.01841,17.08442],[83.01843,17.084],[83.01843,17.08361],[83.01842,17.08325],[83.0184,17.08287],[83.01837,17.08248],[83.01834,17.08207],[83.01827,17.08143],[83.01814,17.08051],[83.01801,17.07967],[83.01784,17.07873],[83.01767,17.07781],[83.01722,17.07548],[83.01699,17.07422],[83.01688,17.07358],[83.01679,17.07298],[83.01671,17.07242],[83.01665,17.07188],[83.01658,17.07129],[83.01654,17.07073],[83.01651,17.0702],[83.0165,17.06969],[83.0165,17.0692],[83.01652,17.06874],[83.01655,17.06829],[83.0166,17.06786],[83.01667,17.06736],[83.01676,17.06687],[83.01685,17.06637],[83.01695,17.06588],[83.01706,17.06539],[83.01718,17.06489],[83.01731,17.0644],[83.01744,17.06391],[83.01759,17.06342],[83.01775,17.06293],[83.01792,17.06244],[83.01809,17.06195],[83.01828,17.06146],[83.01847,17.06097],[83.01868,17.06048],[83.01889,17.05999],[83.01911,17.0595],[83.01935,17.05901],[83.01959,17.05852],[83.01984,17.05802],[83.0201,17.05753],[83.02037,17.05704],[83.02066,17.05655],[83.02095,17.05606],[83.02125,17.05556],[83.02156,17.05507],[83.02188,17.05457],[83.02222,17.05407],[83.02256,17.05357],[83.02291,17.05307],[83.02328,17.05256],[83.02365,17.05206],[83.02436,17.05113],[83.02511,17.05019],[83.0259,17.04925],[83.02673,17.04828],[83.0276,17.04731],[83.02851,17.04631],[83.02948,17.04529],[83.0305,17.04423],[83.03145,17.04329],[83.03244,17.0423],[83.03351,17.04127],[83.03465,17.04018],[83.03572,17.03918],[83.03811,17.03696],[83.04217,17.03321],[83.04392,17.03156],[83.0456,17.02996],[83.04683,17.02876],[83.04771,17.02789],[83.04855,17.02704],[83.04936,17.02621],[83.05012,17.0254],[83.05086,17.02461],[83.05157,17.02383],[83.05225,17.02306],[83.05298,17.02221],[83.05375,17.02127],[83.05449,17.02035],[83.05519,17.01944],[83.05586,17.01854],[83.05649,17.01764],[83.05709,17.01674],[83.05765,17.01586],[83.05819,17.01497],[83.05869,17.01409],[83.05916,17.01321],[83.0596,17.01233],[83.06002,17.01145],[83.0604,17.01057],[83.06075,17.00969],[83.06107,17.00881],[83.06136,17.00793],[83.06165,17.00704],[83.06192,17.00615],[83.06219,17.00525],[83.06246,17.00435],[83.06271,17.00345],[83.06296,17.00255],[83.0632,17.00164],[83.06343,17.00073],[83.06365,16.99982],[83.06387,16.99891],[83.06408,16.99799],[83.06428,16.99707],[83.06447,16.99614],[83.06465,16.99522],[83.06483,16.99429],[83.065,16.99336],[83.06516,16.99242],[83.06532,16.99149],[83.06547,16.99055],[83.0656,16.9896],[83.06574,16.98866],[83.06586,16.98771],[83.06597,16.98676],[83.06608,16.9858],[83.06618,16.98485],[83.06628,16.98389],[83.06636,16.98293],[83.06644,16.98196],[83.06651,16.98099],[83.06657,16.98002],[83.06662,16.97905],[83.06667,16.97807],[83.06671,16.9771],[83.06674,16.97611],[83.06676,16.97513],[83.06678,16.97414],[83.06679,16.97315],[83.06679,16.97216],[83.06678,16.97117],[83.06676,16.97017],[83.06674,16.96917],[83.06671,16.96816],[83.06667,16.96716],[83.06663,16.96615],[83.06657,16.96514],[83.06651,16.96412],[83.06644,16.9631],[83.06637,16.96208],[83.06628,16.96106],[83.06619,16.96003],[83.06609,16.959],[83.06598,16.95797],[83.06587,16.95694],[83.06574,16.9559],[83.06561,16.95486],[83.06547,16.95382],[83.06533,16.95277],[83.06517,16.95173],[83.06493,16.95015],[83.06457,16.94804],[83.06419,16.94591]]]},"properties":{"Julian_day":"270","Year":2026,"UID":"2026270051","Length":49.8973721949}},{"type":"Feature","geometry":{"type":"MultiLineString","coordinates":[[[83.80182,17.0054],[83.80375,17.00681],[83.80569,17.0082],[83.80764,17.00957],[83.80959,17.01092],[83.81155,17.01225],[83.81352,17.01356],[83.81549,17.01486],[83.81747,17.01613],[83.81946,17.01739],[83.82146,17.01863],[83.82347,17.01985],[83.82548,17.02105],[83.8275,17.02223],[83.82952,17.02339],[83.83156,17.02454],[83.8336,17.02566],[83.83565,17.02677],[83.8377,17.02785],[83.83977,17.02892],[83.84184,17.02997],[83.84391,17.031],[83.846,17.03201],[83.84809,17.03301],[83.85019,17.03398],[83.8523,17.03493],[83.85441,17.03587],[83.85654,17.03679],[83.85867,17.03769],[83.8608,17.03857],[83.86295,17.03943],[83.8651,17.04027],[83.86726,17.04109],[83.86801,17.04137],[83.86877,17.04164],[83.86955,17.04191],[83.87033,17.04217],[83.87113,17.04243],[83.87194,17.04269],[83.87276,17.04294],[83.87359,17.04318],[83.87444,17.04343],[83.87531,17.04366],[83.87619,17.0439],[83.87708,17.04413],[83.87893,17.04459],[83.88087,17.04503],[83.8825,17.04539],[83.8842,17.04575],[83.886,17.04611],[83.88794,17.04648],[83.88964,17.04679],[83.89154,17.04714],[83.89789,17.04826],[83.90026,17.04869],[83.90261,17.04912],[83.90473,17.04953],[83.90695,17.04998],[83.90904,17.05042],[83.91101,17.05087],[83.91242,17.05121],[83.91338,17.05145],[83.91437,17.05171],[83.91533,17.05196],[83.91627,17.05223],[83.91719,17.05249],[83.9181,17.05276],[83.91899,17.05304],[83.91986,17.05332],[83.92072,17.05361],[83.92157,17.0539],[83.9224,17.0542],[83.92322,17.05451],[83.92402,17.05482],[83.92481,17.05514],[83.9256,17.05546],[83.92636,17.05579],[83.92735,17.05624],[83.92857,17.05681],[83.92978,17.05741],[83.931,17.05805],[83.93221,17.05871],[83.93342,17.0594],[83.93463,17.06013],[83.93585,17.06088],[83.93706,17.06167],[83.93828,17.06249],[83.9395,17.06334],[83.94073,17.06423],[83.94196,17.06515],[83.94321,17.0661],[83.94446,17.06709],[83.94572,17.06813],[83.94693,17.06915],[83.9481,17.07015],[83.94928,17.07119],[83.95048,17.07226],[83.95169,17.07338],[83.95294,17.07454],[83.95421,17.07575],[83.95551,17.07702],[83.95678,17.07826],[83.95799,17.07947],[83.95926,17.08075],[83.96059,17.08211],[83.96257,17.08414],[83.96537,17.08706],[83.97011,17.09201],[83.97219,17.09416],[83.97421,17.09622],[83.97572,17.09775],[83.97683,17.09885],[83.9779,17.09991],[83.97894,17.10092],[83.97996,17.1019],[83.98095,17.10285],[83.98193,17.10377],[83.9829,17.10466],[83.98397,17.10563],[83.98513,17.10667],[83.98628,17.10767],[83.98742,17.10864],[83.98855,17.10958],[83.98967,17.11049],[83.99078,17.11137],[83.99188,17.11222],[83.99297,17.11305],[83.99407,17.11385],[83.99516,17.11462],[83.99624,17.11537],[83.99732,17.11609],[83.99841,17.11679],[83.99948,17.11746],[84.00056,17.11811],[84.00146,17.11863],[84.00218,17.11904],[84.00291,17.11944],[84.00366,17.11984],[84.00442,17.12023],[84.0052,17.12062],[84.00599,17.12101],[84.0068,17.12139],[84.00762,17.12177],[84.00846,17.12215],[84.00931,17.12253],[84.01018,17.1229],[84.01107,17.12327],[84.01199,17.12365],[84.01292,17.12402],[84.01388,17.12439],[84.01518,17.12488],[84.01686,17.1255],[84.01864,17.12613],[84.02053,17.12678],[84.02239,17.1274],[84.02423,17.128],[84.02715,17.12894],[84.03326,17.13089],[84.03579,17.13172],[84.0382,17.13253],[84.03996,17.13313],[84.0412,17.13358],[84.0424,17.13401],[84.04355,17.13444],[84.04466,17.13486],[84.04575,17.13529],[84.0468,17.13571],[84.04782,17.13614],[84.0489,17.1366],[84.05004,17.13711],[84.05114,17.13762],[84.05221,17.13813],[84.05326,17.13865],[84.05427,17.13917],[84.05527,17.1397],[84.05623,17.14024],[84.05718,17.14079],[84.0581,17.14135],[84.059,17.14191],[84.05987,17.14249],[84.06073,17.14307],[84.06157,17.14366],[84.06238,17.14427],[84.06317,17.14488],[84.06387,17.14544],[84.06449,17.14596],[84.06511,17.14648],[84.06573,17.147],[84.06634,17.14754],[84.06696,17.14809],[84.06757,17.14865],[84.06818,17.14922],[84.06879,17.14979],[84.0694,17.15038],[84.07001,17.15097],[84.07061,17.15158],[84.07122,17.15219],[84.07182,17.15282],[84.07242,17.15345],[84.07302,17.15409],[84.07362,17.15474],[84.07422,17.15541],[84.07482,17.15608],[84.07572,17.1571],[84.0769,17.15851],[84.07809,17.15995],[84.07927,17.16143],[84.08046,17.16296],[84.08163,17.16452],[84.08281,17.16613],[84.08397,17.16776],[84.08514,17.16943],[84.0863,17.17115],[84.08746,17.17292],[84.08863,17.17473],[84.0898,17.17659],[84.09098,17.1785],[84.09216,17.18047],[84.09335,17.18247],[84.09454,17.18454],[84.09575,17.18668],[84.09698,17.18889],[84.09823,17.19118],[84.09952,17.19357],[84.10084,17.19607],[84.10223,17.19873],[84.1027,17.19966],[84.10317,17.20061],[84.10362,17.20158],[84.10406,17.20256],[84.10449,17.20356],[84.10491,17.20459],[84.10532,17.20563],[84.10573,17.2067],[84.10612,17.20778],[84.10651,17.20889],[84.10689,17.21003],[84.10726,17.21119],[84.10762,17.21237],[84.10798,17.21359],[84.10833,17.21483],[84.10867,17.21611],[84.10895,17.21717],[84.10922,17.21825],[84.10949,17.21936],[84.10976,17.2205],[84.11003,17.22167],[84.1103,17.22288],[84.11057,17.22414],[84.11108,17.22655],[84.11155,17.22893],[84.11203,17.2314],[84.11311,17.23705],[84.11375,17.24038],[84.1142,17.2427],[84.11452,17.24426],[84.11483,17.24573],[84.11513,17.24713],[84.11545,17.24857],[84.11579,17.25005],[84.11613,17.25147],[84.11647,17.25284],[84.11681,17.25417],[84.11716,17.25546],[84.11752,17.25672],[84.11788,17.25794],[84.11826,17.2592],[84.11868,17.26048],[84.1191,17.26173],[84.11954,17.26296],[84.11998,17.26415],[84.12044,17.26531],[84.12091,17.26645],[84.12139,17.26756],[84.12188,17.26864],[84.12239,17.2697],[84.12291,17.27074],[84.12344,17.27176],[84.12399,17.27275],[84.12455,17.27372],[84.12513,17.27468],[84.12572,17.27561],[84.12632,17.27651],[84.12693,17.2774],[84.12754,17.27829],[84.12816,17.27917],[84.12879,17.28005],[84.12943,17.28092],[84.13007,17.28179],[84.13072,17.28265],[84.13138,17.28351],[84.13204,17.28437],[84.13272,17.28521],[84.1334,17.28606],[84.13408,17.2869],[84.13478,17.28773],[84.13548,17.28856],[84.13619,17.28939],[84.13691,17.29021],[84.13763,17.29102],[84.13837,17.29183],[84.13911,17.29264],[84.13985,17.29344],[84.14061,17.29424],[84.14137,17.29503],[84.14214,17.29581],[84.14292,17.2966],[84.1437,17.29737],[84.14449,17.29815],[84.14529,17.29891],[84.1461,17.29968],[84.14691,17.30043],[84.14774,17.30119],[84.14856,17.30194],[84.1494,17.30268],[84.15024,17.30342],[84.1511,17.30415],[84.15195,17.30488],[84.15282,17.30561],[84.15369,17.30633],[84.15458,17.30704],[84.15546,17.30775],[84.15636,17.30846],[84.15726,17.30916],[84.15818,17.30985],[84.15909,17.31054],[84.16002,17.31123],[84.16095,17.31191],[84.16189,17.31259],[84.16284,17.31326],[84.1638,17.31393],[84.16476,17.31459],[84.16573,17.31525],[84.16671,17.3159],[84.16769,17.31655],[84.16869,17.31719],[84.16969,17.31783],[84.1707,17.31846],[84.17171,17.31909],[84.17273,17.31971],[84.17376,17.32033],[84.1748,17.32095],[84.17585,17.32156],[84.1769,17.32216],[84.17796,17.32276],[84.17903,17.32336],[84.17956,17.32365]]]},"properties":{"Julian_day":"270","Year":2026,"UID":"2026270052","Length":56.5354949911}},{"type":"Feature","geometry":{"type":"MultiLineString","coordinates":[[[84.35802,17.35042],[84.36081,17.35131],[84.3636,17.35216],[84.36638,17.35299],[84.36915,17.35379],[84.37191,17.35456],[84.37467,17.35531],[84.37743,17.35603],[84.38018,17.35671],[84.38292,17.35737],[84.38566,17.35801],[84.38839,17.35861],[84.39111,17.35919],[84.39383,17.35973],[84.39654,17.36025],[84.39925,17.36074],[84.40195,17.36121],[84.40465,17.36164],[84.40734,17.36205],[84.41002,17.36243],[84.4127,17.36278],[84.41537,17.3631],[84.41803,17.3634],[84.42069,17.36367],[84.42334,17.3639],[84.42599,17.36412],[84.42863,17.3643],[84.43127,17.36445],[84.4339,17.36458],[84.43652,17.36468],[84.43914,17.36475],[84.44175,17.36479],[84.44436,17.3648],[84.44695,17.36479],[84.44955,17.36475],[84.45214,17.36468],[84.45472,17.36458],[84.45729,17.36445],[84.45986,17.3643],[84.46243,17.36412],[84.46498,17.3639],[84.46754,17.36367],[84.47008,17.3634],[84.47262,17.3631],[84.47516,17.36278],[84.47768,17.36243],[84.48021,17.36205],[84.48272,17.36164],[84.48523,17.36121],[84.48774,17.36074],[84.49024,17.36025],[84.49273,17.35973],[84.49521,17.35919],[84.49769,17.35861],[84.50017,17.35801],[84.50264,17.35737],[84.5051,17.35671],[84.50756,17.35603],[84.51001,17.35531],[84.51245,17.35456],[84.51489,17.35379],[84.51732,17.35299],[84.51975,17.35216],[84.52217,17.35131],[84.52458,17.35042],[84.52524,17.35017],[84.52591,17.34991],[84.52659,17.34963],[84.52728,17.34934],[84.52799,17.34903],[84.52872,17.3487],[84.52948,17.34836],[84.53026,17.34799],[84.53161,17.34734],[84.53312,17.3466],[84.53458,17.34586],[84.53823,17.344],[84.5402,17.34302],[84.54122,17.34252],[84.54219,17.34206],[84.5431,17.34164],[84.54399,17.34124],[84.54499,17.3408],[84.54596,17.34039],[84.54691,17.34002],[84.54783,17.33967],[84.54873,17.33934],[84.54962,17.33905],[84.55049,17.33877],[84.55135,17.33852],[84.55215,17.33831],[84.55295,17.3381],[84.55376,17.33789],[84.55457,17.33769],[84.55539,17.3375],[84.55622,17.33732],[84.55705,17.33714],[84.55788,17.33696],[84.55872,17.3368],[84.55956,17.33664],[84.56041,17.33649],[84.56126,17.33634],[84.56211,17.3362],[84.56297,17.33607],[84.56383,17.33595],[84.56469,17.33583],[84.56555,17.33572],[84.56642,17.33562],[84.56729,17.33552],[84.56816,17.33543],[84.56904,17.33535],[84.56991,17.33527],[84.57079,17.3352],[84.57167,17.33514],[84.57254,17.33509],[84.57342,17.33504],[84.5743,17.335],[84.57518,17.33497],[84.57606,17.33494],[84.57693,17.33493],[84.57781,17.33492],[84.57869,17.33491],[84.57956,17.33492],[84.58043,17.33493],[84.5813,17.33494],[84.58217,17.33497],[84.58304,17.335],[84.5839,17.33504],[84.58476,17.33509],[84.58562,17.33514],[84.58648,17.3352],[84.58733,17.33527],[84.58818,17.33535],[84.58902,17.33543],[84.58987,17.33552],[84.5907,17.33561],[84.59154,17.33572],[84.59237,17.33583],[84.59319,17.33595],[84.59401,17.33607],[84.59482,17.3362],[84.59563,17.33634],[84.59644,17.33648],[84.59724,17.33664],[84.59803,17.3368],[84.59882,17.33696],[84.5996,17.33713],[84.60037,17.33731],[84.60114,17.3375],[84.60191,17.33769],[84.60266,17.33789],[84.60341,17.33809],[84.60416,17.33831],[84.60489,17.33852],[84.606,17.33887],[84.60712,17.33926],[84.60825,17.33967],[84.60938,17.34011],[84.61052,17.34058],[84.61166,17.34108],[84.61281,17.34161],[84.61397,17.34217],[84.61514,17.34276],[84.61631,17.34338],[84.6175,17.34404],[84.6187,17.34473],[84.61991,17.34545],[84.62113,17.3462],[84.62237,17.34699],[84.62363,17.34782],[84.62481,17.34861],[84.626,17.34944],[84.62722,17.3503],[84.62845,17.3512],[84.62972,17.35214],[84.63101,17.35312],[84.63234,17.35414],[84.63371,17.35522],[84.63494,17.35619],[84.63622,17.35722],[84.63755,17.35831],[84.63898,17.35949],[84.64158,17.36165],[84.64582,17.3652],[84.64841,17.36736],[84.64979,17.3685],[84.65035,17.36898],[84.65091,17.36946],[84.65147,17.36995],[84.65203,17.37045],[84.65259,17.37096],[84.65314,17.37148],[84.65369,17.372],[84.65424,17.37254],[84.65479,17.37308],[84.65533,17.37363],[84.65587,17.37419],[84.65642,17.37476],[84.65696,17.37534],[84.6575,17.37593],[84.6583,17.37683],[84.65937,17.37806],[84.66044,17.37933],[84.6615,17.38064],[84.66256,17.38199],[84.66362,17.38338],[84.66468,17.38482],[84.66575,17.38631],[84.66682,17.38785],[84.66769,17.38913],[84.66857,17.39045],[84.66946,17.39181],[84.67036,17.39322],[84.67127,17.39467],[84.6722,17.39618],[84.67315,17.39774],[84.67413,17.39938],[84.67495,17.40078],[84.6758,17.40224],[84.67764,17.40544],[84.67941,17.40856],[84.68255,17.41414],[84.68438,17.41738],[84.68553,17.4194],[84.68669,17.4214],[84.68786,17.4234],[84.68898,17.42529],[84.69005,17.42707],[84.69118,17.42891],[84.69237,17.43079],[84.69353,17.43259],[84.69468,17.43431],[84.69581,17.43597],[84.69693,17.43757],[84.69777,17.43873],[84.69833,17.43949],[84.69889,17.44023],[84.69944,17.44097],[84.70003,17.44173],[84.70066,17.44253],[84.70129,17.44331],[84.70192,17.44407],[84.70255,17.44483],[84.70318,17.44556],[84.70382,17.44629],[84.70445,17.447],[84.70509,17.44769],[84.70572,17.44837],[84.70636,17.44904],[84.70701,17.4497],[84.70765,17.45034],[84.7083,17.45097],[84.70895,17.45159],[84.7096,17.45219],[84.71026,17.45279],[84.71092,17.45337],[84.71158,17.45394],[84.71224,17.4545],[84.71291,17.45504],[84.71359,17.45557],[84.71426,17.45609],[84.71494,17.4566],[84.71563,17.4571],[84.71632,17.45759],[84.71701,17.45806],[84.7177,17.45853],[84.7184,17.45898],[84.71911,17.45942],[84.71982,17.45985],[84.72053,17.46027],[84.72167,17.46091],[84.72325,17.46178],[84.72484,17.46263],[84.72644,17.46346],[84.72806,17.46427],[84.72969,17.46507],[84.73134,17.46585],[84.733,17.46661],[84.73467,17.46735],[84.73636,17.46808],[84.73806,17.46879],[84.73977,17.46948],[84.7415,17.47015],[84.74324,17.47081],[84.745,17.47145],[84.74677,17.47207],[84.74766,17.47237]]]},"properties":{"Julian_day":"270","Year":2026,"UID":"2026270053","Length":48.7778531203}},{"type":"Feature","geometry":{"type":"MultiLineString","coordinates":[[[84.04274,18.04344],[84.04351,18.04491],[84.04428,18.04638],[84.04506,18.04783],[84.04586,18.04927],[84.04666,18.05071],[84.04748,18.05212],[84.04831,18.05353],[84.04915,18.05493],[84.04999,18.05632],[84.05085,18.05769],[84.05172,18.05905],[84.0526,18.0604],[84.0535,18.06175],[84.0544,18.06307],[84.05531,18.06439],[84.05624,18.0657],[84.05717,18.067],[84.05812,18.06828],[84.05907,18.06955],[84.06004,18.07081],[84.06102,18.07207],[84.06201,18.0733],[84.06301,18.07453],[84.06402,18.07575],[84.06504,18.07696],[84.06607,18.07815],[84.06711,18.07933],[84.06817,18.0805],[84.06923,18.08167],[84.0703,18.08281],[84.07139,18.08395],[84.07249,18.08508],[84.07312,18.08571],[84.07377,18.08634],[84.07443,18.08697],[84.07511,18.08759],[84.07581,18.0882],[84.07652,18.08881],[84.07725,18.08942],[84.078,18.09003],[84.07876,18.09063],[84.07954,18.09123],[84.08034,18.09183],[84.08116,18.09242],[84.082,18.09302],[84.08286,18.09361],[84.08375,18.09421],[84.08465,18.0948],[84.08557,18.09539],[84.08651,18.09598],[84.08748,18.09658],[84.08847,18.09718],[84.0895,18.09778],[84.09056,18.0984],[84.09166,18.09903],[84.09281,18.09967],[84.09501,18.10087],[84.09747,18.10219],[84.09999,18.10351],[84.10484,18.10603],[84.10683,18.10707],[84.10889,18.10816],[84.11073,18.10915],[84.11282,18.1103],[84.11476,18.11139],[84.11568,18.11193],[84.11658,18.11245],[84.11745,18.11297],[84.1183,18.11348],[84.11934,18.11413],[84.12034,18.11476],[84.12132,18.11539],[84.12227,18.11603],[84.12319,18.11666],[84.12409,18.11729],[84.12497,18.11792],[84.12583,18.11855],[84.12666,18.11919],[84.12748,18.11983],[84.12827,18.12047],[84.12905,18.12112],[84.12981,18.12177],[84.13055,18.12242],[84.13127,18.12308],[84.13197,18.12375],[84.13243,18.12419],[84.13289,18.12465],[84.13335,18.12512],[84.1338,18.1256],[84.13425,18.12609],[84.13471,18.1266],[84.13516,18.12712],[84.13561,18.12765],[84.13607,18.1282],[84.13652,18.12875],[84.13698,18.12933],[84.13744,18.12992],[84.1379,18.13052],[84.13836,18.13114],[84.13883,18.13178],[84.1393,18.13244],[84.14008,18.13356],[84.14088,18.13474],[84.14172,18.136],[84.1426,18.13735],[84.14338,18.13857],[84.14423,18.13993],[84.14712,18.14458],[84.14823,18.14636],[84.14937,18.14814],[84.1504,18.14973],[84.15098,18.1506],[84.15155,18.15144],[84.15211,18.15224],[84.15265,18.15301],[84.15319,18.15376],[84.15373,18.15448],[84.15425,18.15518],[84.15478,18.15585],[84.15539,18.15662],[84.156,18.15736],[84.1566,18.15807],[84.15721,18.15876],[84.15782,18.15943],[84.15843,18.16007],[84.15904,18.16069],[84.15965,18.16129],[84.16026,18.16187],[84.16088,18.16243],[84.16151,18.16297],[84.16213,18.16349],[84.16276,18.164],[84.1634,18.16448],[84.16404,18.16494],[84.16469,18.16539],[84.16536,18.16582],[84.16605,18.16625],[84.16677,18.16666],[84.16751,18.16708],[84.16829,18.16749],[84.1691,18.16789],[84.16994,18.16829],[84.17083,18.16869],[84.17169,18.16907],[84.17259,18.16945],[84.17355,18.16983],[84.17457,18.17024],[84.17555,18.17061],[84.17664,18.17101],[84.18065,18.17248],[84.18229,18.17309],[84.18399,18.17374],[84.18476,18.17405],[84.18549,18.17435],[84.18635,18.17472],[84.18718,18.17508],[84.18797,18.17544],[84.18872,18.17581],[84.18945,18.17617],[84.19014,18.17654],[84.19081,18.17691],[84.19146,18.17728],[84.19244,18.17788],[84.1934,18.1785],[84.19435,18.17915],[84.19527,18.17981],[84.19618,18.1805],[84.19708,18.18121],[84.19795,18.18194],[84.19881,18.18269],[84.19966,18.18347],[84.20048,18.18426],[84.20129,18.18508],[84.20209,18.18592],[84.20287,18.18679],[84.20363,18.18768],[84.20437,18.18859],[84.20511,18.18953],[84.20582,18.19048],[84.20652,18.19146],[84.2072,18.19247],[84.20787,18.1935],[84.20853,18.19455],[84.20917,18.19563],[84.2098,18.19673],[84.21041,18.19786],[84.211,18.19901],[84.21159,18.20019],[84.21216,18.2014],[84.21272,18.20263],[84.21326,18.2039],[84.21379,18.20519],[84.21431,18.2065],[84.21482,18.20785],[84.21523,18.209],[84.21564,18.21017],[84.21604,18.21137],[84.21643,18.21259],[84.21681,18.21383],[84.21719,18.21509],[84.21756,18.21638],[84.21792,18.2177],[84.21827,18.21904],[84.21862,18.22041],[84.21897,18.22181],[84.2193,18.22324],[84.21964,18.22471],[84.21996,18.22621],[84.22029,18.22774],[84.22061,18.22932],[84.22088,18.23068],[84.22114,18.23207],[84.22141,18.2335],[84.22167,18.23497],[84.22221,18.23804],[84.22275,18.24135],[84.22323,18.24437],[84.22374,18.24775],[84.22424,18.2511],[84.22554,18.25985],[84.22628,18.26472],[84.22668,18.26731],[84.22707,18.26972],[84.22745,18.27201],[84.22783,18.27419],[84.22829,18.27674],[84.22875,18.27918],[84.22921,18.28152],[84.22968,18.28379],[84.23016,18.28598],[84.23065,18.28811],[84.23116,18.29018],[84.23167,18.29219],[84.23199,18.29339],[84.23231,18.29456],[84.23264,18.29572],[84.23297,18.29687],[84.23331,18.29799],[84.23366,18.2991],[84.23401,18.30019],[84.23437,18.30127],[84.23473,18.30233],[84.2351,18.30338],[84.23548,18.30441],[84.23586,18.30542],[84.23625,18.30643],[84.23665,18.30741],[84.23705,18.30839],[84.23746,18.30935],[84.23787,18.3103],[84.2383,18.31123],[84.23873,18.31216],[84.23916,18.31307],[84.23961,18.31396],[84.24006,18.31485],[84.24052,18.31572],[84.24099,18.31658],[84.24146,18.31743],[84.24194,18.31826],[84.24243,18.31909],[84.24293,18.3199],[84.24344,18.3207],[84.24395,18.32148],[84.24447,18.32226],[84.245,18.32303],[84.24636,18.32495],[84.24774,18.32687],[84.24914,18.32878],[84.25055,18.33068],[84.25198,18.33257],[84.25343,18.33446],[84.25489,18.33633],[84.25637,18.33819],[84.25787,18.34005],[84.25938,18.34189],[84.26091,18.34373],[84.26245,18.34556],[84.26401,18.34737],[84.26559,18.34918],[84.26718,18.35098],[84.26879,18.35277]]]},"properties":{"Julian_day":"270","Year":2026,"UID":"2026270054","Length":43.8216052007}},{"type":"Feature","geometry":{"type":"MultiLineString","coordinates":[[[84.91422,17.6657],[84.91639,17.6686],[84.91852,17.6715],[84.92064,17.67442],[84.92272,17.67735],[84.92478,17.68029],[84.92682,17.68324],[84.92883,17.6862],[84.93081,17.68917],[84.93277,17.69216],[84.93471,17.69515],[84.93661,17.69816],[84.9385,17.70118],[84.94035,17.70421],[84.94218,17.70725],[84.94399,17.7103],[84.94576,17.71336],[84.94752,17.71643],[84.94925,17.71952],[84.95095,17.72261],[84.95262,17.72572],[84.95427,17.72883],[84.9559,17.73196],[84.9575,17.7351],[84.95907,17.73825],[84.96062,17.74141],[84.96214,17.74459],[84.96364,17.74777],[84.96511,17.75096],[84.96655,17.75417],[84.96797,17.75739],[84.96937,17.76061],[84.97073,17.76385],[84.97114,17.76485],[84.97155,17.76587],[84.97195,17.7669],[84.97234,17.76795],[84.97272,17.76902],[84.9731,17.7701],[84.97347,17.7712],[84.97383,17.77233],[84.97419,17.77346],[84.97455,17.77462],[84.97489,17.77581],[84.97524,17.77701],[84.97558,17.77824],[84.97591,17.7795],[84.97625,17.78079],[84.97658,17.7821],[84.97712,17.78435],[84.97766,17.78672],[84.97821,17.78922],[84.97878,17.79189],[84.97927,17.7943],[84.9798,17.79698],[84.98031,17.79961],[84.98158,17.80626],[84.98229,17.80987],[84.98267,17.81176],[84.98304,17.81353],[84.98339,17.81521],[84.98374,17.81681],[84.98415,17.81865],[84.98456,17.82042],[84.98497,17.82212],[84.98538,17.82377],[84.98579,17.82537],[84.98621,17.82693],[84.98664,17.82844],[84.98707,17.82991],[84.98761,17.83164],[84.98815,17.83332],[84.98871,17.83496],[84.98928,17.83656],[84.98987,17.83811],[84.99047,17.83963],[84.99078,17.84038],[84.99109,17.84112],[84.9914,17.84185],[84.99173,17.84257],[84.99205,17.84328],[84.99238,17.84399],[84.99271,17.84468],[84.99305,17.84537],[84.9934,17.84606],[84.99375,17.84673],[84.9941,17.8474],[84.99446,17.84806],[84.99482,17.84871],[84.99519,17.84936],[84.99556,17.84999],[84.99594,17.85063],[84.99632,17.85125],[84.99671,17.85187],[84.9971,17.85248],[84.9975,17.85308],[84.99808,17.85395],[84.99868,17.85488],[84.99931,17.85587],[85,17.85695],[85.00125,17.85897],[85.00347,17.86258],[85.00514,17.86529],[85.0059,17.8665],[85.00666,17.86769],[85.00738,17.86881],[85.00808,17.86987],[85.00876,17.87087],[85.00965,17.87216],[85.01051,17.87338],[85.01136,17.87454],[85.0122,17.87564],[85.01302,17.87668],[85.01384,17.87768],[85.01466,17.87863],[85.01547,17.87954],[85.01592,17.88003],[85.01637,17.8805],[85.01683,17.88096],[85.01728,17.88141],[85.01773,17.88184],[85.01818,17.88227],[85.01864,17.88267],[85.01909,17.88307],[85.01954,17.88345],[85.02,17.88382],[85.02045,17.88418],[85.0209,17.88452],[85.02136,17.88485],[85.02181,17.88517],[85.02227,17.88547],[85.02273,17.88577],[85.02319,17.88605],[85.02365,17.88631],[85.02411,17.88657],[85.02457,17.88681],[85.02503,17.88704],[85.0255,17.88726],[85.02596,17.88747],[85.02643,17.88766],[85.0269,17.88784],[85.02737,17.88801],[85.02784,17.88817],[85.02831,17.88832],[85.02879,17.88845],[85.02926,17.88857],[85.02974,17.88868],[85.03022,17.88877],[85.03063,17.88885],[85.03106,17.88891],[85.03149,17.88896],[85.03195,17.889],[85.03242,17.88903],[85.0329,17.88905],[85.03341,17.88907],[85.03394,17.88907],[85.03493,17.88906],[85.03603,17.88902],[85.03716,17.88895],[85.0393,17.88882],[85.04062,17.88874],[85.04146,17.8887],[85.04231,17.88868],[85.04317,17.88868],[85.04398,17.8887],[85.04473,17.88874],[85.04549,17.88881],[85.04629,17.8889],[85.04709,17.88899],[85.04789,17.88909],[85.04868,17.8892],[85.04946,17.88932],[85.05024,17.88945],[85.05102,17.88959],[85.0518,17.88973],[85.05257,17.88989],[85.05333,17.89005],[85.0541,17.89022],[85.05485,17.8904],[85.05561,17.89059],[85.05636,17.89079],[85.05711,17.89099],[85.05785,17.8912],[85.05859,17.89143],[85.05933,17.89166],[85.06006,17.8919],[85.06078,17.89215],[85.06151,17.8924],[85.06223,17.89267],[85.06295,17.89294],[85.06366,17.89323],[85.06437,17.89352],[85.06507,17.89382],[85.06577,17.89413],[85.06647,17.89445],[85.06716,17.89477],[85.06785,17.89511],[85.06854,17.89545],[85.06922,17.8958],[85.06989,17.89616],[85.07057,17.89653],[85.07124,17.89691],[85.0719,17.89729],[85.07257,17.89769],[85.07322,17.89809],[85.07388,17.8985],[85.07453,17.89893],[85.07518,17.89935],[85.07582,17.89979],[85.07646,17.90024],[85.07709,17.90069],[85.07772,17.90116],[85.07835,17.90163],[85.07897,17.90211],[85.07959,17.9026],[85.08021,17.9031],[85.08082,17.90361],[85.08143,17.90412],[85.08203,17.90465],[85.08263,17.90518],[85.08323,17.90572],[85.08382,17.90627],[85.08441,17.90683],[85.085,17.9074],[85.08558,17.90797],[85.08615,17.90856],[85.08673,17.90915],[85.0873,17.90975],[85.08786,17.91036],[85.08842,17.91098],[85.08898,17.91161],[85.08954,17.91224],[85.09009,17.91289],[85.09063,17.91354],[85.09117,17.9142],[85.09171,17.91487],[85.09225,17.91555],[85.09278,17.91624],[85.0933,17.91694],[85.09383,17.91764],[85.09435,17.91835],[85.09486,17.91908],[85.09537,17.91981],[85.09588,17.92055],[85.09638,17.92129],[85.09688,17.92205],[85.09738,17.92282],[85.09787,17.92359],[85.09836,17.92437],[85.09884,17.92516],[85.09932,17.92596],[85.0998,17.92677],[85.10027,17.92759],[85.10074,17.92841],[85.10121,17.92925],[85.10167,17.93009],[85.10212,17.93094],[85.10258,17.9318],[85.10303,17.93267],[85.10347,17.93355],[85.10391,17.93443],[85.10435,17.93533],[85.10479,17.93623],[85.10543,17.9376],[85.10627,17.93946],[85.1071,17.94135],[85.10792,17.94328],[85.10872,17.94524],[85.1095,17.94723],[85.11027,17.94926],[85.11102,17.95133],[85.11175,17.95343],[85.11247,17.95556],[85.11318,17.95773],[85.11387,17.95993],[85.11454,17.96216],[85.1152,17.96444],[85.11585,17.96674],[85.11648,17.96908]]]},"properties":{"Julian_day":"270","Year":2026,"UID":"2026270055","Length":42.2340699447}},{"type":"Feature","geometry":{"type":"MultiLineString","coordinates":[[[85.09565,18.56395],[85.09699,18.56299],[85.09832,18.56203],[85.09963,18.56107],[85.10093,18.5601],[85.10221,18.55913],[85.10348,18.55815],[85.10474,18.55717],[85.10599,18.55618],[85.10722,18.55518],[85.10844,18.55418],[85.10965,18.55318],[85.11085,18.55217],[85.11203,18.55115],[85.1132,18.55013],[85.11435,18.54911],[85.11549,18.54808],[85.11662,18.54704],[85.11774,18.546],[85.11885,18.54495],[85.11994,18.5439],[85.12102,18.54285],[85.12208,18.54179],[85.12313,18.54072],[85.12417,18.53965],[85.1252,18.53857],[85.12621,18.53749],[85.12721,18.5364],[85.1282,18.53531],[85.12918,18.53421],[85.13014,18.53311],[85.13109,18.532],[85.13202,18.53089],[85.13295,18.52977],[85.13386,18.52865],[85.13475,18.52752],[85.13564,18.52639],[85.13651,18.52525],[85.13737,18.5241],[85.13821,18.52296],[85.13904,18.5218],[85.13986,18.52064],[85.14067,18.51948],[85.14146,18.51831],[85.14224,18.51713],[85.14301,18.51595],[85.14377,18.51477],[85.14451,18.51358],[85.14524,18.51238],[85.14595,18.51118],[85.14666,18.50998],[85.14735,18.50877],[85.14802,18.50755],[85.14869,18.50633],[85.14934,18.50511],[85.14998,18.50387],[85.1506,18.50264],[85.15122,18.5014],[85.15182,18.50015],[85.1524,18.4989],[85.15298,18.49764],[85.15354,18.49638],[85.15408,18.49511],[85.15462,18.49384],[85.15514,18.49256],[85.15538,18.49196],[85.15562,18.49134],[85.15584,18.49073],[85.15606,18.4901],[85.15628,18.48947],[85.15649,18.48884],[85.15669,18.4882],[85.15688,18.48755],[85.15707,18.4869],[85.15726,18.48624],[85.15744,18.48557],[85.15761,18.4849],[85.15777,18.48423],[85.15793,18.48354],[85.15808,18.48285],[85.15823,18.48215],[85.15837,18.48145],[85.15864,18.48002],[85.15888,18.47856],[85.15909,18.47707],[85.15929,18.47555],[85.15946,18.474],[85.15961,18.47241],[85.15974,18.47078],[85.15984,18.4692],[85.15991,18.46768],[85.15997,18.46613],[85.16001,18.46453],[85.16003,18.46289],[85.16004,18.46119],[85.16003,18.45944],[85.16001,18.45763],[85.15997,18.45587],[85.15992,18.45416],[85.15985,18.45237],[85.15978,18.45048],[85.15965,18.44767],[85.15944,18.44366],[85.15908,18.43689],[85.15893,18.43395],[85.15881,18.43111],[85.15873,18.429],[85.15868,18.42747],[85.15865,18.42599],[85.15862,18.42457],[85.1586,18.42319],[85.1586,18.42184],[85.1586,18.42053],[85.15861,18.41924],[85.15864,18.41784],[85.15868,18.41632],[85.15874,18.41484],[85.15881,18.41339],[85.1589,18.41197],[85.15901,18.41058],[85.15913,18.40922],[85.15926,18.40788],[85.15942,18.40657],[85.15959,18.40528],[85.15977,18.40401],[85.15997,18.40276],[85.16019,18.40153],[85.16043,18.40032],[85.16068,18.39913],[85.16095,18.39796],[85.16121,18.39691],[85.16146,18.39596],[85.16172,18.39501],[85.16199,18.39406],[85.16228,18.39311],[85.16258,18.39216],[85.16289,18.3912],[85.16322,18.39025],[85.16356,18.38929],[85.16391,18.38833],[85.16428,18.38737],[85.16466,18.38641],[85.16505,18.38544],[85.16546,18.38447],[85.16588,18.3835],[85.16631,18.38252],[85.16676,18.38155],[85.16722,18.38057],[85.16769,18.37958],[85.16818,18.3786],[85.16868,18.37761],[85.1692,18.37661],[85.16973,18.37561],[85.17028,18.37461],[85.17084,18.3736],[85.17141,18.37258],[85.172,18.37156],[85.17261,18.37053],[85.17323,18.3695],[85.17387,18.36845],[85.17452,18.3674],[85.17519,18.36634],[85.17609,18.36495],[85.17723,18.36322],[85.17843,18.36146],[85.17967,18.35966],[85.18096,18.35783],[85.18231,18.35595],[85.18373,18.35402],[85.18522,18.35203],[85.18664,18.35016],[85.18797,18.34842],[85.18938,18.3466],[85.19088,18.34468],[85.19307,18.34191],[85.19612,18.33808],[85.20184,18.33091],[85.20381,18.32841],[85.20557,18.32616],[85.20745,18.32374],[85.2092,18.32146],[85.21084,18.31928],[85.21239,18.31719],[85.21323,18.31604],[85.21404,18.31492],[85.21483,18.31381],[85.2156,18.31271],[85.21636,18.31163],[85.21709,18.31056],[85.21781,18.30951],[85.21851,18.30846],[85.21919,18.30742],[85.21986,18.3064],[85.22051,18.30538],[85.22114,18.30437],[85.22176,18.30337],[85.22237,18.30237],[85.22296,18.30138],[85.22353,18.3004],[85.22412,18.29938],[85.22469,18.29837],[85.22525,18.29737],[85.22579,18.29636],[85.22632,18.29537],[85.22683,18.29438],[85.22733,18.29339],[85.22781,18.29241],[85.22828,18.29143],[85.22874,18.29045],[85.22918,18.28948],[85.22961,18.28851],[85.23003,18.28754],[85.23043,18.28657],[85.23082,18.28561],[85.2312,18.28465],[85.23156,18.28369],[85.23191,18.28274],[85.23225,18.28178],[85.23257,18.28083],[85.23288,18.27988],[85.23318,18.27893],[85.23346,18.27798],[85.23373,18.27703],[85.23399,18.27609],[85.23424,18.27514],[85.23447,18.2742],[85.23469,18.27326],[85.2349,18.27231],[85.2351,18.27137],[85.23528,18.27043],[85.23545,18.26949],[85.23568,18.26814],[85.2359,18.26678],[85.23611,18.26542],[85.23632,18.26406],[85.23651,18.2627],[85.2367,18.26133],[85.23687,18.25996],[85.23704,18.25859],[85.2372,18.25722],[85.23735,18.25584],[85.23749,18.25446],[85.23762,18.25308],[85.23775,18.2517],[85.23786,18.25031],[85.23797,18.24892],[85.23807,18.24753],[85.23816,18.24613],[85.23824,18.24473],[85.23831,18.24333],[85.23837,18.24193],[85.23842,18.24052],[85.23847,18.23911],[85.2385,18.2377],[85.23853,18.23629],[85.23855,18.23487],[85.23855,18.23345],[85.23855,18.23203],[85.23855,18.2306],[85.23853,18.22917],[85.2385,18.22774],[85.23847,18.22631],[85.23842,18.22487]]]},"properties":{"Julian_day":"270","Year":2026,"UID":"2026270056","Length":42.1452485604}},{"type":"Feature","geometry":{"type":"MultiLineString","coordinates":[[[84.97966,18.75728],[84.9805,18.75916],[84.98137,18.76102],[84.98225,18.76286],[84.98315,18.76468],[84.98407,18.76648],[84.985,18.76826],[84.98595,18.77003],[84.98692,18.77177],[84.98791,18.7735],[84.98891,18.7752],[84.98993,18.77689],[84.99097,18.77856],[84.99202,18.7802],[84.9931,18.78183],[84.99419,18.78344],[84.99529,18.78503],[84.99642,18.7866],[84.99756,18.78815],[84.99872,18.78968],[84.99989,18.7912],[85.00108,18.79269],[85.0023,18.79416],[85.00352,18.79562],[85.00477,18.79705],[85.00603,18.79847],[85.00731,18.79987],[85.00861,18.80124],[85.00992,18.8026],[85.01125,18.80394],[85.0126,18.80526],[85.01397,18.80656],[85.01535,18.80784],[85.01601,18.80844],[85.01667,18.80903],[85.01735,18.80962],[85.01803,18.81021],[85.01872,18.81079],[85.01943,18.81137],[85.02013,18.81195],[85.02085,18.81253],[85.02158,18.81311],[85.02232,18.81368],[85.02306,18.81425],[85.02381,18.81481],[85.02457,18.81538],[85.02534,18.81594],[85.02612,18.81649],[85.0277,18.8176],[85.02932,18.8187],[85.03097,18.81979],[85.03266,18.82086],[85.03438,18.82193],[85.03613,18.82298],[85.03792,18.82402],[85.03975,18.82506],[85.04161,18.82608],[85.0435,18.82709],[85.04542,18.82809],[85.04738,18.82908],[85.04938,18.83006],[85.05141,18.83102],[85.05347,18.83198],[85.05557,18.83293],[85.0577,18.83386],[85.05987,18.83479],[85.06207,18.83571],[85.06431,18.83661],[85.06659,18.8375],[85.0689,18.83839],[85.07124,18.83926],[85.07363,18.84013],[85.07525,18.8407],[85.07608,18.84098],[85.07693,18.84126],[85.0778,18.84152],[85.07867,18.84178],[85.07956,18.84202],[85.08047,18.84226],[85.08139,18.84249],[85.08232,18.84272],[85.08328,18.84293],[85.08425,18.84314],[85.08524,18.84334],[85.08625,18.84353],[85.08728,18.84372],[85.08833,18.84389],[85.08941,18.84407],[85.09086,18.84428],[85.09272,18.84454],[85.09467,18.84478],[85.09675,18.84502],[85.09879,18.84523],[85.10078,18.84543],[85.10393,18.84571],[85.11033,18.84628],[85.11292,18.84653],[85.11537,18.84678],[85.11713,18.84698],[85.11835,18.84713],[85.11953,18.84728],[85.12067,18.84744],[85.12178,18.84759],[85.12285,18.84776],[85.12391,18.84793],[85.12493,18.84811],[85.12597,18.8483],[85.12702,18.8485],[85.12805,18.84871],[85.12906,18.84893],[85.13005,18.84916],[85.13102,18.84939],[85.13198,18.84964],[85.13291,18.84989],[85.13383,18.85016],[85.13474,18.85043],[85.13563,18.85072],[85.1365,18.85101],[85.13736,18.85131],[85.13821,18.85163],[85.13904,18.85195],[85.13986,18.85228],[85.14099,18.85277],[85.14243,18.85341],[85.14388,18.85409],[85.14534,18.85479],[85.1468,18.85553],[85.14826,18.8563],[85.14974,18.8571],[85.15122,18.85794],[85.15271,18.8588],[85.15421,18.8597],[85.15571,18.86063],[85.15723,18.8616],[85.15876,18.8626],[85.1603,18.86363],[85.16185,18.86471],[85.16342,18.86581],[85.16499,18.86694],[85.16654,18.86809],[85.16812,18.86927],[85.16971,18.8705],[85.17133,18.87177],[85.17298,18.87308],[85.17465,18.87444],[85.17637,18.87585],[85.1781,18.8773],[85.17985,18.87878],[85.18166,18.88033],[85.18354,18.88197],[85.18549,18.88368],[85.18754,18.8855],[85.18975,18.88747],[85.19227,18.88973],[85.19426,18.89153],[85.19516,18.89236],[85.19606,18.89322],[85.19695,18.89409],[85.19785,18.89498],[85.19875,18.8959],[85.19965,18.89683],[85.20055,18.89779],[85.20145,18.89877],[85.20235,18.89977],[85.20326,18.9008],[85.20417,18.90185],[85.20509,18.90293],[85.20601,18.90404],[85.20694,18.90518],[85.20789,18.90636],[85.20875,18.90744],[85.20952,18.90843],[85.2103,18.90944],[85.2115,18.91102],[85.21316,18.91324],[85.21491,18.91563],[85.21643,18.91774],[85.21812,18.92009],[85.21973,18.92237],[85.22364,18.92791],[85.22569,18.93079],[85.22771,18.9336],[85.22955,18.93612],[85.23053,18.93743],[85.23148,18.93869],[85.2324,18.93991],[85.23331,18.94109],[85.23421,18.94223],[85.23509,18.94334],[85.23596,18.94442],[85.23682,18.94547],[85.23768,18.94651],[85.23854,18.94752],[85.23939,18.94851],[85.24024,18.94947],[85.24108,18.95041],[85.24193,18.95134],[85.24277,18.95224],[85.2436,18.95312],[85.24444,18.95398],[85.24528,18.95483],[85.24612,18.95565],[85.24695,18.95646],[85.24779,18.95726],[85.24863,18.95803],[85.24948,18.95879],[85.25032,18.95953],[85.25162,18.96065],[85.25292,18.96176],[85.25422,18.96286],[85.25553,18.96395],[85.25683,18.96503],[85.25813,18.96609],[85.25944,18.96714],[85.26075,18.96818],[85.26205,18.96921],[85.26336,18.97023],[85.26467,18.97123],[85.26597,18.97222],[85.26728,18.9732],[85.26859,18.97416],[85.26989,18.97511],[85.2712,18.97605],[85.2725,18.97698],[85.27381,18.97789],[85.27511,18.97879],[85.27641,18.97968],[85.27772,18.98055],[85.27902,18.98141],[85.28032,18.98226],[85.28162,18.98309],[85.28291,18.98391],[85.28421,18.98472],[85.28551,18.98551],[85.2868,18.98629],[85.28809,18.98706],[85.28938,18.98781],[85.29067,18.98855],[85.29196,18.98927],[85.29345,18.9901],[85.29494,18.99091],[85.29643,18.99171],[85.29794,18.9925],[85.29945,18.99327],[85.30096,18.99404],[85.30249,18.9948],[85.30401,18.99554],[85.30555,18.99628],[85.30709,18.997],[85.30863,18.99771],[85.31019,18.99841],[85.31175,18.9991],[85.31331,18.99978],[85.31488,19.00044],[85.31646,19.0011],[85.31804,19.00175],[85.31963,19.00238],[85.32123,19.003],[85.32283,19.00361],[85.32444,19.00422],[85.32605,19.00481],[85.32767,19.00538],[85.3293,19.00595],[85.33093,19.00651],[85.33257,19.00705],[85.33421,19.00759],[85.33586,19.00811],[85.33752,19.00862],[85.33918,19.00913],[85.34085,19.00962],[85.34252,19.01009]]]},"properties":{"Julian_day":"270","Year":2026,"UID":"2026270057","Length":49.2093333429}},{"type":"Feature","geometry":{"type":"MultiLineString","coordinates":[[[86.29728,19.67337],[86.29769,19.67146],[86.29811,19.66956],[86.29855,19.66767],[86.299,19.66579],[86.29947,19.66392],[86.29996,19.66206],[86.30046,19.66021],[86.30097,19.65836],[86.30151,19.65653],[86.30206,19.6547],[86.30262,19.65289],[86.3032,19.65108],[86.30379,19.64928],[86.30441,19.64749],[86.30503,19.64571],[86.30568,19.64394],[86.30633,19.64218],[86.30701,19.64043],[86.3077,19.63868],[86.3084,19.63695],[86.30913,19.63523],[86.30986,19.63351],[86.31062,19.6318],[86.31138,19.63011],[86.31217,19.62842],[86.31297,19.62674],[86.31379,19.62507],[86.31462,19.62341],[86.31547,19.62176],[86.31633,19.62011],[86.31721,19.61848],[86.3181,19.61686],[86.31875,19.6157],[86.3194,19.61456],[86.32006,19.61341],[86.32073,19.61227],[86.3214,19.61114],[86.32207,19.61001],[86.32275,19.60889],[86.32343,19.60777],[86.32412,19.60666],[86.32482,19.60556],[86.32551,19.60446],[86.32622,19.60337],[86.32692,19.60229],[86.32763,19.60122],[86.32834,19.60015],[86.32906,19.59909],[86.32978,19.59805],[86.3305,19.597],[86.33123,19.59597],[86.33196,19.59495],[86.33269,19.59394],[86.33343,19.59293],[86.33417,19.59194],[86.33491,19.59095],[86.33565,19.58997],[86.3364,19.58901],[86.33714,19.58805],[86.33789,19.5871],[86.33865,19.58616],[86.3394,19.58524],[86.34016,19.58432],[86.34091,19.58341],[86.34167,19.58252],[86.34243,19.58164],[86.34319,19.58077],[86.34395,19.5799],[86.34472,19.57905],[86.34548,19.57821],[86.34625,19.57738],[86.34702,19.57657],[86.34779,19.57576],[86.34856,19.57496],[86.34933,19.57418],[86.3501,19.5734],[86.35087,19.57264],[86.35165,19.57189],[86.35242,19.57115],[86.3532,19.57042],[86.35398,19.5697],[86.35475,19.569],[86.35553,19.5683],[86.35631,19.56762],[86.35709,19.56695],[86.35787,19.56629],[86.35865,19.56564],[86.35943,19.56501],[86.36021,19.56438],[86.361,19.56377],[86.36178,19.56317],[86.36256,19.56258],[86.36334,19.562],[86.36413,19.56144],[86.36491,19.56089],[86.36569,19.56035],[86.36637,19.55989],[86.36706,19.55944],[86.36776,19.559],[86.36846,19.55858],[86.36918,19.55815],[86.36991,19.55774],[86.37064,19.55734],[86.37139,19.55695],[86.37214,19.55656],[86.37291,19.55618],[86.37368,19.55582],[86.37447,19.55546],[86.37526,19.55511],[86.37607,19.55476],[86.37688,19.55443],[86.37771,19.5541],[86.37855,19.55378],[86.3794,19.55347],[86.38026,19.55317],[86.38113,19.55288],[86.38201,19.55259],[86.38291,19.55231],[86.38382,19.55204],[86.38474,19.55178],[86.38567,19.55152],[86.38662,19.55128],[86.38758,19.55103],[86.38855,19.5508],[86.38954,19.55057],[86.39054,19.55035],[86.39156,19.55014],[86.39259,19.54994],[86.39434,19.54961],[86.39614,19.5493],[86.39799,19.54901],[86.3999,19.54873],[86.40187,19.54847],[86.40391,19.54822],[86.40603,19.54799],[86.40825,19.54777],[86.41017,19.54759],[86.41219,19.54742],[86.41432,19.54726],[86.41661,19.54709],[86.41867,19.54695],[86.42324,19.54666],[86.43077,19.54619],[86.434,19.54597],[86.4371,19.54575],[86.43939,19.54557],[86.44104,19.54543],[86.44262,19.54529],[86.44415,19.54514],[86.44564,19.54499],[86.44709,19.54483],[86.44851,19.54467],[86.44989,19.5445],[86.45138,19.54431],[86.45297,19.54409],[86.45452,19.54385],[86.45604,19.54361],[86.45753,19.54336],[86.45898,19.54309],[86.46041,19.54281],[86.46181,19.54252],[86.46319,19.54222],[86.46454,19.5419],[86.46587,19.54157],[86.46717,19.54123],[86.46845,19.54088],[86.46971,19.54051],[86.47095,19.54013],[86.47217,19.53973],[86.47356,19.53926],[86.4752,19.53871],[86.47693,19.53814],[86.47878,19.53755],[86.48074,19.53693],[86.48288,19.53627],[86.48648,19.53517],[86.49355,19.53303],[86.49775,19.53174],[86.50003,19.53102],[86.50216,19.53035],[86.50416,19.52969],[86.50607,19.52905],[86.50834,19.52827],[86.5105,19.52751],[86.51257,19.52674],[86.51456,19.52599],[86.51647,19.52523],[86.51831,19.52447],[86.5192,19.52409],[86.52008,19.52371],[86.52095,19.52333],[86.52179,19.52294],[86.52276,19.52249],[86.5237,19.52205],[86.52462,19.52159],[86.52553,19.52114],[86.52641,19.52068],[86.52728,19.52022],[86.52813,19.51976],[86.52896,19.51929],[86.52978,19.51882],[86.53058,19.51835],[86.53136,19.51787],[86.53213,19.51739],[86.53288,19.51691],[86.53361,19.51642],[86.53433,19.51592],[86.53503,19.51542],[86.53571,19.51492],[86.53638,19.51441],[86.53704,19.5139],[86.53768,19.51339],[86.5383,19.51287],[86.53891,19.51234],[86.5395,19.51181],[86.54008,19.51127],[86.54064,19.51073],[86.54119,19.51019],[86.54172,19.50964],[86.54223,19.50908],[86.54274,19.50852],[86.54322,19.50796],[86.54369,19.50738],[86.54415,19.50681],[86.54485,19.50589],[86.54553,19.50496],[86.5462,19.50402],[86.54685,19.50306],[86.54749,19.5021],[86.54811,19.50112],[86.54871,19.50013],[86.54929,19.49913],[86.54986,19.49811],[86.55041,19.49708],[86.55095,19.49604],[86.55147,19.49499],[86.55198,19.49393],[86.55246,19.49285],[86.55293,19.49176],[86.55339,19.49066],[86.55383,19.48955],[86.55425,19.48843],[86.55466,19.48729],[86.55505,19.48614],[86.55542,19.48498],[86.55578,19.48381],[86.55612,19.48262],[86.55644,19.48142],[86.55675,19.48021],[86.55704,19.47899],[86.55732,19.47776],[86.55758,19.47651],[86.55782,19.47525],[86.55805,19.47398],[86.55826,19.4727],[86.55845,19.4714],[86.55863,19.4701],[86.55879,19.46878],[86.55894,19.46744],[86.55906,19.4661],[86.55918,19.46474],[86.55927,19.46338],[86.55935,19.462],[86.55942,19.4606],[86.55946,19.4592],[86.55949,19.45778],[86.55951,19.45635],[86.55951,19.45491],[86.55949,19.45346],[86.55946,19.45199],[86.5594,19.45051],[86.55934,19.44902],[86.55925,19.44752],[86.55915,19.44601],[86.55904,19.44448],[86.55891,19.44294],[86.55876,19.44139],[86.55859,19.43983],[86.55841,19.43825],[86.55822,19.43666],[86.558,19.43507],[86.55777,19.43345],[86.55753,19.43183],[86.55726,19.43019],[86.55698,19.42854],[86.55669,19.42688],[86.55638,19.42521],[86.55605,19.42353]]]},"properties":{"Julian_day":"270","Year":2026,"UID":"2026270058","Length":44.3220012211}},{"type":"Feature","geometry":{"type":"MultiLineString","coordinates":[[[86.91892,19.72393],[86.91812,19.7203],[86.91729,19.71668],[86.91643,19.71307],[86.91555,19.70947],[86.91465,19.70589],[86.91372,19.70231],[86.91276,19.69875],[86.91177,19.69521],[86.91076,19.69167],[86.91025,19.68991],[86.90972,19.68815],[86.90919,19.6864],[86.90866,19.68464],[86.90812,19.6829],[86.90757,19.68115],[86.90701,19.67941],[86.90645,19.67767],[86.90588,19.67593],[86.90531,19.67419],[86.90473,19.67246],[86.90414,19.67074],[86.90355,19.66901],[86.90295,19.66729],[86.90234,19.66557],[86.90172,19.66386],[86.9011,19.66215],[86.90048,19.66044],[86.89984,19.65873],[86.8992,19.65703],[86.89856,19.65533],[86.8979,19.65364],[86.89724,19.65194],[86.89658,19.65025],[86.8959,19.64857],[86.89522,19.64688],[86.89454,19.6452],[86.89384,19.64353],[86.89315,19.64185],[86.89244,19.64018],[86.89173,19.63852],[86.89101,19.63685],[86.89028,19.63519],[86.88955,19.63353],[86.88881,19.63188],[86.88807,19.63023],[86.88731,19.62858],[86.88656,19.62693],[86.88579,19.62529],[86.88502,19.62365],[86.88424,19.62202],[86.88346,19.62038],[86.88266,19.61875],[86.88187,19.61713],[86.88106,19.6155],[86.88025,19.61388],[86.87979,19.61297],[86.87931,19.61206],[86.87882,19.61114],[86.87832,19.61021],[86.8778,19.60928],[86.87727,19.60834],[86.87672,19.60739],[86.87616,19.60644],[86.87558,19.60548],[86.87499,19.6045],[86.87438,19.60352],[86.87375,19.60253],[86.8731,19.60152],[86.87244,19.60049],[86.87175,19.59945],[86.87105,19.5984],[86.86984,19.59663],[86.86857,19.59478],[86.86721,19.59285],[86.86574,19.5908],[86.86442,19.58897],[86.86295,19.58695],[86.85788,19.58007],[86.85594,19.57741],[86.854,19.57473],[86.85227,19.5723],[86.85131,19.57094],[86.8504,19.56963],[86.84953,19.56835],[86.84869,19.56711],[86.84789,19.56589],[86.84711,19.5647],[86.84635,19.56352],[86.84563,19.56237],[86.8448,19.56104],[86.84401,19.55972],[86.84325,19.55843],[86.84251,19.55715],[86.8418,19.55588],[86.84112,19.55462],[86.84046,19.55338],[86.83983,19.55215],[86.83923,19.55092],[86.83864,19.5497],[86.83809,19.54849],[86.83755,19.54728],[86.83704,19.54608],[86.83655,19.54488],[86.83608,19.54369],[86.83564,19.5425],[86.83508,19.54099],[86.83375,19.53745],[86.83156,19.53166],[86.83054,19.52893],[86.82988,19.52712],[86.8292,19.52525],[86.82858,19.52348],[86.828,19.52179],[86.82741,19.52004],[86.82683,19.51822],[86.82629,19.51647],[86.82579,19.51477],[86.82533,19.51312],[86.82491,19.51152],[86.82452,19.50995],[86.82417,19.50842],[86.82393,19.50727],[86.82377,19.50647],[86.82362,19.50569],[86.82348,19.50491],[86.82335,19.50414],[86.82323,19.50338],[86.82312,19.50263],[86.82302,19.50188],[86.82293,19.50115],[86.82286,19.50042],[86.82279,19.4997],[86.82273,19.49899],[86.82268,19.49829],[86.82264,19.49759],[86.82261,19.4969],[86.8226,19.49622],[86.82259,19.49555],[86.82259,19.49488],[86.8226,19.49422],[86.82262,19.49357],[86.82265,19.49293],[86.8227,19.49229],[86.82275,19.49166],[86.82281,19.49103],[86.82288,19.49041],[86.82296,19.4898],[86.82305,19.4892],[86.82316,19.4886],[86.82327,19.48801],[86.82339,19.48742],[86.82352,19.48684],[86.82366,19.48627],[86.82381,19.48574],[86.82395,19.48524],[86.8241,19.48475],[86.82426,19.48425],[86.82443,19.48375],[86.82461,19.48325],[86.82479,19.48274],[86.82499,19.48224],[86.8252,19.48173],[86.82541,19.48122],[86.82564,19.48071],[86.82587,19.4802],[86.82611,19.47969],[86.82636,19.47917],[86.82662,19.47865],[86.82689,19.47813],[86.82732,19.47735],[86.82791,19.4763],[86.82855,19.47524],[86.82922,19.47417],[86.82993,19.47309],[86.83068,19.47199],[86.83147,19.47089],[86.8323,19.46977],[86.83315,19.46867],[86.83401,19.46758],[86.83492,19.46647],[86.83587,19.46534],[86.83686,19.4642],[86.83789,19.46304],[86.83897,19.46185],[86.84011,19.46063],[86.84126,19.45941],[86.84242,19.45821],[86.84365,19.45695],[86.84496,19.45563],[86.84629,19.45431],[86.84767,19.45296],[86.84971,19.45098],[86.85348,19.44732],[86.85421,19.44662],[86.85497,19.44593],[86.85574,19.44524],[86.85654,19.44456],[86.85735,19.44389],[86.85819,19.44322],[86.85905,19.44256],[86.85993,19.4419],[86.86083,19.44124],[86.86176,19.44059],[86.86272,19.43994],[86.8637,19.4393],[86.86471,19.43865],[86.86575,19.43801],[86.86682,19.43736],[86.86792,19.43671],[86.86882,19.43619],[86.86975,19.43567],[86.87071,19.43514],[86.87169,19.4346],[86.87271,19.43406],[86.87376,19.43351],[86.87486,19.43294],[86.876,19.43236],[86.87797,19.43138],[86.88017,19.4303],[86.8823,19.42927],[86.88747,19.42678],[86.89014,19.42549],[86.89212,19.42451],[86.89334,19.42389],[86.8945,19.4233],[86.89567,19.42269],[86.89685,19.42207],[86.89798,19.42146],[86.89907,19.42086],[86.90013,19.42027],[86.90115,19.41968],[86.90215,19.41909],[86.90312,19.41851],[86.90406,19.41792],[86.90497,19.41735],[86.90585,19.41677],[86.90672,19.41619],[86.90756,19.41561],[86.90839,19.41502],[86.90919,19.41444],[86.90997,19.41385],[86.91074,19.41325],[86.91149,19.41266],[86.91222,19.41206],[86.91293,19.41145],[86.91363,19.41084],[86.91431,19.41022],[86.91498,19.4096],[86.91562,19.40897],[86.91656,19.40803],[86.9178,19.40676],[86.91902,19.40548],[86.92022,19.40419],[86.92142,19.40288],[86.92259,19.40155],[86.92376,19.40021],[86.92491,19.39886],[86.92604,19.39749],[86.92716,19.39611],[86.92827,19.39471],[86.92936,19.39329],[86.93044,19.39187],[86.9315,19.39042],[86.93255,19.38897],[86.93359,19.38749],[86.93461,19.38601],[86.93562,19.3845],[86.93662,19.38299],[86.9376,19.38146],[86.93856,19.37991],[86.93951,19.37835],[86.94045,19.37677],[86.94138,19.37518],[86.94229,19.37358],[86.94318,19.37196],[86.94406,19.37032],[86.94493,19.36867],[86.94578,19.36701],[86.94662,19.36533],[86.94745,19.36363],[86.94826,19.36193],[86.94866,19.36107]]]},"properties":{"Julian_day":"270","Year":2026,"UID":"2026270059","Length":48.0988736622}},{"type":"Feature","geometry":{"type":"MultiLineString","coordinates":[[[86.87133,19.94106],[86.8725,19.94288],[86.87369,19.94468],[86.87489,19.94646],[86.87612,19.94823],[86.87736,19.94997],[86.87861,19.95169],[86.87989,19.95339],[86.88118,19.95508],[86.88249,19.95674],[86.88382,19.95838],[86.88516,19.96001],[86.88653,19.96161],[86.88791,19.96319],[86.8893,19.96476],[86.89072,19.9663],[86.89215,19.96783],[86.893,19.96872],[86.89387,19.96961],[86.89475,19.97049],[86.89565,19.97137],[86.89656,19.97224],[86.89748,19.97311],[86.89842,19.97398],[86.89937,19.97484],[86.90033,19.9757],[86.90131,19.97655],[86.9023,19.9774],[86.9033,19.97825],[86.90432,19.97909],[86.90535,19.97992],[86.90639,19.98075],[86.90745,19.98158],[86.90852,19.98241],[86.9096,19.98323],[86.9107,19.98404],[86.91181,19.98485],[86.91293,19.98566],[86.91406,19.98646],[86.91521,19.98725],[86.91637,19.98805],[86.91754,19.98883],[86.91873,19.98961],[86.91993,19.99039],[86.92114,19.99117],[86.92236,19.99193],[86.9236,19.9927],[86.92485,19.99345],[86.92611,19.99421],[86.92739,19.99496],[86.92867,19.9957],[86.92997,19.99644],[86.93129,19.99718],[86.93261,19.99791],[86.93395,19.99863],[86.9353,19.99935],[86.93666,20.00006],[86.93803,20.00077],[86.93941,20.00147],[86.9408,20.00217],[86.94221,20.00286],[86.94363,20.00355],[86.94505,20.00423],[86.94649,20.0049],[86.94794,20.00557],[86.9494,20.00624],[86.95087,20.00689],[86.95235,20.00754],[86.95385,20.00819],[86.95535,20.00883],[86.95686,20.00946],[86.95838,20.01009],[86.95991,20.01071],[86.96145,20.01132],[86.963,20.01192],[86.96455,20.01252],[86.96612,20.01312],[86.96769,20.0137],[86.96927,20.01428],[86.97086,20.01485],[86.97245,20.01542],[86.97343,20.01575],[86.9744,20.01607],[86.97539,20.01638],[86.97638,20.01667],[86.97738,20.01696],[86.97839,20.01723],[86.97941,20.01749],[86.98043,20.01774],[86.98147,20.01797],[86.98251,20.01819],[86.98356,20.0184],[86.98462,20.0186],[86.98569,20.01879],[86.98676,20.01896],[86.98785,20.01913],[86.98894,20.01928],[86.99005,20.01942],[86.99116,20.01954],[86.99228,20.01966],[86.99341,20.01976],[86.99456,20.01985],[86.99571,20.01993],[86.99687,20.02],[86.99805,20.02005],[86.99923,20.0201],[87.00043,20.02013],[87.00163,20.02015],[87.00285,20.02016],[87.00409,20.02016],[87.00533,20.02014],[87.00659,20.02012],[87.00786,20.02008],[87.00917,20.02003],[87.0105,20.01996],[87.01184,20.01989],[87.01319,20.0198],[87.01457,20.0197],[87.01596,20.01959],[87.01737,20.01946],[87.0188,20.01932],[87.02025,20.01917],[87.02172,20.01901],[87.02321,20.01883],[87.02472,20.01865],[87.02627,20.01844],[87.02783,20.01823],[87.02943,20.018],[87.03106,20.01775],[87.03257,20.01752],[87.03411,20.01727],[87.0373,20.01674],[87.04066,20.01615],[87.04424,20.0155],[87.04761,20.01486],[87.05135,20.01413],[87.05511,20.01339],[87.0651,20.0114],[87.06808,20.01082],[87.07075,20.0103],[87.07379,20.00973],[87.07663,20.0092],[87.07931,20.00872],[87.08188,20.00828],[87.08495,20.00778],[87.08788,20.00732],[87.08931,20.00711],[87.09072,20.00691],[87.0921,20.00672],[87.09346,20.00654],[87.0948,20.00637],[87.09612,20.00621],[87.09743,20.00606],[87.09872,20.00592],[87.09999,20.0058],[87.10125,20.00568],[87.10249,20.00557],[87.10371,20.00547],[87.10524,20.00536],[87.10674,20.00526],[87.10823,20.00518],[87.10969,20.00512],[87.11114,20.00506],[87.11257,20.00503],[87.11398,20.00501],[87.11537,20.005],[87.11675,20.00501],[87.11812,20.00504],[87.11947,20.00508],[87.1208,20.00514],[87.12213,20.00521],[87.12343,20.00529],[87.12473,20.00539],[87.12601,20.00551],[87.12728,20.00564],[87.12854,20.00579],[87.12978,20.00595],[87.13102,20.00613],[87.13224,20.00632],[87.13345,20.00653],[87.13465,20.00675],[87.13584,20.00699],[87.13702,20.00725],[87.13818,20.00752],[87.13934,20.0078],[87.14049,20.0081],[87.14162,20.00842],[87.14275,20.00875],[87.14386,20.0091],[87.14497,20.00947],[87.1465,20.00999],[87.14803,20.01053],[87.14956,20.01108],[87.15109,20.01164],[87.15261,20.01221],[87.15413,20.0128],[87.15565,20.01339],[87.15716,20.01399],[87.15867,20.01461],[87.16018,20.01524],[87.16168,20.01588],[87.16319,20.01653],[87.16468,20.01719],[87.16618,20.01787],[87.16767,20.01855],[87.16916,20.01925],[87.17065,20.01995],[87.17213,20.02067],[87.17362,20.0214],[87.17509,20.02214],[87.17657,20.0229],[87.17804,20.02366],[87.17951,20.02444],[87.18098,20.02522],[87.18244,20.02602],[87.1839,20.02683],[87.18536,20.02765],[87.18681,20.02848],[87.18826,20.02933],[87.18971,20.03018],[87.19115,20.03105],[87.1926,20.03192],[87.19404,20.03281],[87.19547,20.03371],[87.19691,20.03462],[87.19834,20.03555],[87.19976,20.03648],[87.20119,20.03743],[87.20261,20.03838],[87.20403,20.03935],[87.20544,20.04033],[87.20685,20.04132],[87.20826,20.04232],[87.20967,20.04334],[87.21107,20.04436],[87.21247,20.0454],[87.21387,20.04644],[87.21527,20.0475],[87.21666,20.04857],[87.21805,20.04965],[87.21943,20.05075],[87.22081,20.05185],[87.22219,20.05297],[87.22357,20.05409],[87.22494,20.05523],[87.22631,20.05638],[87.22768,20.05754],[87.22905,20.05871],[87.23041,20.05989],[87.23177,20.06109],[87.23312,20.0623],[87.23447,20.06351],[87.23582,20.06474],[87.23717,20.06598]]]},"properties":{"Julian_day":"270","Year":2026,"UID":"2026270060","Length":43.5928106773}},{"type":"Feature","geometry":{"type":"MultiLineString","coordinates":[[[87.46322,20.11357],[87.46344,20.11544],[87.46368,20.11731],[87.46393,20.11916],[87.4642,20.121],[87.46448,20.12283],[87.46477,20.12465],[87.46508,20.12645],[87.4654,20.12825],[87.46573,20.13004],[87.46608,20.13181],[87.46644,20.13358],[87.46681,20.13533],[87.4672,20.13708],[87.4676,20.13881],[87.46801,20.14053],[87.46844,20.14224],[87.46888,20.14395],[87.46934,20.14564],[87.46981,20.14731],[87.47029,20.14898],[87.47078,20.15064],[87.47129,20.15229],[87.47182,20.15392],[87.47235,20.15555],[87.4729,20.15716],[87.47346,20.15877],[87.47404,20.16036],[87.47463,20.16194],[87.47523,20.16351],[87.47585,20.16507],[87.47648,20.16662],[87.47712,20.16816],[87.47778,20.16969],[87.47845,20.17121],[87.47914,20.17271],[87.47983,20.17421],[87.48055,20.1757],[87.48127,20.17717],[87.48201,20.17863],[87.48276,20.18009],[87.48353,20.18153],[87.48431,20.18296],[87.4851,20.18438],[87.4859,20.18579],[87.48672,20.18719],[87.48756,20.18858],[87.4884,20.18995],[87.48926,20.19132],[87.49014,20.19268],[87.49102,20.19402],[87.49192,20.19536],[87.49284,20.19668],[87.49377,20.19799],[87.49471,20.1993],[87.49566,20.20059],[87.49663,20.20187],[87.49761,20.20314],[87.49861,20.2044],[87.49961,20.20564],[87.50064,20.20688],[87.50167,20.20811],[87.50272,20.20932],[87.50378,20.21053],[87.50486,20.21172],[87.50542,20.21233],[87.50599,20.21293],[87.50658,20.21353],[87.50718,20.21412],[87.5078,20.21472],[87.50844,20.21531],[87.50909,20.2159],[87.50975,20.21649],[87.51044,20.21708],[87.51114,20.21767],[87.51185,20.21825],[87.51259,20.21884],[87.51334,20.21943],[87.51412,20.22002],[87.51491,20.22061],[87.51573,20.22121],[87.51655,20.2218],[87.51739,20.22239],[87.51826,20.22299],[87.51916,20.22359],[87.52008,20.2242],[87.52104,20.22483],[87.52203,20.22546],[87.52306,20.22612],[87.52505,20.22735],[87.52726,20.2287],[87.52954,20.23006],[87.53573,20.23374],[87.53759,20.23487],[87.53926,20.23589],[87.54115,20.23706],[87.54291,20.23818],[87.54455,20.23926],[87.54611,20.2403],[87.54704,20.24095],[87.54795,20.24159],[87.54883,20.24222],[87.54968,20.24285],[87.55052,20.24348],[87.55133,20.24411],[87.55212,20.24473],[87.55289,20.24535],[87.55364,20.24598],[87.55437,20.2466],[87.55509,20.24723],[87.55578,20.24786],[87.55646,20.24849],[87.55712,20.24912],[87.55777,20.24975],[87.5584,20.25039],[87.55907,20.25109],[87.55974,20.25181],[87.5604,20.25254],[87.56106,20.2533],[87.56171,20.25406],[87.56237,20.25485],[87.56301,20.25565],[87.56366,20.25647],[87.5643,20.25731],[87.56494,20.25817],[87.56557,20.25905],[87.56621,20.25994],[87.56684,20.26086],[87.56748,20.2618],[87.56811,20.26277],[87.56875,20.26376],[87.56938,20.26476],[87.57001,20.26579],[87.57065,20.26685],[87.5713,20.26794],[87.57195,20.26906],[87.57261,20.27022],[87.57328,20.27142],[87.57398,20.27268],[87.57461,20.27385],[87.57596,20.27638],[87.57737,20.27907],[87.57887,20.28197],[87.58145,20.28699],[87.58259,20.28919],[87.58371,20.29132],[87.58487,20.29348],[87.58608,20.29569],[87.58667,20.29674],[87.58724,20.29775],[87.58781,20.29874],[87.58838,20.2997],[87.58893,20.30064],[87.58963,20.30178],[87.59032,20.30289],[87.591,20.30397],[87.59169,20.30502],[87.59237,20.30604],[87.59305,20.30704],[87.59374,20.30802],[87.59442,20.30897],[87.59511,20.3099],[87.5958,20.3108],[87.5965,20.31169],[87.5972,20.31256],[87.5979,20.3134],[87.59861,20.31423],[87.59932,20.31504],[87.60004,20.31582],[87.60248,20.31845],[87.60468,20.32078],[87.60572,20.32187],[87.60673,20.32292],[87.60772,20.32393],[87.60869,20.32491],[87.60965,20.32587],[87.6106,20.32681],[87.61153,20.32772],[87.61245,20.3286],[87.61336,20.32947],[87.61426,20.33031],[87.61515,20.33113],[87.61603,20.33193],[87.61692,20.33273],[87.61781,20.3335],[87.61869,20.33426],[87.61956,20.335],[87.62043,20.33572],[87.62129,20.33643],[87.62215,20.33712],[87.62301,20.33779],[87.62386,20.33844],[87.62472,20.33908],[87.62557,20.33971],[87.62641,20.34031],[87.62726,20.34091],[87.6281,20.34148],[87.62894,20.34205],[87.62978,20.34259],[87.63057,20.3431],[87.63138,20.3436],[87.6322,20.34409],[87.63303,20.34459],[87.63387,20.34508],[87.63473,20.34556],[87.6356,20.34605],[87.63648,20.34652],[87.63738,20.347],[87.63829,20.34747],[87.63921,20.34795],[87.64015,20.34841],[87.6411,20.34888],[87.64207,20.34934],[87.64305,20.3498],[87.64405,20.35026],[87.64506,20.35071],[87.64608,20.35116],[87.64712,20.35161],[87.64817,20.35206],[87.64925,20.35251],[87.65034,20.35296],[87.65145,20.3534],[87.65258,20.35385],[87.65373,20.35429],[87.6561,20.35518],[87.65856,20.35608],[87.66115,20.357],[87.66338,20.35777],[87.66517,20.35836],[87.66696,20.35893],[87.66877,20.35948],[87.6706,20.36002],[87.67243,20.36054],[87.67428,20.36104],[87.67614,20.36152],[87.67802,20.36199],[87.6799,20.36243],[87.68179,20.36286],[87.6837,20.36327],[87.68561,20.36366],[87.68753,20.36403],[87.68946,20.36438],[87.6914,20.36472],[87.69335,20.36503],[87.6953,20.36532],[87.69726,20.3656],[87.69922,20.36586],[87.70119,20.36609],[87.70317,20.36631],[87.70515,20.36651],[87.70713,20.36669],[87.70912,20.36684],[87.71111,20.36698],[87.7131,20.3671],[87.71509,20.3672],[87.71709,20.36728],[87.71908,20.36734],[87.72108,20.36738],[87.72307,20.3674],[87.72506,20.3674],[87.72705,20.36738],[87.72904,20.36734],[87.73102,20.36728],[87.733,20.3672],[87.73498,20.3671],[87.73696,20.36698],[87.73892,20.36685],[87.74089,20.36669],[87.74285,20.36651],[87.7448,20.36631],[87.74674,20.3661],[87.74868,20.36586],[87.75061,20.3656],[87.75254,20.36533],[87.75445,20.36503],[87.75636,20.36472],[87.75825,20.36439],[87.76014,20.36404],[87.76202,20.36366],[87.76388,20.36328],[87.76574,20.36287],[87.76758,20.36244],[87.76941,20.36199],[87.77123,20.36153],[87.77303,20.36105],[87.77483,20.36055],[87.77661,20.36003],[87.77838,20.35949],[87.78013,20.35893],[87.78187,20.35836],[87.78359,20.35777],[87.78511,20.35723],[87.78642,20.35675],[87.78774,20.35625],[87.78905,20.35575],[87.79036,20.35524],[87.79167,20.35471],[87.79297,20.35418],[87.79428,20.35363],[87.79558,20.35307],[87.79688,20.3525],[87.79817,20.35192],[87.79947,20.35133],[87.80076,20.35073],[87.80205,20.35012],[87.80334,20.3495],[87.80462,20.34886],[87.80527,20.34854]]]},"properties":{"Julian_day":"270","Year":2026,"UID":"2026270061","Length":50.9195767245}},{"type":"Feature","geometry":{"type":"MultiLineString","coordinates":[[[87.17768,21.3152],[87.17683,21.31293],[87.17596,21.31069],[87.17507,21.30845],[87.17417,21.30623],[87.17324,21.30402],[87.1723,21.30183],[87.17135,21.29965],[87.17038,21.29749],[87.16939,21.29534],[87.16838,21.2932],[87.16736,21.29108],[87.16632,21.28897],[87.16526,21.28688],[87.16419,21.2848],[87.1631,21.28273],[87.16199,21.28068],[87.16087,21.27864],[87.15973,21.27662],[87.15857,21.27461],[87.1574,21.27261],[87.15621,21.27063],[87.155,21.26866],[87.15377,21.26671],[87.15253,21.26477],[87.15127,21.26285],[87.15,21.26093],[87.14871,21.25904],[87.1474,21.25715],[87.14607,21.25529],[87.14473,21.25343],[87.14337,21.25159],[87.14199,21.24976],[87.14154,21.24917],[87.14107,21.24858],[87.1406,21.24799],[87.14011,21.24741],[87.13962,21.24683],[87.13912,21.24625],[87.13861,21.24567],[87.13809,21.24509],[87.13756,21.24452],[87.13702,21.24394],[87.13647,21.24337],[87.13591,21.2428],[87.13534,21.24223],[87.13476,21.24167],[87.13417,21.2411],[87.13357,21.24054],[87.13296,21.23997],[87.13234,21.23941],[87.13171,21.23885],[87.13107,21.23829],[87.13041,21.23773],[87.12975,21.23717],[87.12907,21.23661],[87.12839,21.23605],[87.12769,21.23549],[87.12626,21.23437],[87.12477,21.23325],[87.12324,21.23212],[87.1218,21.23109],[87.12048,21.23017],[87.11911,21.22923],[87.1177,21.22829],[87.11624,21.22733],[87.11472,21.22636],[87.11315,21.22536],[87.11151,21.22434],[87.10995,21.22339],[87.10849,21.2225],[87.10695,21.22158],[87.1053,21.2206],[87.10292,21.2192],[87.0996,21.21727],[87.09335,21.21363],[87.09116,21.21235],[87.08921,21.2112],[87.0871,21.20993],[87.08513,21.20874],[87.08327,21.20759],[87.08151,21.20648],[87.07957,21.20523],[87.07772,21.20401],[87.07595,21.20281],[87.07426,21.20163],[87.07344,21.20105],[87.07263,21.20046],[87.07184,21.19988],[87.07106,21.1993],[87.0703,21.19872],[87.06955,21.19815],[87.06882,21.19757],[87.0681,21.197],[87.06731,21.19635],[87.06653,21.1957],[87.06577,21.19505],[87.06502,21.19441],[87.06429,21.19376],[87.06357,21.19311],[87.06287,21.19246],[87.06219,21.19181],[87.06152,21.19116],[87.06086,21.1905],[87.06022,21.18985],[87.05959,21.18919],[87.05897,21.18853],[87.05837,21.18787],[87.05779,21.1872],[87.05721,21.18653],[87.05665,21.18586],[87.0561,21.18519],[87.05557,21.18451],[87.05505,21.18383],[87.05454,21.18315],[87.05404,21.18247],[87.05356,21.18178],[87.05309,21.18108],[87.05263,21.18039],[87.05219,21.17969],[87.05176,21.17898],[87.05134,21.17828],[87.05093,21.17756],[87.05054,21.17685],[87.05016,21.17613],[87.04979,21.1754],[87.04909,21.17398],[87.0484,21.17252],[87.04773,21.17104],[87.04707,21.16953],[87.04642,21.16799],[87.04579,21.16643],[87.04517,21.16485],[87.04456,21.16324],[87.04398,21.1616],[87.0434,21.15994],[87.04284,21.15826],[87.0423,21.15655],[87.04177,21.15482],[87.04125,21.15307],[87.04076,21.1513],[87.04028,21.14951],[87.03981,21.1477],[87.03936,21.14587],[87.03893,21.14402],[87.03851,21.14215],[87.03811,21.14027],[87.03773,21.13838],[87.03736,21.13647],[87.03702,21.13455],[87.03669,21.13261],[87.03638,21.13067],[87.03609,21.12872],[87.03582,21.12676],[87.03556,21.1248],[87.03533,21.12283],[87.03511,21.12086],[87.03492,21.11889],[87.03477,21.11724],[87.03464,21.11559],[87.03452,21.11394],[87.03442,21.11229],[87.03433,21.11063],[87.03426,21.10898],[87.03421,21.10732],[87.03417,21.10566],[87.03414,21.104],[87.03414,21.10233],[87.03414,21.10067],[87.03417,21.099],[87.03421,21.09734],[87.03426,21.09567],[87.03433,21.094],[87.03441,21.09232],[87.03452,21.09065],[87.03463,21.08898],[87.03476,21.0873],[87.03491,21.08562],[87.03507,21.08394],[87.03525,21.08226],[87.03545,21.08057],[87.03566,21.07889],[87.03588,21.0772],[87.03612,21.07552],[87.03638,21.07383],[87.03665,21.07213],[87.03694,21.07044],[87.03724,21.06875],[87.03756,21.06705],[87.03789,21.06535]]]},"properties":{"Julian_day":"270","Year":2026,"UID":"2026270062","Length":33.3668611101}},{"type":"Feature","geometry":{"type":"MultiLineString","coordinates":[[[87.53163,21.107],[87.53319,21.10674],[87.53474,21.10648],[87.53627,21.1062],[87.5378,21.10592],[87.53932,21.10562],[87.54082,21.10531],[87.54231,21.10499],[87.54379,21.10466],[87.54526,21.10432],[87.54672,21.10397],[87.54817,21.1036],[87.54961,21.10323],[87.55103,21.10284],[87.55245,21.10244],[87.55385,21.10203],[87.55525,21.10161],[87.55663,21.10118],[87.558,21.10074],[87.55936,21.10029],[87.5607,21.09982],[87.56204,21.09934],[87.56337,21.09886],[87.56468,21.09836],[87.56598,21.09785],[87.56727,21.09733],[87.56856,21.0968],[87.56983,21.09626],[87.57108,21.0957],[87.57233,21.09514],[87.57357,21.09456],[87.57479,21.09397],[87.57601,21.09337],[87.57721,21.09276],[87.5784,21.09214],[87.57958,21.09151],[87.58075,21.09087],[87.58191,21.09021],[87.58306,21.08955],[87.58419,21.08887],[87.58532,21.08818],[87.58643,21.08748],[87.58753,21.08677],[87.58862,21.08605],[87.5897,21.08532],[87.59077,21.08458],[87.59183,21.08382],[87.59288,21.08306],[87.59391,21.08228],[87.59494,21.08149],[87.59595,21.08069],[87.59695,21.07988],[87.59794,21.07906],[87.59892,21.07823],[87.59989,21.07738],[87.60085,21.07653],[87.60179,21.07566],[87.60273,21.07478],[87.60365,21.07389],[87.60456,21.073],[87.60547,21.07208],[87.60636,21.07116],[87.60724,21.07023],[87.6081,21.06928],[87.60896,21.06833],[87.60946,21.06776],[87.60996,21.06717],[87.61046,21.06658],[87.61096,21.06598],[87.61145,21.06537],[87.61194,21.06475],[87.61243,21.06412],[87.61292,21.06349],[87.6134,21.06284],[87.61389,21.06219],[87.61484,21.06085],[87.61579,21.05948],[87.61673,21.05807],[87.61766,21.05663],[87.61857,21.05516],[87.61948,21.05365],[87.62038,21.0521],[87.62126,21.05052],[87.62214,21.04891],[87.623,21.04727],[87.62385,21.04559],[87.6247,21.04388],[87.62553,21.04213],[87.62635,21.04036],[87.62715,21.03855],[87.62795,21.03671],[87.62873,21.03484],[87.62949,21.03295],[87.63025,21.03103],[87.63099,21.02908],[87.63171,21.0271],[87.63242,21.0251],[87.63312,21.02308],[87.6338,21.02104],[87.63446,21.01897],[87.6351,21.01689],[87.63573,21.01479],[87.6362,21.01316],[87.63666,21.01152],[87.6371,21.00987],[87.63754,21.00821],[87.63796,21.00654],[87.63836,21.00487],[87.63876,21.00319],[87.63913,21.0015],[87.6395,20.99981],[87.63985,20.99811],[87.64019,20.99642],[87.64051,20.99472],[87.64081,20.99302],[87.64111,20.99133],[87.64138,20.98963],[87.64164,20.98794],[87.64189,20.98625],[87.64212,20.98457],[87.64234,20.98289],[87.64253,20.98121],[87.64272,20.97954],[87.64289,20.97788],[87.64304,20.97623],[87.64317,20.97458],[87.64329,20.97294],[87.6434,20.97131],[87.64349,20.96969],[87.64356,20.96808],[87.64361,20.96647],[87.64365,20.96488],[87.64368,20.9633],[87.64369,20.96173],[87.64368,20.96019],[87.64365,20.95866],[87.64362,20.95714],[87.64356,20.95564],[87.64349,20.95414],[87.6434,20.95267],[87.6433,20.9512],[87.64318,20.94975],[87.64305,20.94831],[87.6429,20.94689],[87.64273,20.94548],[87.64255,20.94408],[87.64236,20.94271],[87.64215,20.94134],[87.64192,20.93999],[87.64168,20.93866],[87.64142,20.93735],[87.64115,20.93605],[87.64086,20.93476],[87.64055,20.93349],[87.64024,20.93224],[87.6399,20.93101],[87.63955,20.92979],[87.63919,20.92859],[87.63881,20.92741],[87.63841,20.92624],[87.638,20.92509],[87.63758,20.92396],[87.63714,20.92285],[87.63668,20.92175],[87.63621,20.92067],[87.63573,20.91961],[87.63522,20.91855],[87.6347,20.91749],[87.63417,20.91644],[87.63363,20.91539],[87.63307,20.91435],[87.63249,20.91331],[87.63191,20.91228],[87.63131,20.91126],[87.63069,20.91024],[87.63007,20.90922],[87.62943,20.90822],[87.62877,20.90722],[87.6281,20.90622],[87.62742,20.90523],[87.62673,20.90425],[87.62602,20.90327],[87.6253,20.9023],[87.62457,20.90133],[87.62382,20.90037],[87.62306,20.89941],[87.62228,20.89846],[87.62149,20.89752],[87.62069,20.89658],[87.61988,20.89565],[87.61905,20.89472],[87.61821,20.8938],[87.61735,20.89289],[87.61648,20.89198],[87.6156,20.89108],[87.6147,20.89018],[87.61379,20.88929],[87.61287,20.8884],[87.61194,20.88752],[87.61099,20.88665],[87.61002,20.88578],[87.60905,20.88491],[87.60806,20.88406],[87.60705,20.88321],[87.60604,20.88236],[87.60501,20.88152],[87.60396,20.88069],[87.6029,20.87986],[87.60183,20.87904],[87.60075,20.87822],[87.59965,20.87741],[87.59854,20.8766],[87.59742,20.8758],[87.59628,20.87501],[87.59513,20.87422],[87.59396,20.87344],[87.59278,20.87267],[87.59159,20.8719],[87.59039,20.87113],[87.58917,20.87037],[87.58794,20.86962],[87.58669,20.86887],[87.58543,20.86813],[87.58416,20.86739],[87.58287,20.86666],[87.58157,20.86594],[87.58026,20.86522],[87.57894,20.86451],[87.5776,20.8638],[87.57624,20.8631]]]},"properties":{"Julian_day":"270","Year":2026,"UID":"2026270063","Length":35.5851652954}},{"type":"Feature","geometry":{"type":"MultiLineString","coordinates":[[[88.53695,21.06535],[88.53971,21.06487],[88.54246,21.06437],[88.5452,21.06384],[88.54793,21.06329],[88.55065,21.06272],[88.55336,21.06213],[88.55606,21.06151],[88.55875,21.06087],[88.56143,21.0602],[88.5641,21.05951],[88.56676,21.0588],[88.56941,21.05807],[88.57205,21.05732],[88.57468,21.05654],[88.57729,21.05573],[88.5799,21.05491],[88.5825,21.05406],[88.58509,21.05319],[88.58766,21.0523],[88.59023,21.05138],[88.59279,21.05044],[88.59533,21.04948],[88.59787,21.04849],[88.60039,21.04748],[88.60291,21.04645],[88.60542,21.0454],[88.60791,21.04432],[88.61039,21.04322],[88.61287,21.04209],[88.61533,21.04095],[88.61779,21.03978],[88.62023,21.03859],[88.62126,21.03807],[88.62231,21.03753],[88.62338,21.03696],[88.62447,21.03637],[88.62558,21.03575],[88.62672,21.03511],[88.62789,21.03442],[88.62911,21.0337],[88.63117,21.03246],[88.63346,21.03104],[88.63564,21.02968],[88.64079,21.02643],[88.64338,21.02481],[88.64464,21.02404],[88.64583,21.02332],[88.64697,21.02264],[88.64806,21.02199],[88.64912,21.02138],[88.65015,21.0208],[88.65116,21.02024],[88.65215,21.0197],[88.65311,21.01919],[88.65406,21.01869],[88.655,21.01822],[88.65592,21.01777],[88.65666,21.01742],[88.65739,21.01707],[88.65813,21.01674],[88.65888,21.01641],[88.65963,21.01609],[88.66038,21.01577],[88.66114,21.01546],[88.6619,21.01516],[88.66267,21.01487],[88.66344,21.01458],[88.66421,21.0143],[88.66499,21.01403],[88.66578,21.01376],[88.66657,21.0135],[88.66736,21.01325],[88.66816,21.01301],[88.66896,21.01277],[88.66977,21.01254],[88.67058,21.01231],[88.6714,21.0121],[88.67222,21.01189],[88.67304,21.01168],[88.67388,21.01149],[88.67471,21.0113],[88.67555,21.01112],[88.6764,21.01094],[88.67725,21.01077],[88.6781,21.01061],[88.67896,21.01045],[88.67983,21.01031],[88.6807,21.01016],[88.68158,21.01003],[88.68246,21.0099],[88.68334,21.00978],[88.68423,21.00967],[88.68513,21.00956],[88.68603,21.00946],[88.68694,21.00936],[88.68785,21.00928],[88.68877,21.0092],[88.69062,21.00906],[88.69249,21.00894],[88.69439,21.00886],[88.69632,21.0088],[88.69826,21.00876],[88.70024,21.00876],[88.70224,21.00878],[88.70426,21.00883],[88.70632,21.0089],[88.7084,21.009],[88.71051,21.00913],[88.71266,21.00929],[88.7144,21.00943],[88.71617,21.00959],[88.71795,21.00977],[88.71976,21.00997],[88.7216,21.01018],[88.72346,21.01042],[88.72535,21.01067],[88.72726,21.01094],[88.72921,21.01122],[88.73118,21.01153],[88.73319,21.01185],[88.73523,21.0122],[88.73732,21.01256],[88.73944,21.01295],[88.74161,21.01335],[88.74383,21.01378],[88.74566,21.01414],[88.74752,21.01451],[88.74943,21.01491],[88.7534,21.01574],[88.75761,21.01666],[88.76172,21.01758],[88.76576,21.0185],[88.76994,21.01946],[88.77949,21.02169],[88.7851,21.02299],[88.79037,21.0242],[88.79417,21.02505],[88.79655,21.02558],[88.799,21.02611],[88.80153,21.02665],[88.80397,21.02716],[88.80633,21.02764],[88.80863,21.02809],[88.81087,21.02852],[88.81305,21.02893],[88.81519,21.02931],[88.8174,21.02969],[88.81967,21.03007],[88.8219,21.03042],[88.82409,21.03075],[88.82623,21.03105],[88.82834,21.03133],[88.8304,21.03158],[88.83244,21.03181],[88.83444,21.03202],[88.83641,21.0322],[88.83835,21.03236],[88.84026,21.0325],[88.84214,21.03261],[88.844,21.0327],[88.84583,21.03277],[88.84763,21.03282],[88.84944,21.03284],[88.85126,21.03284],[88.85305,21.03281],[88.85482,21.03276],[88.85657,21.03268],[88.85829,21.03258],[88.85999,21.03246],[88.86167,21.03231],[88.86332,21.03213],[88.86496,21.03193],[88.86657,21.03171],[88.86817,21.03146],[88.86974,21.03119],[88.8713,21.03089],[88.87283,21.03056],[88.87397,21.0303],[88.87473,21.03012],[88.87547,21.02993],[88.87622,21.02974],[88.87696,21.02954],[88.8777,21.02933],[88.87843,21.02912],[88.87915,21.0289],[88.87988,21.02868],[88.88059,21.02844],[88.88131,21.02821],[88.88202,21.02796],[88.88272,21.02771],[88.88342,21.02745],[88.88412,21.02719],[88.88481,21.02692],[88.88549,21.02664],[88.88618,21.02636],[88.88686,21.02607],[88.88753,21.02577],[88.8882,21.02547],[88.88887,21.02516],[88.88953,21.02484],[88.89019,21.02452],[88.89084,21.02419],[88.89149,21.02386],[88.89213,21.02351],[88.89278,21.02316],[88.89341,21.02281],[88.89405,21.02245],[88.89467,21.02208],[88.8953,21.02171],[88.89592,21.02132],[88.89654,21.02094],[88.89741,21.02037],[88.89855,21.01963],[88.89968,21.01888],[88.90081,21.01812],[88.90194,21.01735],[88.90306,21.01657],[88.90418,21.01578],[88.90529,21.01498],[88.9064,21.01418],[88.90751,21.01336],[88.90861,21.01254],[88.90971,21.0117],[88.91081,21.01086],[88.9119,21.01001],[88.91299,21.00915],[88.91407,21.00828],[88.91515,21.0074],[88.91623,21.00652],[88.9173,21.00562],[88.91837,21.00472],[88.91944,21.0038],[88.9205,21.00288],[88.92156,21.00195],[88.92262,21.00101],[88.92367,21.00006],[88.92472,20.9991],[88.92576,20.99813],[88.9268,20.99715],[88.92784,20.99616],[88.92887,20.99517],[88.9299,20.99416],[88.93093,20.99315],[88.93195,20.99213],[88.93297,20.9911],[88.93399,20.99006],[88.935,20.98901],[88.93601,20.98795],[88.93701,20.98688],[88.93801,20.9858],[88.93901,20.98472],[88.94,20.98362],[88.94099,20.98252],[88.94197,20.98141],[88.94296,20.98029],[88.94393,20.97916],[88.94491,20.97802],[88.94588,20.97687],[88.94685,20.97571],[88.94781,20.97454],[88.94877,20.97337],[88.94973,20.97218],[88.95068,20.97099],[88.95163,20.96979],[88.95257,20.96857],[88.95352,20.96735],[88.95445,20.96612],[88.95539,20.96488],[88.95632,20.96364],[88.95725,20.96238],[88.95817,20.96111],[88.95909,20.95984],[88.96001,20.95855],[88.96092,20.95726],[88.96183,20.95596],[88.96228,20.9553]]]},"properties":{"Julian_day":"270","Year":2026,"UID":"2026270064","Length":49.2842427405}},{"type":"Feature","geometry":{"type":"MultiLineString","coordinates":[[[85.52027,19.39283],[85.52101,19.39277],[85.52175,19.39271],[85.52248,19.39263],[85.52321,19.39255],[85.52394,19.39246],[85.52466,19.39236],[85.52538,19.39225],[85.52609,19.39214],[85.52681,19.39201],[85.52752,19.39188],[85.52822,19.39174],[85.52892,19.3916],[85.52962,19.39144],[85.53031,19.39128],[85.531,19.39111],[85.53169,19.39093],[85.53235,19.39075],[85.533,19.39056],[85.53366,19.39035],[85.53432,19.39014],[85.53498,19.38991],[85.53564,19.38968],[85.5363,19.38943],[85.53696,19.38917],[85.53763,19.3889],[85.53829,19.38862],[85.53895,19.38832],[85.53962,19.38802],[85.54028,19.38771],[85.54095,19.38738],[85.54162,19.38705],[85.54228,19.3867],[85.54294,19.38634],[85.54361,19.38597],[85.54427,19.3856],[85.54493,19.38521],[85.5456,19.38481],[85.54626,19.3844],[85.54691,19.38398],[85.54757,19.38355],[85.54822,19.38311],[85.54888,19.38267],[85.54953,19.38221],[85.55017,19.38174],[85.55082,19.38127],[85.55146,19.38078],[85.5521,19.38029],[85.55273,19.37979],[85.55336,19.37927],[85.554,19.37875],[85.55462,19.37822],[85.55524,19.37768],[85.55586,19.37714],[85.55647,19.37659],[85.55708,19.37603],[85.55768,19.37546],[85.55827,19.37489],[85.55886,19.37431],[85.55945,19.37372],[85.56002,19.37313],[85.56059,19.37253],[85.56115,19.37192],[85.56171,19.37132],[85.56225,19.3707],[85.56279,19.37008],[85.56332,19.36946],[85.56385,19.36884],[85.56436,19.36821],[85.56487,19.36757],[85.56536,19.36694],[85.56585,19.3663],[85.56632,19.36565],[85.56679,19.36501],[85.56725,19.36436],[85.56769,19.36372],[85.56813,19.36307],[85.56855,19.36242],[85.56897,19.36177],[85.56937,19.36112],[85.56976,19.36047],[85.57017,19.35977],[85.57056,19.35904],[85.57095,19.3583],[85.57132,19.35754],[85.57168,19.35677],[85.57203,19.35597],[85.57237,19.35515],[85.57269,19.35431],[85.57301,19.35346],[85.57332,19.35258],[85.57362,19.35167],[85.5739,19.35075],[85.57418,19.3498],[85.57445,19.34882],[85.57471,19.34782],[85.57497,19.34678],[85.57517,19.34591],[85.57537,19.34501],[85.57556,19.34409],[85.57575,19.34314],[85.57594,19.34217],[85.57612,19.34116],[85.57631,19.34011],[85.57649,19.33901],[85.57679,19.33711],[85.57711,19.33498],[85.57741,19.33293],[85.57811,19.32792],[85.57849,19.32532],[85.57869,19.324],[85.57889,19.32277],[85.57909,19.3216],[85.57928,19.3205],[85.57962,19.31868],[85.57999,19.31678],[85.58039,19.31478],[85.58084,19.31265],[85.58132,19.31048],[85.58185,19.30807],[85.58242,19.30555],[85.58405,19.29842],[85.58477,19.29519],[85.58524,19.29305],[85.58571,19.29085],[85.58613,19.28878],[85.58653,19.2868],[85.58693,19.28468],[85.58733,19.28241],[85.58769,19.28023],[85.58786,19.27917],[85.58801,19.27812],[85.58816,19.2771],[85.58829,19.27608],[85.58842,19.27508],[85.58854,19.27409],[85.58865,19.27312],[85.58874,19.27216],[85.58883,19.27121],[85.58891,19.27028],[85.58898,19.26935],[85.58905,19.26828],[85.58911,19.26722],[85.58916,19.26618],[85.58919,19.26515],[85.58921,19.26414],[85.58922,19.26313],[85.58921,19.26214],[85.5892,19.26116],[85.58917,19.26019],[85.58913,19.25923],[85.58907,19.25829],[85.589,19.25735],[85.58892,19.25642],[85.58883,19.25551],[85.58873,19.2546],[85.58861,19.2537],[85.58848,19.25281],[85.58834,19.25194],[85.58818,19.25107],[85.58801,19.2502],[85.58783,19.24935],[85.58764,19.24851],[85.58743,19.24768],[85.58721,19.24685],[85.58698,19.24603],[85.58674,19.24523],[85.58648,19.24443],[85.58621,19.24363],[85.58592,19.24285],[85.58562,19.24207],[85.58531,19.24131],[85.58499,19.24055],[85.58451,19.23946],[85.58399,19.23836],[85.58344,19.23725],[85.58287,19.23613],[85.58226,19.23498],[85.58162,19.23383],[85.58095,19.23266],[85.58025,19.23148],[85.57953,19.23028],[85.57877,19.22907],[85.57798,19.22785],[85.57716,19.22661],[85.57631,19.22535],[85.57542,19.22409],[85.57451,19.22281],[85.57357,19.22151],[85.5732,19.22101],[85.57282,19.22052],[85.57244,19.22003],[85.57205,19.21955],[85.57165,19.21906],[85.57125,19.21858],[85.57083,19.2181],[85.57041,19.21763],[85.56999,19.21715],[85.56955,19.21668],[85.56911,19.21621],[85.5682,19.21528],[85.56726,19.21436],[85.56628,19.21344],[85.56528,19.21254],[85.56424,19.21164],[85.56316,19.21074],[85.56205,19.20985],[85.5609,19.20896],[85.55971,19.20808],[85.55848,19.20719],[85.55732,19.20638],[85.55625,19.20565],[85.55514,19.20491],[85.55399,19.20417],[85.5528,19.20342],[85.55157,19.20267],[85.5503,19.20189],[85.54896,19.2011],[85.54769,19.20036],[85.54648,19.19967],[85.54522,19.19895],[85.54315,19.1978],[85.54049,19.19633],[85.53562,19.19368],[85.53272,19.19209],[85.53091,19.19108],[85.52909,19.19005],[85.52725,19.189],[85.52553,19.18799],[85.52391,19.18702],[85.52266,19.18625],[85.52176,19.18569],[85.52089,19.18513],[85.52003,19.18457],[85.5192,19.18402],[85.51838,19.18347],[85.51758,19.18293],[85.5168,19.18238],[85.51603,19.18184],[85.51528,19.18129],[85.51454,19.18074],[85.51382,19.1802],[85.51312,19.17965],[85.51242,19.1791],[85.51175,19.17855],[85.51108,19.178],[85.50995,19.17705],[85.50836,19.17569],[85.50678,19.17432],[85.5052,19.17294],[85.50363,19.17155],[85.50206,19.17015],[85.50051,19.16875],[85.49896,19.16734],[85.49742,19.16592],[85.49588,19.16449],[85.49435,19.16305],[85.49283,19.16161],[85.49131,19.16015],[85.48981,19.15869],[85.4883,19.15722],[85.48681,19.15574],[85.48532,19.15425],[85.48384,19.15276],[85.48237,19.15125],[85.4809,19.14974],[85.47944,19.14822],[85.47799,19.14669],[85.47655,19.14516],[85.47511,19.14361],[85.47368,19.14206],[85.47225,19.14049],[85.47083,19.13892],[85.46942,19.13735],[85.46802,19.13576],[85.46662,19.13416],[85.46523,19.13256],[85.46385,19.13095],[85.46316,19.13014]]]},"properties":{"Julian_day":"270","Year":2026,"UID":"2026270065","Length":38.0892395742}},{"type":"Feature","geometry":{"type":"MultiLineString","coordinates":[[[87.40183,20.70582],[87.40165,20.70383],[87.40145,20.70186],[87.40123,20.69989],[87.40099,20.69793],[87.40074,20.69598],[87.40046,20.69403],[87.40017,20.6921],[87.39986,20.69017],[87.39953,20.68825],[87.39919,20.68634],[87.39882,20.68444],[87.39844,20.68254],[87.39804,20.68065],[87.39762,20.67878],[87.39718,20.6769],[87.39673,20.67504],[87.39625,20.67319],[87.39576,20.67134],[87.39525,20.6695],[87.39472,20.66767],[87.39418,20.66585],[87.39361,20.66403],[87.39303,20.66223],[87.39243,20.66043],[87.39181,20.65864],[87.39117,20.65686],[87.39051,20.65508],[87.38984,20.65332],[87.38914,20.65156],[87.38843,20.64981],[87.3877,20.64807],[87.38696,20.64633],[87.38662,20.64558],[87.38627,20.64482],[87.38591,20.64406],[87.38554,20.6433],[87.38515,20.64253],[87.38475,20.64177],[87.38434,20.64099],[87.38391,20.64022],[87.38347,20.63944],[87.38301,20.63865],[87.38254,20.63786],[87.38206,20.63706],[87.38156,20.63625],[87.38104,20.63544],[87.38051,20.63462],[87.37996,20.63378],[87.3794,20.63296],[87.37884,20.63213],[87.37825,20.63129],[87.37764,20.63043],[87.37701,20.62955],[87.37567,20.62772],[87.37429,20.62589],[87.37286,20.624],[87.37132,20.62203],[87.36747,20.61711],[87.36556,20.61468],[87.36436,20.61312],[87.36314,20.61152],[87.36191,20.60987],[87.36076,20.60831],[87.35968,20.60681],[87.35885,20.60563],[87.35824,20.60474],[87.35764,20.60386],[87.35707,20.60299],[87.35651,20.60214],[87.35598,20.60129],[87.35546,20.60046],[87.35495,20.59963],[87.35446,20.59881],[87.35399,20.59799],[87.35353,20.59718],[87.35309,20.59637],[87.35266,20.59557],[87.35224,20.59477],[87.35184,20.59398],[87.35145,20.59319],[87.35096,20.59214],[87.35035,20.59084],[87.34975,20.58954],[87.34916,20.58823],[87.34858,20.58692],[87.34801,20.58561],[87.34744,20.5843],[87.34689,20.58299],[87.34634,20.58167],[87.3458,20.58036],[87.34528,20.57904],[87.34476,20.57772],[87.34425,20.57641],[87.34375,20.57509],[87.34326,20.57378],[87.34279,20.57247],[87.34232,20.57115],[87.34186,20.56984],[87.34141,20.56854],[87.34097,20.56723],[87.34055,20.56592],[87.34013,20.56462],[87.33972,20.56332],[87.33933,20.56203],[87.33894,20.56073],[87.33857,20.55944],[87.3382,20.55816],[87.33785,20.55687],[87.33751,20.5556],[87.33717,20.55432],[87.33685,20.55305],[87.33654,20.55178],[87.33562,20.54789],[87.33448,20.54298],[87.33398,20.5408],[87.33351,20.53869],[87.33306,20.53667],[87.33264,20.53473],[87.33225,20.53284],[87.33186,20.53095],[87.33149,20.52911],[87.33114,20.52732],[87.33081,20.52556],[87.3305,20.52383],[87.3302,20.52214],[87.32992,20.52048],[87.32966,20.51884],[87.32941,20.51718],[87.32917,20.51555],[87.32895,20.51394],[87.32875,20.51236],[87.32856,20.5108],[87.32839,20.50926],[87.32824,20.50774],[87.3281,20.50624],[87.32798,20.50476],[87.32788,20.5033],[87.32779,20.50186],[87.32771,20.50044],[87.32766,20.49904],[87.32762,20.49765],[87.32759,20.49628],[87.32759,20.49493],[87.32759,20.49356],[87.32762,20.4922],[87.32766,20.49086],[87.32772,20.48954],[87.3278,20.48824],[87.32789,20.48695],[87.328,20.48568],[87.32813,20.48443],[87.32828,20.48319],[87.32844,20.48196],[87.32862,20.48076],[87.32882,20.47957],[87.32903,20.47839],[87.32926,20.47723],[87.32951,20.47609],[87.32977,20.47496],[87.33006,20.47385],[87.33036,20.47275],[87.33068,20.47167],[87.33101,20.4706],[87.33136,20.46955],[87.33173,20.46851],[87.33212,20.46749],[87.33253,20.46648],[87.33295,20.46548],[87.33339,20.46451],[87.33384,20.46354],[87.33432,20.4626],[87.33481,20.46166],[87.33532,20.46074],[87.33585,20.45984],[87.33639,20.45895],[87.33722,20.45766],[87.33806,20.45638],[87.33893,20.45512],[87.33982,20.45387],[87.34072,20.45264],[87.34164,20.45144],[87.34257,20.45026],[87.34351,20.44911],[87.34446,20.44799],[87.34542,20.4469],[87.34639,20.44585],[87.34736,20.44482],[87.34833,20.44384],[87.34931,20.44289],[87.35004,20.4422],[87.35053,20.44175],[87.35102,20.44132],[87.35158,20.44083],[87.35221,20.4403],[87.35285,20.43977],[87.35351,20.43924],[87.35419,20.43872],[87.35487,20.43821],[87.35558,20.43769],[87.35629,20.43719],[87.35702,20.43668],[87.35776,20.43619],[87.35852,20.43569],[87.35929,20.4352],[87.36007,20.43472],[87.36087,20.43424],[87.36168,20.43376],[87.36251,20.43329],[87.36334,20.43283],[87.3642,20.43237],[87.36506,20.43191],[87.36594,20.43146],[87.36683,20.43101],[87.36774,20.43057],[87.36866,20.43013],[87.36959,20.4297],[87.37053,20.42928],[87.37149,20.42885],[87.37246,20.42844],[87.37345,20.42802],[87.37444,20.42762],[87.37545,20.42721],[87.37648,20.42682],[87.37751,20.42643],[87.37847,20.42607],[87.37935,20.42576],[87.38024,20.42547],[87.38114,20.42518],[87.38206,20.4249],[87.383,20.42464],[87.38395,20.42438],[87.38492,20.42414],[87.3859,20.4239],[87.3869,20.42367],[87.38792,20.42346],[87.38896,20.42325],[87.39002,20.42305],[87.3911,20.42286],[87.3922,20.42268],[87.39333,20.42251],[87.39443,20.42235],[87.39549,20.42221],[87.39657,20.42207],[87.39769,20.42194],[87.39883,20.42182],[87.40001,20.4217],[87.40123,20.42158],[87.40249,20.42147],[87.40421,20.42133],[87.40649,20.42116],[87.40887,20.42099],[87.41454,20.42063],[87.41807,20.4204],[87.41967,20.42028],[87.42388,20.41996],[87.431,20.41938],[87.43565,20.41901],[87.43896,20.41877],[87.44144,20.4186],[87.44378,20.41846],[87.44601,20.41833],[87.44829,20.41822],[87.45063,20.41813],[87.45288,20.41806],[87.45506,20.41802],[87.45717,20.418],[87.45923,20.418],[87.46122,20.41803],[87.46317,20.41809],[87.46463,20.41815],[87.46564,20.4182],[87.46663,20.41825],[87.46761,20.41832],[87.46858,20.41839],[87.46953,20.41847],[87.47048,20.41855],[87.47141,20.41864],[87.47233,20.41874],[87.47324,20.41885],[87.47414,20.41897],[87.47503,20.41909],[87.47591,20.41922],[87.47677,20.41936],[87.47763,20.4195],[87.47848,20.41965],[87.47931,20.41981],[87.48014,20.41998],[87.48096,20.42015],[87.48176,20.42033],[87.48256,20.42052],[87.48335,20.42072],[87.48413,20.42093],[87.48489,20.42114],[87.48565,20.42136],[87.4864,20.42159],[87.48714,20.42182],[87.48788,20.42207],[87.4886,20.42232],[87.48931,20.42258],[87.49002,20.42284],[87.49071,20.42312],[87.49135,20.42338],[87.49192,20.42362],[87.49248,20.42388],[87.49305,20.42415],[87.49361,20.42443],[87.49417,20.42472],[87.49473,20.42503],[87.49529,20.42534],[87.49584,20.42567],[87.49639,20.42601],[87.49694,20.42636],[87.49748,20.42672],[87.49803,20.42709],[87.49857,20.42747],[87.49911,20.42787],[87.49965,20.42828],[87.50018,20.4287],[87.50072,20.42913],[87.50125,20.42957],[87.50178,20.43002],[87.50231,20.43049],[87.50284,20.43097],[87.50336,20.43146],[87.50389,20.43197],[87.50441,20.43248],[87.50494,20.43301],[87.50546,20.43356],[87.50599,20.43411],[87.50651,20.43468],[87.50703,20.43526],[87.50756,20.43586],[87.50808,20.43647],[87.50882,20.43735],[87.50977,20.43853],[87.51073,20.43976],[87.5117,20.44105],[87.51268,20.44239],[87.51367,20.44379],[87.51467,20.44526],[87.5157,20.4468],[87.51669,20.44831],[87.51764,20.44981],[87.51863,20.45138],[87.51966,20.45307],[87.52069,20.45476],[87.52172,20.45647],[87.52336,20.45924],[87.52621,20.46407],[87.52783,20.46679],[87.52911,20.46892],[87.52991,20.47023],[87.53068,20.47147],[87.53151,20.47279],[87.53239,20.47418],[87.53326,20.47551],[87.5341,20.47679],[87.53493,20.47802],[87.53575,20.4792],[87.53656,20.48035],[87.53736,20.48145],[87.53825,20.48265],[87.53923,20.48393],[87.54021,20.48515],[87.54118,20.48633],[87.54215,20.48747],[87.54287,20.48829],[87.54336,20.48883],[87.54384,20.48935],[87.54433,20.48986],[87.54482,20.49037],[87.5453,20.49086],[87.54579,20.49134],[87.54628,20.49182],[87.54677,20.49228],[87.54726,20.49274],[87.54775,20.49318],[87.54825,20.49362],[87.54874,20.49404],[87.54924,20.49446],[87.54973,20.49486],[87.55023,20.49526],[87.55073,20.49565],[87.55124,20.49603],[87.55174,20.4964],[87.55225,20.49676],[87.55275,20.49711],[87.55326,20.49745],[87.55407,20.49797],[87.55518,20.49868],[87.55629,20.49938],[87.55741,20.50006],[87.55854,20.50074],[87.55967,20.50141],[87.56081,20.50207],[87.56195,20.50272],[87.56311,20.50337],[87.56426,20.504],[87.56543,20.50462],[87.5666,20.50523],[87.56777,20.50584],[87.56896,20.50643],[87.57014,20.50702],[87.57134,20.5076],[87.57254,20.50816],[87.57375,20.50872],[87.57496,20.50927],[87.57618,20.50981],[87.57741,20.51034],[87.57864,20.51086],[87.57988,20.51137],[87.58112,20.51187],[87.58238,20.51237],[87.58363,20.51285],[87.5849,20.51332],[87.58617,20.51379],[87.58744,20.51424],[87.58873,20.51469],[87.59001,20.51513],[87.59131,20.51555],[87.59261,20.51597],[87.59392,20.51638],[87.59523,20.51678],[87.59655,20.51717],[87.59788,20.51755],[87.59921,20.51792],[87.60055,20.51829],[87.60189,20.51864],[87.60325,20.51898],[87.6046,20.51932],[87.60597,20.51964],[87.60734,20.51996],[87.60871,20.52027],[87.6101,20.52056],[87.61148,20.52085],[87.61288,20.52113],[87.61428,20.5214],[87.61569,20.52166],[87.6171,20.52191],[87.61852,20.52215],[87.61995,20.52238],[87.62138,20.52261],[87.62282,20.52282],[87.62427,20.52302],[87.62572,20.52322],[87.62717,20.5234],[87.62864,20.52358],[87.63011,20.52375],[87.63158,20.52391],[87.63307,20.52405],[87.63456,20.52419],[87.63605,20.52432],[87.6368,20.52438]]]},"properties":{"Julian_day":"270","Year":2026,"UID":"2026270066","Length":66.7775786635}}]}