{"type":"FeatureCollection","source":"https://incois.gov.in/geoserver/PFZ_LandingCentres/ows?service=WFS&version=1.0.0&request=GetFeature&typeName=PFZ_LandingCentres%3ALandingCenters_29Apr2024&outputFormat=application%2Fjson&srsName=EPSG%3A4326","generatedAt":"2026-08-28T14:15:40.902Z","features":[{"type":"Feature","geometry":{"type":"Point","coordinates":[72.7,19.72]},"properties":{"SECTOR_NAM":"MAHARASHTRA","SECTOR_ID":"SEC002","DIST_NAME":"Thane","LC_NAME":"Satpati","LONGITUDE":72.7,"LATITUDE":19.72,"FORECAST_D":"2024-04-27T18:30:00Z","VALIDITY_D":"2024-04-28T18:30:00Z","STATUS":"YES"}},{"type":"Feature","geometry":{"type":"Point","coordinates":[72.77,19.37]},"properties":{"SECTOR_NAM":"MAHARASHTRA","SECTOR_ID":"SEC002","DIST_NAME":"Thane","LC_NAME":"Rangaon","LONGITUDE":72.77,"LATITUDE":19.37,"FORECAST_D":"2024-04-27T18:30:00Z","VALIDITY_D":"2024-04-28T18:30:00Z","STATUS":"YES"}},{"type":"Feature","geometry":{"type":"Point","coordinates":[73.63,15.84]},"properties":{"SECTOR_NAM":"MAHARASHTRA","SECTOR_ID":"SEC002","DIST_NAME":"Sindhudurg","LC_NAME":"MuthUbhadanda","LONGITUDE":73.63,"LATITUDE":15.84,"FORECAST_D":"2024-04-27T18:30:00Z","VALIDITY_D":"2024-04-28T18:30:00Z","STATUS":"YES"}},{"type":"Feature","geometry":{"type":"Point","coordinates":[72.75,19.51]},"properties":{"SECTOR_NAM":"MAHARASHTRA","SECTOR_ID":"SEC002","DIST_NAME":"Thane","LC_NAME":"Datiware","LONGITUDE":72.75,"LATITUDE":19.51,"FORECAST_D":"2024-04-27T18:30:00Z","VALIDITY_D":"2024-04-28T18:30:00Z","STATUS":"YES"}},{"type":"Feature","geometry":{"type":"Point","coordinates":[72.66,19.84]},"properties":{"SECTOR_NAM":"MAHARASHTRA","SECTOR_ID":"SEC002","DIST_NAME":"Thane","LC_NAME":"Tarapur Pt","LONGITUDE":72.66,"LATITUDE":19.84,"FORECAST_D":"2024-04-27T18:30:00Z","VALIDITY_D":"2024-04-28T18:30:00Z","STATUS":"YES"}},{"type":"Feature","geometry":{"type":"Point","coordinates":[72.73,19.53]},"properties":{"SECTOR_NAM":"MAHARASHTRA","SECTOR_ID":"SEC002","DIST_NAME":"Thane","LC_NAME":"Edavan/Kore","LONGITUDE":72.73,"LATITUDE":19.53,"FORECAST_D":"2024-04-27T18:30:00Z","VALIDITY_D":"2024-04-28T18:30:00Z","STATUS":"YES"}},{"type":"Feature","geometry":{"type":"Point","coordinates":[72.75,19.46]},"properties":{"SECTOR_NAM":"MAHARASHTRA","SECTOR_ID":"SEC002","DIST_NAME":"Thane","LC_NAME":"Tembhi","LONGITUDE":72.75,"LATITUDE":19.46,"FORECAST_D":"2024-04-27T18:30:00Z","VALIDITY_D":"2024-04-28T18:30:00Z","STATUS":"YES"}},{"type":"Feature","geometry":{"type":"Point","coordinates":[73.62,15.85]},"properties":{"SECTOR_NAM":"MAHARASHTRA","SECTOR_ID":"SEC002","DIST_NAME":"Sindhudurg","LC_NAME":"Vengurla","LONGITUDE":73.62,"LATITUDE":15.85,"FORECAST_D":"2024-04-27T18:30:00Z","VALIDITY_D":"2024-04-28T18:30:00Z","STATUS":"YES"}},{"type":"Feature","geometry":{"type":"Point","coordinates":[72.81,18.99]},"properties":{"SECTOR_NAM":"MAHARASHTRA","SECTOR_ID":"SEC002","DIST_NAME":"Mumbai","LC_NAME":"Worli-Lotus","LONGITUDE":72.81,"LATITUDE":18.99,"FORECAST_D":"2024-04-27T18:30:00Z","VALIDITY_D":"2024-04-28T18:30:00Z","STATUS":"YES"}},{"type":"Feature","geometry":{"type":"Point","coordinates":[72.9,18.6]},"properties":{"SECTOR_NAM":"MAHARASHTRA","SECTOR_ID":"SEC002","DIST_NAME":"Raigarh","LC_NAME":"Nagaon","LONGITUDE":72.9,"LATITUDE":18.6,"FORECAST_D":"2024-04-27T18:30:00Z","VALIDITY_D":"2024-04-28T18:30:00Z","STATUS":"YES"}},{"type":"Feature","geometry":{"type":"Point","coordinates":[72.92,18.55]},"properties":{"SECTOR_NAM":"MAHARASHTRA","SECTOR_ID":"SEC002","DIST_NAME":"Raigarh","LC_NAME":"Rewdanda","LONGITUDE":72.92,"LATITUDE":18.55,"FORECAST_D":"2024-04-27T18:30:00Z","VALIDITY_D":"2024-04-28T18:30:00Z","STATUS":"YES"}},{"type":"Feature","geometry":{"type":"Point","coordinates":[73.33,16.69]},"properties":{"SECTOR_NAM":"MAHARASHTRA","SECTOR_ID":"SEC002","DIST_NAME":"Ratnagiri","LC_NAME":"Wada Vetye","LONGITUDE":73.33,"LATITUDE":16.69,"FORECAST_D":"2024-04-27T18:30:00Z","VALIDITY_D":"2024-04-28T18:30:00Z","STATUS":"YES"}},{"type":"Feature","geometry":{"type":"Point","coordinates":[73.32,16.89]},"properties":{"SECTOR_NAM":"MAHARASHTRA","SECTOR_ID":"SEC002","DIST_NAME":"Ratnagiri","LC_NAME":"Golap-Pawas","LONGITUDE":73.32,"LATITUDE":16.89,"FORECAST_D":"2024-04-27T18:30:00Z","VALIDITY_D":"2024-04-28T18:30:00Z","STATUS":"YES"}},{"type":"Feature","geometry":{"type":"Point","coordinates":[73.09,17.83]},"properties":{"SECTOR_NAM":"MAHARASHTRA","SECTOR_ID":"SEC002","DIST_NAME":"Ratnagiri","LC_NAME":"Paj","LONGITUDE":73.09,"LATITUDE":17.83,"FORECAST_D":"2024-04-27T18:30:00Z","VALIDITY_D":"2024-04-28T18:30:00Z","STATUS":"YES"}},{"type":"Feature","geometry":{"type":"Point","coordinates":[73.34,16.83]},"properties":{"SECTOR_NAM":"MAHARASHTRA","SECTOR_ID":"SEC002","DIST_NAME":"Ratnagiri","LC_NAME":"Mavlanga","LONGITUDE":73.34,"LATITUDE":16.83,"FORECAST_D":"2024-04-27T18:30:00Z","VALIDITY_D":"2024-04-28T18:30:00Z","STATUS":"YES"}},{"type":"Feature","geometry":{"type":"Point","coordinates":[72.86,18.68]},"properties":{"SECTOR_NAM":"MAHARASHTRA","SECTOR_ID":"SEC002","DIST_NAME":"Raigarh","LC_NAME":"Thal","LONGITUDE":72.86,"LATITUDE":18.68,"FORECAST_D":"2024-04-27T18:30:00Z","VALIDITY_D":"2024-04-28T18:30:00Z","STATUS":"YES"}},{"type":"Feature","geometry":{"type":"Point","coordinates":[72.68,19.81]},"properties":{"SECTOR_NAM":"MAHARASHTRA","SECTOR_ID":"SEC002","DIST_NAME":"Thane","LC_NAME":"PokharanDandi/Uchheli","LONGITUDE":72.68,"LATITUDE":19.81,"FORECAST_D":"2024-04-27T18:30:00Z","VALIDITY_D":"2024-04-28T18:30:00Z","STATUS":"YES"}},{"type":"Feature","geometry":{"type":"Point","coordinates":[72.97,18.31]},"properties":{"SECTOR_NAM":"MAHARASHTRA","SECTOR_ID":"SEC002","DIST_NAME":"Raigarh","LC_NAME":"Rajpuri","LONGITUDE":72.97,"LATITUDE":18.31,"FORECAST_D":"2024-04-27T18:30:00Z","VALIDITY_D":"2024-04-28T18:30:00Z","STATUS":"YES"}},{"type":"Feature","geometry":{"type":"Point","coordinates":[73.01,18.81]},"properties":{"SECTOR_NAM":"MAHARASHTRA","SECTOR_ID":"SEC002","DIST_NAME":"Raigarh","LC_NAME":"Waredi","LONGITUDE":73.01,"LATITUDE":18.81,"FORECAST_D":"2024-04-27T18:30:00Z","VALIDITY_D":"2024-04-28T18:30:00Z","STATUS":"YES"}},{"type":"Feature","geometry":{"type":"Point","coordinates":[73.54,15.94]},"properties":{"SECTOR_NAM":"MAHARASHTRA","SECTOR_ID":"SEC002","DIST_NAME":"Sindhudurg","LC_NAME":"Khavana","LONGITUDE":73.54,"LATITUDE":15.94,"FORECAST_D":"2024-04-27T18:30:00Z","VALIDITY_D":"2024-04-28T18:30:00Z","STATUS":"YES"}},{"type":"Feature","geometry":{"type":"Point","coordinates":[72.81,19.33]},"properties":{"SECTOR_NAM":"MAHARASHTRA","SECTOR_ID":"SEC002","DIST_NAME":"Thane","LC_NAME":"Vasai(Pachubandar)","LONGITUDE":72.81,"LATITUDE":19.33,"FORECAST_D":"2024-04-27T18:30:00Z","VALIDITY_D":"2024-04-28T18:30:00Z","STATUS":"YES"}},{"type":"Feature","geometry":{"type":"Point","coordinates":[73.29,16.86]},"properties":{"SECTOR_NAM":"MAHARASHTRA","SECTOR_ID":"SEC002","DIST_NAME":"Ratnagiri","LC_NAME":"Purnagad","LONGITUDE":73.29,"LATITUDE":16.86,"FORECAST_D":"2024-04-27T18:30:00Z","VALIDITY_D":"2024-04-28T18:30:00Z","STATUS":"YES"}},{"type":"Feature","geometry":{"type":"Point","coordinates":[72.67,19.86]},"properties":{"SECTOR_NAM":"MAHARASHTRA","SECTOR_ID":"SEC002","DIST_NAME":"Thane","LC_NAME":"Kambode","LONGITUDE":72.67,"LATITUDE":19.86,"FORECAST_D":"2024-04-27T18:30:00Z","VALIDITY_D":"2024-04-28T18:30:00Z","STATUS":"YES"}},{"type":"Feature","geometry":{"type":"Point","coordinates":[72.93,18.54]},"properties":{"SECTOR_NAM":"MAHARASHTRA","SECTOR_ID":"SEC002","DIST_NAME":"Raigarh","LC_NAME":"Salav","LONGITUDE":72.93,"LATITUDE":18.54,"FORECAST_D":"2024-04-27T18:30:00Z","VALIDITY_D":"2024-04-28T18:30:00Z","STATUS":"YES"}},{"type":"Feature","geometry":{"type":"Point","coordinates":[73.4,16.62]},"properties":{"SECTOR_NAM":"MAHARASHTRA","SECTOR_ID":"SEC002","DIST_NAME":"Ratnagiri","LC_NAME":"Padve","LONGITUDE":73.4,"LATITUDE":16.62,"FORECAST_D":"2024-04-27T18:30:00Z","VALIDITY_D":"2024-04-28T18:30:00Z","STATUS":"YES"}},{"type":"Feature","geometry":{"type":"Point","coordinates":[73.22,17.35]},"properties":{"SECTOR_NAM":"MAHARASHTRA","SECTOR_ID":"SEC002","DIST_NAME":"Ratnagiri","LC_NAME":"Hedvi","LONGITUDE":73.22,"LATITUDE":17.35,"FORECAST_D":"2024-04-27T18:30:00Z","VALIDITY_D":"2024-04-28T18:30:00Z","STATUS":"YES"}},{"type":"Feature","geometry":{"type":"Point","coordinates":[72.79,19.34]},"properties":{"SECTOR_NAM":"MAHARASHTRA","SECTOR_ID":"SEC002","DIST_NAME":"Thane","LC_NAME":"MulgaonDanda","LONGITUDE":72.79,"LATITUDE":19.34,"FORECAST_D":"2024-04-27T18:30:00Z","VALIDITY_D":"2024-04-28T18:30:00Z","STATUS":"YES"}},{"type":"Feature","geometry":{"type":"Point","coordinates":[73.59,15.91]},"properties":{"SECTOR_NAM":"MAHARASHTRA","SECTOR_ID":"SEC002","DIST_NAME":"Sindhudurg","LC_NAME":"Mobar-Bhogave","LONGITUDE":73.59,"LATITUDE":15.91,"FORECAST_D":"2024-04-27T18:30:00Z","VALIDITY_D":"2024-04-28T18:30:00Z","STATUS":"YES"}},{"type":"Feature","geometry":{"type":"Point","coordinates":[73.49,16.01]},"properties":{"SECTOR_NAM":"MAHARASHTRA","SECTOR_ID":"SEC002","DIST_NAME":"Sindhudurg","LC_NAME":"Deobag","LONGITUDE":73.49,"LATITUDE":16.01,"FORECAST_D":"2024-04-27T18:30:00Z","VALIDITY_D":"2024-04-28T18:30:00Z","STATUS":"YES"}},{"type":"Feature","geometry":{"type":"Point","coordinates":[72.86,18.71]},"properties":{"SECTOR_NAM":"MAHARASHTRA","SECTOR_ID":"SEC002","DIST_NAME":"Raigarh","LC_NAME":"Navgaon","LONGITUDE":72.86,"LATITUDE":18.71,"FORECAST_D":"2024-04-27T18:30:00Z","VALIDITY_D":"2024-04-28T18:30:00Z","STATUS":"YES"}},{"type":"Feature","geometry":{"type":"Point","coordinates":[73.03,17.96]},"properties":{"SECTOR_NAM":"MAHARASHTRA","SECTOR_ID":"SEC002","DIST_NAME":"Ratnagiri","LC_NAME":"Velas","LONGITUDE":73.03,"LATITUDE":17.96,"FORECAST_D":"2024-04-27T18:30:00Z","VALIDITY_D":"2024-04-28T18:30:00Z","STATUS":"YES"}},{"type":"Feature","geometry":{"type":"Point","coordinates":[72.79,19.14]},"properties":{"SECTOR_NAM":"MAHARASHTRA","SECTOR_ID":"SEC002","DIST_NAME":"Mumbai Suburban","LC_NAME":"Patwadi","LONGITUDE":72.79,"LATITUDE":19.14,"FORECAST_D":"2024-04-27T18:30:00Z","VALIDITY_D":"2024-04-28T18:30:00Z","STATUS":"YES"}},{"type":"Feature","geometry":{"type":"Point","coordinates":[72.73,20.08]},"properties":{"SECTOR_NAM":"MAHARASHTRA","SECTOR_ID":"SEC002","DIST_NAME":"Thane","LC_NAME":"Gholvad","LONGITUDE":72.73,"LATITUDE":20.08,"FORECAST_D":"2024-04-27T18:30:00Z","VALIDITY_D":"2024-04-28T18:30:00Z","STATUS":"YES"}},{"type":"Feature","geometry":{"type":"Point","coordinates":[73.22,17.3]},"properties":{"SECTOR_NAM":"MAHARASHTRA","SECTOR_ID":"SEC002","DIST_NAME":"Ratnagiri","LC_NAME":"SakharJaigad","LONGITUDE":73.22,"LATITUDE":17.3,"FORECAST_D":"2024-04-27T18:30:00Z","VALIDITY_D":"2024-04-28T18:30:00Z","STATUS":"YES"}},{"type":"Feature","geometry":{"type":"Point","coordinates":[72.69,19.79]},"properties":{"SECTOR_NAM":"MAHARASHTRA","SECTOR_ID":"SEC002","DIST_NAME":"Thane","LC_NAME":"Navapur (Ucheli Cr)","LONGITUDE":72.69,"LATITUDE":19.79,"FORECAST_D":"2024-04-27T18:30:00Z","VALIDITY_D":"2024-04-28T18:30:00Z","STATUS":"YES"}},{"type":"Feature","geometry":{"type":"Point","coordinates":[72.78,19.21]},"properties":{"SECTOR_NAM":"MAHARASHTRA","SECTOR_ID":"SEC002","DIST_NAME":"Mumbai Suburban","LC_NAME":"Manori","LONGITUDE":72.78,"LATITUDE":19.21,"FORECAST_D":"2024-04-27T18:30:00Z","VALIDITY_D":"2024-04-28T18:30:00Z","STATUS":"YES"}},{"type":"Feature","geometry":{"type":"Point","coordinates":[73.28,17]},"properties":{"SECTOR_NAM":"MAHARASHTRA","SECTOR_ID":"SEC002","DIST_NAME":"Ratnagiri","LC_NAME":"Mirkarwada","LONGITUDE":73.28,"LATITUDE":17,"FORECAST_D":"2024-04-27T18:30:00Z","VALIDITY_D":"2024-04-28T18:30:00Z","STATUS":"YES"}},{"type":"Feature","geometry":{"type":"Point","coordinates":[72.82,19.07]},"properties":{"SECTOR_NAM":"MAHARASHTRA","SECTOR_ID":"SEC002","DIST_NAME":"Mumbai Suburban","LC_NAME":"Uarashi Rf","LONGITUDE":72.82,"LATITUDE":19.07,"FORECAST_D":"2024-04-27T18:30:00Z","VALIDITY_D":"2024-04-28T18:30:00Z","STATUS":"YES"}},{"type":"Feature","geometry":{"type":"Point","coordinates":[73.09,17.85]},"properties":{"SECTOR_NAM":"MAHARASHTRA","SECTOR_ID":"SEC002","DIST_NAME":"Ratnagiri","LC_NAME":"Anjarle","LONGITUDE":73.09,"LATITUDE":17.85,"FORECAST_D":"2024-04-27T18:30:00Z","VALIDITY_D":"2024-04-28T18:30:00Z","STATUS":"YES"}},{"type":"Feature","geometry":{"type":"Point","coordinates":[73.39,16.33]},"properties":{"SECTOR_NAM":"MAHARASHTRA","SECTOR_ID":"SEC002","DIST_NAME":"Sindhudurg","LC_NAME":"Kunkeshwar/Katvan","LONGITUDE":73.39,"LATITUDE":16.33,"FORECAST_D":"2024-04-27T18:30:00Z","VALIDITY_D":"2024-04-28T18:30:00Z","STATUS":"YES"}},{"type":"Feature","geometry":{"type":"Point","coordinates":[72.86,18.79]},"properties":{"SECTOR_NAM":"MAHARASHTRA","SECTOR_ID":"SEC002","DIST_NAME":"Raigarh","LC_NAME":"Sasawane","LONGITUDE":72.86,"LATITUDE":18.79,"FORECAST_D":"2024-04-27T18:30:00Z","VALIDITY_D":"2024-04-28T18:30:00Z","STATUS":"YES"}},{"type":"Feature","geometry":{"type":"Point","coordinates":[73.34,16.64]},"properties":{"SECTOR_NAM":"MAHARASHTRA","SECTOR_ID":"SEC002","DIST_NAME":"Ratnagiri","LC_NAME":"PhansePadawane","LONGITUDE":73.34,"LATITUDE":16.64,"FORECAST_D":"2024-04-27T18:30:00Z","VALIDITY_D":"2024-04-28T18:30:00Z","STATUS":"YES"}},{"type":"Feature","geometry":{"type":"Point","coordinates":[73.19,17.48]},"properties":{"SECTOR_NAM":"MAHARASHTRA","SECTOR_ID":"SEC002","DIST_NAME":"Ratnagiri","LC_NAME":"Guhagar","LONGITUDE":73.19,"LATITUDE":17.48,"FORECAST_D":"2024-04-27T18:30:00Z","VALIDITY_D":"2024-04-28T18:30:00Z","STATUS":"YES"}},{"type":"Feature","geometry":{"type":"Point","coordinates":[72.72,19.59]},"properties":{"SECTOR_NAM":"MAHARASHTRA","SECTOR_ID":"SEC002","DIST_NAME":"Thane","LC_NAME":"Danda","LONGITUDE":72.72,"LATITUDE":19.59,"FORECAST_D":"2024-04-27T18:30:00Z","VALIDITY_D":"2024-04-28T18:30:00Z","STATUS":"YES"}},{"type":"Feature","geometry":{"type":"Point","coordinates":[72.81,18.89]},"properties":{"SECTOR_NAM":"MAHARASHTRA","SECTOR_ID":"SEC002","DIST_NAME":"Mumbai","LC_NAME":"Colaba Pt.(Mumbai)","LONGITUDE":72.81,"LATITUDE":18.89,"FORECAST_D":"2024-04-27T18:30:00Z","VALIDITY_D":"2024-04-28T18:30:00Z","STATUS":"YES"}},{"type":"Feature","geometry":{"type":"Point","coordinates":[73.19,17.3]},"properties":{"SECTOR_NAM":"MAHARASHTRA","SECTOR_ID":"SEC002","DIST_NAME":"Ratnagiri","LC_NAME":"Jaigarh Head","LONGITUDE":73.19,"LATITUDE":17.3,"FORECAST_D":"2024-04-27T18:30:00Z","VALIDITY_D":"2024-04-28T18:30:00Z","STATUS":"YES"}},{"type":"Feature","geometry":{"type":"Point","coordinates":[73.14,17.56]},"properties":{"SECTOR_NAM":"MAHARASHTRA","SECTOR_ID":"SEC002","DIST_NAME":"Ratnagiri","LC_NAME":"Tolkeshwar Pt","LONGITUDE":73.14,"LATITUDE":17.56,"FORECAST_D":"2024-04-27T18:30:00Z","VALIDITY_D":"2024-04-28T18:30:00Z","STATUS":"YES"}},{"type":"Feature","geometry":{"type":"Point","coordinates":[73.1,18.16]},"properties":{"SECTOR_NAM":"MAHARASHTRA","SECTOR_ID":"SEC002","DIST_NAME":"Raigarh","LC_NAME":"Pabhare","LONGITUDE":73.1,"LATITUDE":18.16,"FORECAST_D":"2024-04-27T18:30:00Z","VALIDITY_D":"2024-04-28T18:30:00Z","STATUS":"YES"}},{"type":"Feature","geometry":{"type":"Point","coordinates":[72.82,18.92]},"properties":{"SECTOR_NAM":"MAHARASHTRA","SECTOR_ID":"SEC002","DIST_NAME":"Mumbai","LC_NAME":"CuffPared","LONGITUDE":72.82,"LATITUDE":18.92,"FORECAST_D":"2024-04-27T18:30:00Z","VALIDITY_D":"2024-04-28T18:30:00Z","STATUS":"YES"}},{"type":"Feature","geometry":{"type":"Point","coordinates":[73.21,17.37]},"properties":{"SECTOR_NAM":"MAHARASHTRA","SECTOR_ID":"SEC002","DIST_NAME":"Ratnagiri","LC_NAME":"Welneshwar","LONGITUDE":73.21,"LATITUDE":17.37,"FORECAST_D":"2024-04-27T18:30:00Z","VALIDITY_D":"2024-04-28T18:30:00Z","STATUS":"YES"}},{"type":"Feature","geometry":{"type":"Point","coordinates":[72.71,19.67]},"properties":{"SECTOR_NAM":"MAHARASHTRA","SECTOR_ID":"SEC002","DIST_NAME":"Thane","LC_NAME":"Vadarai","LONGITUDE":72.71,"LATITUDE":19.67,"FORECAST_D":"2024-04-27T18:30:00Z","VALIDITY_D":"2024-04-28T18:30:00Z","STATUS":"YES"}},{"type":"Feature","geometry":{"type":"Point","coordinates":[73.62,15.85]},"properties":{"SECTOR_NAM":"MAHARASHTRA","SECTOR_ID":"SEC002","DIST_NAME":"Sindhudurg","LC_NAME":"Dabhoswada/Navabag","LONGITUDE":73.62,"LATITUDE":15.85,"FORECAST_D":"2024-04-27T18:30:00Z","VALIDITY_D":"2024-04-28T18:30:00Z","STATUS":"YES"}},{"type":"Feature","geometry":{"type":"Point","coordinates":[73.27,16.99]},"properties":{"SECTOR_NAM":"MAHARASHTRA","SECTOR_ID":"SEC002","DIST_NAME":"Ratnagiri","LC_NAME":"Ratnagiri","LONGITUDE":73.27,"LATITUDE":16.99,"FORECAST_D":"2024-04-27T18:30:00Z","VALIDITY_D":"2024-04-28T18:30:00Z","STATUS":"YES"}},{"type":"Feature","geometry":{"type":"Point","coordinates":[72.92,18.87]},"properties":{"SECTOR_NAM":"MAHARASHTRA","SECTOR_ID":"SEC002","DIST_NAME":"Raigarh","LC_NAME":"Uran","LONGITUDE":72.92,"LATITUDE":18.87,"FORECAST_D":"2024-04-27T18:30:00Z","VALIDITY_D":"2024-04-28T18:30:00Z","STATUS":"YES"}},{"type":"Feature","geometry":{"type":"Point","coordinates":[72.99,18.28]},"properties":{"SECTOR_NAM":"MAHARASHTRA","SECTOR_ID":"SEC002","DIST_NAME":"Raigarh","LC_NAME":"Agardanda","LONGITUDE":72.99,"LATITUDE":18.28,"FORECAST_D":"2024-04-27T18:30:00Z","VALIDITY_D":"2024-04-28T18:30:00Z","STATUS":"YES"}},{"type":"Feature","geometry":{"type":"Point","coordinates":[73.4,16.41]},"properties":{"SECTOR_NAM":"MAHARASHTRA","SECTOR_ID":"SEC002","DIST_NAME":"Sindhudurg","LC_NAME":"Wadatar/Malai","LONGITUDE":73.4,"LATITUDE":16.41,"FORECAST_D":"2024-04-27T18:30:00Z","VALIDITY_D":"2024-04-28T18:30:00Z","STATUS":"YES"}},{"type":"Feature","geometry":{"type":"Point","coordinates":[73.07,18.17]},"properties":{"SECTOR_NAM":"MAHARASHTRA","SECTOR_ID":"SEC002","DIST_NAME":"Raigarh","LC_NAME":"Kharsai","LONGITUDE":73.07,"LATITUDE":18.17,"FORECAST_D":"2024-04-27T18:30:00Z","VALIDITY_D":"2024-04-28T18:30:00Z","STATUS":"YES"}},{"type":"Feature","geometry":{"type":"Point","coordinates":[72.71,19.7]},"properties":{"SECTOR_NAM":"MAHARASHTRA","SECTOR_ID":"SEC002","DIST_NAME":"Thane","LC_NAME":"Shirgaon","LONGITUDE":72.71,"LATITUDE":19.7,"FORECAST_D":"2024-04-27T18:30:00Z","VALIDITY_D":"2024-04-28T18:30:00Z","STATUS":"YES"}},{"type":"Feature","geometry":{"type":"Point","coordinates":[72.83,19.33]},"properties":{"SECTOR_NAM":"MAHARASHTRA","SECTOR_ID":"SEC002","DIST_NAME":"Thane","LC_NAME":"Khochiwade","LONGITUDE":72.83,"LATITUDE":19.33,"FORECAST_D":"2024-04-27T18:30:00Z","VALIDITY_D":"2024-04-28T18:30:00Z","STATUS":"YES"}},{"type":"Feature","geometry":{"type":"Point","coordinates":[73.32,16.6]},"properties":{"SECTOR_NAM":"MAHARASHTRA","SECTOR_ID":"SEC002","DIST_NAME":"Ratnagiri","LC_NAME":"Wagapur Pt","LONGITUDE":73.32,"LATITUDE":16.6,"FORECAST_D":"2024-04-27T18:30:00Z","VALIDITY_D":"2024-04-28T18:30:00Z","STATUS":"YES"}},{"type":"Feature","geometry":{"type":"Point","coordinates":[73.19,17.44]},"properties":{"SECTOR_NAM":"MAHARASHTRA","SECTOR_ID":"SEC002","DIST_NAME":"Ratnagiri","LC_NAME":"Palshet","LONGITUDE":73.19,"LATITUDE":17.44,"FORECAST_D":"2024-04-27T18:30:00Z","VALIDITY_D":"2024-04-28T18:30:00Z","STATUS":"YES"}},{"type":"Feature","geometry":{"type":"Point","coordinates":[73.13,17.7]},"properties":{"SECTOR_NAM":"MAHARASHTRA","SECTOR_ID":"SEC002","DIST_NAME":"Ratnagiri","LC_NAME":"Burondi","LONGITUDE":73.13,"LATITUDE":17.7,"FORECAST_D":"2024-04-27T18:30:00Z","VALIDITY_D":"2024-04-28T18:30:00Z","STATUS":"YES"}},{"type":"Feature","geometry":{"type":"Point","coordinates":[73.76,15.35]},"properties":{"SECTOR_NAM":"GOA","SECTOR_ID":"SEC003","DIST_NAME":"South Goa","LC_NAME":"Santerem Pt (Vasco)","LONGITUDE":73.76,"LATITUDE":15.35,"FORECAST_D":"2024-04-27T18:30:00Z","VALIDITY_D":"2024-04-28T18:30:00Z","STATUS":"YES"}},{"type":"Feature","geometry":{"type":"Point","coordinates":[73.94,15.21]},"properties":{"SECTOR_NAM":"GOA","SECTOR_ID":"SEC003","DIST_NAME":"South Goa","LC_NAME":"Fatarde","LONGITUDE":73.94,"LATITUDE":15.21,"FORECAST_D":"2024-04-27T18:30:00Z","VALIDITY_D":"2024-04-28T18:30:00Z","STATUS":"YES"}},{"type":"Feature","geometry":{"type":"Point","coordinates":[73.9,15.31]},"properties":{"SECTOR_NAM":"GOA","SECTOR_ID":"SEC003","DIST_NAME":"South Goa","LC_NAME":"Majorde","LONGITUDE":73.9,"LATITUDE":15.31,"FORECAST_D":"2024-04-27T18:30:00Z","VALIDITY_D":"2024-04-28T18:30:00Z","STATUS":"YES"}},{"type":"Feature","geometry":{"type":"Point","coordinates":[73.94,15.14]},"properties":{"SECTOR_NAM":"GOA","SECTOR_ID":"SEC003","DIST_NAME":"South Goa","LC_NAME":"Betul","LONGITUDE":73.94,"LATITUDE":15.14,"FORECAST_D":"2024-04-27T18:30:00Z","VALIDITY_D":"2024-04-28T18:30:00Z","STATUS":"YES"}},{"type":"Feature","geometry":{"type":"Point","coordinates":[74.04,14.98]},"properties":{"SECTOR_NAM":"GOA","SECTOR_ID":"SEC003","DIST_NAME":"South Goa","LC_NAME":"Talpona","LONGITUDE":74.04,"LATITUDE":14.98,"FORECAST_D":"2024-04-27T18:30:00Z","VALIDITY_D":"2024-04-28T18:30:00Z","STATUS":"YES"}},{"type":"Feature","geometry":{"type":"Point","coordinates":[73.73,15.59]},"properties":{"SECTOR_NAM":"GOA","SECTOR_ID":"SEC003","DIST_NAME":"North Goa","LC_NAME":"Chapora","LONGITUDE":73.73,"LATITUDE":15.59,"FORECAST_D":"2024-04-27T18:30:00Z","VALIDITY_D":"2024-04-28T18:30:00Z","STATUS":"YES"}},{"type":"Feature","geometry":{"type":"Point","coordinates":[74.05,14.96]},"properties":{"SECTOR_NAM":"GOA","SECTOR_ID":"SEC003","DIST_NAME":"South Goa","LC_NAME":"Kolamb","LONGITUDE":74.05,"LATITUDE":14.96,"FORECAST_D":"2024-04-27T18:30:00Z","VALIDITY_D":"2024-04-28T18:30:00Z","STATUS":"YES"}},{"type":"Feature","geometry":{"type":"Point","coordinates":[73.92,15.09]},"properties":{"SECTOR_NAM":"GOA","SECTOR_ID":"SEC003","DIST_NAME":"South Goa","LC_NAME":"Cutbona","LONGITUDE":73.92,"LATITUDE":15.09,"FORECAST_D":"2024-04-27T18:30:00Z","VALIDITY_D":"2024-04-28T18:30:00Z","STATUS":"YES"}},{"type":"Feature","geometry":{"type":"Point","coordinates":[73.82,15.49]},"properties":{"SECTOR_NAM":"GOA","SECTOR_ID":"SEC003","DIST_NAME":"North Goa","LC_NAME":"Panaji (Malim)","LONGITUDE":73.82,"LATITUDE":15.49,"FORECAST_D":"2024-04-27T18:30:00Z","VALIDITY_D":"2024-04-28T18:30:00Z","STATUS":"YES"}},{"type":"Feature","geometry":{"type":"Point","coordinates":[73.77,15.49]},"properties":{"SECTOR_NAM":"GOA","SECTOR_ID":"SEC003","DIST_NAME":"North Goa","LC_NAME":"Aguada","LONGITUDE":73.77,"LATITUDE":15.49,"FORECAST_D":"2024-04-27T18:30:00Z","VALIDITY_D":"2024-04-28T18:30:00Z","STATUS":"YES"}},{"type":"Feature","geometry":{"type":"Point","coordinates":[74.79,13]},"properties":{"SECTOR_NAM":"KARNATAKA","SECTOR_ID":"SEC004","DIST_NAME":"Dakshina Kannada","LC_NAME":"Suratakal Pt","LONGITUDE":74.79,"LATITUDE":13,"FORECAST_D":"2024-04-27T18:30:00Z","VALIDITY_D":"2024-04-28T18:30:00Z","STATUS":"YES"}},{"type":"Feature","geometry":{"type":"Point","coordinates":[74.26,14.71]},"properties":{"SECTOR_NAM":"KARNATAKA","SECTOR_ID":"SEC004","DIST_NAME":"Uttara Kannada","LC_NAME":"Belekeri","LONGITUDE":74.26,"LATITUDE":14.71,"FORECAST_D":"2024-04-27T18:30:00Z","VALIDITY_D":"2024-04-28T18:30:00Z","STATUS":"YES"}},{"type":"Feature","geometry":{"type":"Point","coordinates":[74.72,13.3]},"properties":{"SECTOR_NAM":"KARNATAKA","SECTOR_ID":"SEC004","DIST_NAME":"Udupi","LC_NAME":"Udiyavara","LONGITUDE":74.72,"LATITUDE":13.3,"FORECAST_D":"2024-04-27T18:30:00Z","VALIDITY_D":"2024-04-28T18:30:00Z","STATUS":"YES"}},{"type":"Feature","geometry":{"type":"Point","coordinates":[74.82,12.93]},"properties":{"SECTOR_NAM":"KARNATAKA","SECTOR_ID":"SEC004","DIST_NAME":"Dakshina Kannada","LC_NAME":"New Mangalore","LONGITUDE":74.82,"LATITUDE":12.93,"FORECAST_D":"2024-04-27T18:30:00Z","VALIDITY_D":"2024-04-28T18:30:00Z","STATUS":"YES"}},{"type":"Feature","geometry":{"type":"Point","coordinates":[74.78,13.08]},"properties":{"SECTOR_NAM":"KARNATAKA","SECTOR_ID":"SEC004","DIST_NAME":"Dakshina Kannada","LC_NAME":"Mulki","LONGITUDE":74.78,"LATITUDE":13.08,"FORECAST_D":"2024-04-27T18:30:00Z","VALIDITY_D":"2024-04-28T18:30:00Z","STATUS":"YES"}},{"type":"Feature","geometry":{"type":"Point","coordinates":[74.69,13.51]},"properties":{"SECTOR_NAM":"KARNATAKA","SECTOR_ID":"SEC004","DIST_NAME":"Udupi","LC_NAME":"Kota","LONGITUDE":74.69,"LATITUDE":13.51,"FORECAST_D":"2024-04-27T18:30:00Z","VALIDITY_D":"2024-04-28T18:30:00Z","STATUS":"YES"}},{"type":"Feature","geometry":{"type":"Point","coordinates":[74.51,14.03]},"properties":{"SECTOR_NAM":"KARNATAKA","SECTOR_ID":"SEC004","DIST_NAME":"Uttara Kannada","LC_NAME":"Shirali","LONGITUDE":74.51,"LATITUDE":14.03,"FORECAST_D":"2024-04-27T18:30:00Z","VALIDITY_D":"2024-04-28T18:30:00Z","STATUS":"YES"}},{"type":"Feature","geometry":{"type":"Point","coordinates":[74.3,14.59]},"properties":{"SECTOR_NAM":"KARNATAKA","SECTOR_ID":"SEC004","DIST_NAME":"Uttara Kannada","LC_NAME":"Gangavali","LONGITUDE":74.3,"LATITUDE":14.59,"FORECAST_D":"2024-04-27T18:30:00Z","VALIDITY_D":"2024-04-28T18:30:00Z","STATUS":"YES"}},{"type":"Feature","geometry":{"type":"Point","coordinates":[73.68,15.73]},"properties":{"SECTOR_NAM":"MAHARASHTRA","SECTOR_ID":"SEC002","DIST_NAME":"Sindhudurg","LC_NAME":"Terekhol","LONGITUDE":73.68,"LATITUDE":15.73,"FORECAST_D":"2024-04-27T18:30:00Z","VALIDITY_D":"2024-04-28T18:30:00Z","STATUS":"YES"}},{"type":"Feature","geometry":{"type":"Point","coordinates":[73.19,17.47]},"properties":{"SECTOR_NAM":"MAHARASHTRA","SECTOR_ID":"SEC002","DIST_NAME":"Ratnagiri","LC_NAME":"Sakhar-Hedvi","LONGITUDE":73.19,"LATITUDE":17.47,"FORECAST_D":"2024-04-27T18:30:00Z","VALIDITY_D":"2024-04-28T18:30:00Z","STATUS":"YES"}},{"type":"Feature","geometry":{"type":"Point","coordinates":[73.14,17.55]},"properties":{"SECTOR_NAM":"MAHARASHTRA","SECTOR_ID":"SEC002","DIST_NAME":"Ratnagiri","LC_NAME":"Anjanvel","LONGITUDE":73.14,"LATITUDE":17.55,"FORECAST_D":"2024-04-27T18:30:00Z","VALIDITY_D":"2024-04-28T18:30:00Z","STATUS":"YES"}},{"type":"Feature","geometry":{"type":"Point","coordinates":[72.86,18.76]},"properties":{"SECTOR_NAM":"MAHARASHTRA","SECTOR_ID":"SEC002","DIST_NAME":"Raigarh","LC_NAME":"Avas","LONGITUDE":72.86,"LATITUDE":18.76,"FORECAST_D":"2024-04-27T18:30:00Z","VALIDITY_D":"2024-04-28T18:30:00Z","STATUS":"YES"}},{"type":"Feature","geometry":{"type":"Point","coordinates":[72.91,18.52]},"properties":{"SECTOR_NAM":"MAHARASHTRA","SECTOR_ID":"SEC002","DIST_NAME":"Raigarh","LC_NAME":"Korlai","LONGITUDE":72.91,"LATITUDE":18.52,"FORECAST_D":"2024-04-27T18:30:00Z","VALIDITY_D":"2024-04-28T18:30:00Z","STATUS":"YES"}},{"type":"Feature","geometry":{"type":"Point","coordinates":[72.84,19.04]},"properties":{"SECTOR_NAM":"MAHARASHTRA","SECTOR_ID":"SEC002","DIST_NAME":"Mumbai","LC_NAME":"Mahim","LONGITUDE":72.84,"LATITUDE":19.04,"FORECAST_D":"2024-04-27T18:30:00Z","VALIDITY_D":"2024-04-28T18:30:00Z","STATUS":"YES"}},{"type":"Feature","geometry":{"type":"Point","coordinates":[72.87,18.64]},"properties":{"SECTOR_NAM":"MAHARASHTRA","SECTOR_ID":"SEC002","DIST_NAME":"Raigarh","LC_NAME":"Alibag","LONGITUDE":72.87,"LATITUDE":18.64,"FORECAST_D":"2024-04-27T18:30:00Z","VALIDITY_D":"2024-04-28T18:30:00Z","STATUS":"YES"}},{"type":"Feature","geometry":{"type":"Point","coordinates":[72.96,18.32]},"properties":{"SECTOR_NAM":"MAHARASHTRA","SECTOR_ID":"SEC002","DIST_NAME":"Raigarh","LC_NAME":"Ekdara","LONGITUDE":72.96,"LATITUDE":18.32,"FORECAST_D":"2024-04-27T18:30:00Z","VALIDITY_D":"2024-04-28T18:30:00Z","STATUS":"YES"}},{"type":"Feature","geometry":{"type":"Point","coordinates":[73.61,15.88]},"properties":{"SECTOR_NAM":"MAHARASHTRA","SECTOR_ID":"SEC002","DIST_NAME":"Sindhudurg","LC_NAME":"Khanoli-Wayangani","LONGITUDE":73.61,"LATITUDE":15.88,"FORECAST_D":"2024-04-27T18:30:00Z","VALIDITY_D":"2024-04-28T18:30:00Z","STATUS":"YES"}},{"type":"Feature","geometry":{"type":"Point","coordinates":[72.93,18.82]},"properties":{"SECTOR_NAM":"MAHARASHTRA","SECTOR_ID":"SEC002","DIST_NAME":"Raigarh","LC_NAME":"Karanja Uran","LONGITUDE":72.93,"LATITUDE":18.82,"FORECAST_D":"2024-04-27T18:30:00Z","VALIDITY_D":"2024-04-28T18:30:00Z","STATUS":"YES"}},{"type":"Feature","geometry":{"type":"Point","coordinates":[73.38,16.36]},"properties":{"SECTOR_NAM":"MAHARASHTRA","SECTOR_ID":"SEC002","DIST_NAME":"Sindhudurg","LC_NAME":"Mithmumbri/Taramumbari","LONGITUDE":73.38,"LATITUDE":16.36,"FORECAST_D":"2024-04-27T18:30:00Z","VALIDITY_D":"2024-04-28T18:30:00Z","STATUS":"YES"}},{"type":"Feature","geometry":{"type":"Point","coordinates":[72.98,18.24]},"properties":{"SECTOR_NAM":"MAHARASHTRA","SECTOR_ID":"SEC002","DIST_NAME":"Raigarh","LC_NAME":"Kudgaon","LONGITUDE":72.98,"LATITUDE":18.24,"FORECAST_D":"2024-04-27T18:30:00Z","VALIDITY_D":"2024-04-28T18:30:00Z","STATUS":"YES"}},{"type":"Feature","geometry":{"type":"Point","coordinates":[72.83,19.08]},"properties":{"SECTOR_NAM":"MAHARASHTRA","SECTOR_ID":"SEC002","DIST_NAME":"Mumbai Suburban","LC_NAME":"KharDanda","LONGITUDE":72.83,"LATITUDE":19.08,"FORECAST_D":"2024-04-27T18:30:00Z","VALIDITY_D":"2024-04-28T18:30:00Z","STATUS":"YES"}},{"type":"Feature","geometry":{"type":"Point","coordinates":[72.91,18.51]},"properties":{"SECTOR_NAM":"MAHARASHTRA","SECTOR_ID":"SEC002","DIST_NAME":"Raigarh","LC_NAME":"Borli-Mandla","LONGITUDE":72.91,"LATITUDE":18.51,"FORECAST_D":"2024-04-27T18:30:00Z","VALIDITY_D":"2024-04-28T18:30:00Z","STATUS":"YES"}},{"type":"Feature","geometry":{"type":"Point","coordinates":[73.06,17.89]},"properties":{"SECTOR_NAM":"MAHARASHTRA","SECTOR_ID":"SEC002","DIST_NAME":"Ratnagiri","LC_NAME":"AadeUttambar","LONGITUDE":73.06,"LATITUDE":17.89,"FORECAST_D":"2024-04-27T18:30:00Z","VALIDITY_D":"2024-04-28T18:30:00Z","STATUS":"YES"}},{"type":"Feature","geometry":{"type":"Point","coordinates":[73.1,17.81]},"properties":{"SECTOR_NAM":"MAHARASHTRA","SECTOR_ID":"SEC002","DIST_NAME":"Ratnagiri","LC_NAME":"Harne","LONGITUDE":73.1,"LATITUDE":17.81,"FORECAST_D":"2024-04-27T18:30:00Z","VALIDITY_D":"2024-04-28T18:30:00Z","STATUS":"YES"}},{"type":"Feature","geometry":{"type":"Point","coordinates":[73.37,16.39]},"properties":{"SECTOR_NAM":"MAHARASHTRA","SECTOR_ID":"SEC002","DIST_NAME":"Sindhudurg","LC_NAME":"Devgarh","LONGITUDE":73.37,"LATITUDE":16.39,"FORECAST_D":"2024-04-27T18:30:00Z","VALIDITY_D":"2024-04-28T18:30:00Z","STATUS":"YES"}},{"type":"Feature","geometry":{"type":"Point","coordinates":[72.91,18.58]},"properties":{"SECTOR_NAM":"MAHARASHTRA","SECTOR_ID":"SEC002","DIST_NAME":"Raigarh","LC_NAME":"Theronda","LONGITUDE":72.91,"LATITUDE":18.58,"FORECAST_D":"2024-04-27T18:30:00Z","VALIDITY_D":"2024-04-28T18:30:00Z","STATUS":"YES"}},{"type":"Feature","geometry":{"type":"Point","coordinates":[73.27,17.15]},"properties":{"SECTOR_NAM":"MAHARASHTRA","SECTOR_ID":"SEC002","DIST_NAME":"Ratnagiri","LC_NAME":"MTDC","LONGITUDE":73.27,"LATITUDE":17.15,"FORECAST_D":"2024-04-27T18:30:00Z","VALIDITY_D":"2024-04-28T18:30:00Z","STATUS":"YES"}},{"type":"Feature","geometry":{"type":"Point","coordinates":[73.17,17.58]},"properties":{"SECTOR_NAM":"MAHARASHTRA","SECTOR_ID":"SEC002","DIST_NAME":"Ratnagiri","LC_NAME":"Dabhol","LONGITUDE":73.17,"LATITUDE":17.58,"FORECAST_D":"2024-04-27T18:30:00Z","VALIDITY_D":"2024-04-28T18:30:00Z","STATUS":"YES"}},{"type":"Feature","geometry":{"type":"Point","coordinates":[73.19,17.47]},"properties":{"SECTOR_NAM":"MAHARASHTRA","SECTOR_ID":"SEC002","DIST_NAME":"Ratnagiri","LC_NAME":"Asgoli","LONGITUDE":73.19,"LATITUDE":17.47,"FORECAST_D":"2024-04-27T18:30:00Z","VALIDITY_D":"2024-04-28T18:30:00Z","STATUS":"YES"}},{"type":"Feature","geometry":{"type":"Point","coordinates":[72.81,19]},"properties":{"SECTOR_NAM":"MAHARASHTRA","SECTOR_ID":"SEC002","DIST_NAME":"Mumbai","LC_NAME":"Worli","LONGITUDE":72.81,"LATITUDE":19,"FORECAST_D":"2024-04-27T18:30:00Z","VALIDITY_D":"2024-04-28T18:30:00Z","STATUS":"YES"}},{"type":"Feature","geometry":{"type":"Point","coordinates":[72.75,19.45]},"properties":{"SECTOR_NAM":"MAHARASHTRA","SECTOR_ID":"SEC002","DIST_NAME":"Thane","LC_NAME":"Arnalapada","LONGITUDE":72.75,"LATITUDE":19.45,"FORECAST_D":"2024-04-27T18:30:00Z","VALIDITY_D":"2024-04-28T18:30:00Z","STATUS":"YES"}},{"type":"Feature","geometry":{"type":"Point","coordinates":[73.3,16.81]},"properties":{"SECTOR_NAM":"MAHARASHTRA","SECTOR_ID":"SEC002","DIST_NAME":"Ratnagiri","LC_NAME":"Purangad","LONGITUDE":73.3,"LATITUDE":16.81,"FORECAST_D":"2024-04-27T18:30:00Z","VALIDITY_D":"2024-04-28T18:30:00Z","STATUS":"YES"}},{"type":"Feature","geometry":{"type":"Point","coordinates":[72.74,19.6]},"properties":{"SECTOR_NAM":"MAHARASHTRA","SECTOR_ID":"SEC002","DIST_NAME":"Thane","LC_NAME":"Mahim Cr","LONGITUDE":72.74,"LATITUDE":19.6,"FORECAST_D":"2024-04-27T18:30:00Z","VALIDITY_D":"2024-04-28T18:30:00Z","STATUS":"YES"}},{"type":"Feature","geometry":{"type":"Point","coordinates":[73.66,15.74]},"properties":{"SECTOR_NAM":"MAHARASHTRA","SECTOR_ID":"SEC002","DIST_NAME":"Sindhudurg","LC_NAME":"Redi","LONGITUDE":73.66,"LATITUDE":15.74,"FORECAST_D":"2024-04-27T18:30:00Z","VALIDITY_D":"2024-04-28T18:30:00Z","STATUS":"YES"}},{"type":"Feature","geometry":{"type":"Point","coordinates":[73.3,16.98]},"properties":{"SECTOR_NAM":"MAHARASHTRA","SECTOR_ID":"SEC002","DIST_NAME":"Ratnagiri","LC_NAME":"Rajiwada-Kerla","LONGITUDE":73.3,"LATITUDE":16.98,"FORECAST_D":"2024-04-27T18:30:00Z","VALIDITY_D":"2024-04-28T18:30:00Z","STATUS":"YES"}},{"type":"Feature","geometry":{"type":"Point","coordinates":[72.68,19.91]},"properties":{"SECTOR_NAM":"MAHARASHTRA","SECTOR_ID":"SEC002","DIST_NAME":"Thane","LC_NAME":"Varor","LONGITUDE":72.68,"LATITUDE":19.91,"FORECAST_D":"2024-04-27T18:30:00Z","VALIDITY_D":"2024-04-28T18:30:00Z","STATUS":"YES"}},{"type":"Feature","geometry":{"type":"Point","coordinates":[72.73,19.62]},"properties":{"SECTOR_NAM":"MAHARASHTRA","SECTOR_ID":"SEC002","DIST_NAME":"Thane","LC_NAME":"Kelwane","LONGITUDE":72.73,"LATITUDE":19.62,"FORECAST_D":"2024-04-27T18:30:00Z","VALIDITY_D":"2024-04-28T18:30:00Z","STATUS":"YES"}},{"type":"Feature","geometry":{"type":"Point","coordinates":[73.4,16.59]},"properties":{"SECTOR_NAM":"MAHARASHTRA","SECTOR_ID":"SEC002","DIST_NAME":"Ratnagiri","LC_NAME":"Sakhar-Akshi","LONGITUDE":73.4,"LATITUDE":16.59,"FORECAST_D":"2024-04-27T18:30:00Z","VALIDITY_D":"2024-04-28T18:30:00Z","STATUS":"YES"}},{"type":"Feature","geometry":{"type":"Point","coordinates":[72.82,19.06]},"properties":{"SECTOR_NAM":"MAHARASHTRA","SECTOR_ID":"SEC002","DIST_NAME":"Mumbai Suburban","LC_NAME":"Chimbai","LONGITUDE":72.82,"LATITUDE":19.06,"FORECAST_D":"2024-04-27T18:30:00Z","VALIDITY_D":"2024-04-28T18:30:00Z","STATUS":"YES"}},{"type":"Feature","geometry":{"type":"Point","coordinates":[73.04,17.98]},"properties":{"SECTOR_NAM":"MAHARASHTRA","SECTOR_ID":"SEC002","DIST_NAME":"Ratnagiri","LC_NAME":"Veshawi-Bankot","LONGITUDE":73.04,"LATITUDE":17.98,"FORECAST_D":"2024-04-27T18:30:00Z","VALIDITY_D":"2024-04-28T18:30:00Z","STATUS":"YES"}},{"type":"Feature","geometry":{"type":"Point","coordinates":[72.99,18.17]},"properties":{"SECTOR_NAM":"MAHARASHTRA","SECTOR_ID":"SEC002","DIST_NAME":"Raigarh","LC_NAME":"Diveagar","LONGITUDE":72.99,"LATITUDE":18.17,"FORECAST_D":"2024-04-27T18:30:00Z","VALIDITY_D":"2024-04-28T18:30:00Z","STATUS":"YES"}},{"type":"Feature","geometry":{"type":"Point","coordinates":[72.72,19.98]},"properties":{"SECTOR_NAM":"MAHARASHTRA","SECTOR_ID":"SEC002","DIST_NAME":"Thane","LC_NAME":"Dahanu","LONGITUDE":72.72,"LATITUDE":19.98,"FORECAST_D":"2024-04-27T18:30:00Z","VALIDITY_D":"2024-04-28T18:30:00Z","STATUS":"YES"}},{"type":"Feature","geometry":{"type":"Point","coordinates":[73.31,16.74]},"properties":{"SECTOR_NAM":"MAHARASHTRA","SECTOR_ID":"SEC002","DIST_NAME":"Ratnagiri","LC_NAME":"Bokarwadi","LONGITUDE":73.31,"LATITUDE":16.74,"FORECAST_D":"2024-04-27T18:30:00Z","VALIDITY_D":"2024-04-28T18:30:00Z","STATUS":"YES"}},{"type":"Feature","geometry":{"type":"Point","coordinates":[72.78,19.16]},"properties":{"SECTOR_NAM":"MAHARASHTRA","SECTOR_ID":"SEC002","DIST_NAME":"Mumbai Suburban","LC_NAME":"Madh","LONGITUDE":72.78,"LATITUDE":19.16,"FORECAST_D":"2024-04-27T18:30:00Z","VALIDITY_D":"2024-04-28T18:30:00Z","STATUS":"YES"}},{"type":"Feature","geometry":{"type":"Point","coordinates":[73.48,16.04]},"properties":{"SECTOR_NAM":"MAHARASHTRA","SECTOR_ID":"SEC002","DIST_NAME":"Sindhudurg","LC_NAME":"Tarkarli/Kalethar","LONGITUDE":73.48,"LATITUDE":16.04,"FORECAST_D":"2024-04-27T18:30:00Z","VALIDITY_D":"2024-04-28T18:30:00Z","STATUS":"YES"}},{"type":"Feature","geometry":{"type":"Point","coordinates":[72.73,19.47]},"properties":{"SECTOR_NAM":"MAHARASHTRA","SECTOR_ID":"SEC002","DIST_NAME":"Thane","LC_NAME":"Arnala","LONGITUDE":72.73,"LATITUDE":19.47,"FORECAST_D":"2024-04-27T18:30:00Z","VALIDITY_D":"2024-04-28T18:30:00Z","STATUS":"YES"}},{"type":"Feature","geometry":{"type":"Point","coordinates":[73.58,15.91]},"properties":{"SECTOR_NAM":"MAHARASHTRA","SECTOR_ID":"SEC002","DIST_NAME":"Sindhudurg","LC_NAME":"Kelus","LONGITUDE":73.58,"LATITUDE":15.91,"FORECAST_D":"2024-04-27T18:30:00Z","VALIDITY_D":"2024-04-28T18:30:00Z","STATUS":"YES"}},{"type":"Feature","geometry":{"type":"Point","coordinates":[72.78,19.24]},"properties":{"SECTOR_NAM":"MAHARASHTRA","SECTOR_ID":"SEC002","DIST_NAME":"Mumbai Suburban","LC_NAME":"Gorai","LONGITUDE":72.78,"LATITUDE":19.24,"FORECAST_D":"2024-04-27T18:30:00Z","VALIDITY_D":"2024-04-28T18:30:00Z","STATUS":"YES"}},{"type":"Feature","geometry":{"type":"Point","coordinates":[73.36,16.53]},"properties":{"SECTOR_NAM":"MAHARASHTRA","SECTOR_ID":"SEC002","DIST_NAME":"Ratnagiri","LC_NAME":"Jambhari","LONGITUDE":73.36,"LATITUDE":16.53,"FORECAST_D":"2024-04-27T18:30:00Z","VALIDITY_D":"2024-04-28T18:30:00Z","STATUS":"YES"}},{"type":"Feature","geometry":{"type":"Point","coordinates":[72.79,19.28]},"properties":{"SECTOR_NAM":"MAHARASHTRA","SECTOR_ID":"SEC002","DIST_NAME":"Thane","LC_NAME":"Dongri","LONGITUDE":72.79,"LATITUDE":19.28,"FORECAST_D":"2024-04-27T18:30:00Z","VALIDITY_D":"2024-04-28T18:30:00Z","STATUS":"YES"}},{"type":"Feature","geometry":{"type":"Point","coordinates":[73.25,17.2]},"properties":{"SECTOR_NAM":"MAHARASHTRA","SECTOR_ID":"SEC002","DIST_NAME":"Ratnagiri","LC_NAME":"Varawade","LONGITUDE":73.25,"LATITUDE":17.2,"FORECAST_D":"2024-04-27T18:30:00Z","VALIDITY_D":"2024-04-28T18:30:00Z","STATUS":"YES"}},{"type":"Feature","geometry":{"type":"Point","coordinates":[72.86,18.66]},"properties":{"SECTOR_NAM":"MAHARASHTRA","SECTOR_ID":"SEC002","DIST_NAME":"Raigarh","LC_NAME":"VarsoliChalmala","LONGITUDE":72.86,"LATITUDE":18.66,"FORECAST_D":"2024-04-27T18:30:00Z","VALIDITY_D":"2024-04-28T18:30:00Z","STATUS":"YES"}},{"type":"Feature","geometry":{"type":"Point","coordinates":[73.42,16.29]},"properties":{"SECTOR_NAM":"MAHARASHTRA","SECTOR_ID":"SEC002","DIST_NAME":"Sindhudurg","LC_NAME":"Mithbao","LONGITUDE":73.42,"LATITUDE":16.29,"FORECAST_D":"2024-04-27T18:30:00Z","VALIDITY_D":"2024-04-28T18:30:00Z","STATUS":"YES"}},{"type":"Feature","geometry":{"type":"Point","coordinates":[73.29,16.96]},"properties":{"SECTOR_NAM":"MAHARASHTRA","SECTOR_ID":"SEC002","DIST_NAME":"Ratnagiri","LC_NAME":"Phansop","LONGITUDE":73.29,"LATITUDE":16.96,"FORECAST_D":"2024-04-27T18:30:00Z","VALIDITY_D":"2024-04-28T18:30:00Z","STATUS":"YES"}},{"type":"Feature","geometry":{"type":"Point","coordinates":[73.33,16.82]},"properties":{"SECTOR_NAM":"MAHARASHTRA","SECTOR_ID":"SEC002","DIST_NAME":"Ratnagiri","LC_NAME":"Ambere","LONGITUDE":73.33,"LATITUDE":16.82,"FORECAST_D":"2024-04-27T18:30:00Z","VALIDITY_D":"2024-04-28T18:30:00Z","STATUS":"YES"}},{"type":"Feature","geometry":{"type":"Point","coordinates":[72.92,18.8]},"properties":{"SECTOR_NAM":"MAHARASHTRA","SECTOR_ID":"SEC002","DIST_NAME":"Raigarh","LC_NAME":"Revas","LONGITUDE":72.92,"LATITUDE":18.8,"FORECAST_D":"2024-04-27T18:30:00Z","VALIDITY_D":"2024-04-28T18:30:00Z","STATUS":"YES"}},{"type":"Feature","geometry":{"type":"Point","coordinates":[72.82,19.12]},"properties":{"SECTOR_NAM":"MAHARASHTRA","SECTOR_ID":"SEC002","DIST_NAME":"Mumbai Suburban","LC_NAME":"JuhumoraGaon","LONGITUDE":72.82,"LATITUDE":19.12,"FORECAST_D":"2024-04-27T18:30:00Z","VALIDITY_D":"2024-04-28T18:30:00Z","STATUS":"YES"}},{"type":"Feature","geometry":{"type":"Point","coordinates":[73.65,15.8]},"properties":{"SECTOR_NAM":"MAHARASHTRA","SECTOR_ID":"SEC002","DIST_NAME":"Sindhudurg","LC_NAME":"Mochemad","LONGITUDE":73.65,"LATITUDE":15.8,"FORECAST_D":"2024-04-27T18:30:00Z","VALIDITY_D":"2024-04-28T18:30:00Z","STATUS":"YES"}},{"type":"Feature","geometry":{"type":"Point","coordinates":[73.14,17.65]},"properties":{"SECTOR_NAM":"MAHARASHTRA","SECTOR_ID":"SEC002","DIST_NAME":"Ratnagiri","LC_NAME":"Kolthare","LONGITUDE":73.14,"LATITUDE":17.65,"FORECAST_D":"2024-04-27T18:30:00Z","VALIDITY_D":"2024-04-28T18:30:00Z","STATUS":"YES"}},{"type":"Feature","geometry":{"type":"Point","coordinates":[73.29,16.99]},"properties":{"SECTOR_NAM":"MAHARASHTRA","SECTOR_ID":"SEC002","DIST_NAME":"Ratnagiri","LC_NAME":"Rajiwada","LONGITUDE":73.29,"LATITUDE":16.99,"FORECAST_D":"2024-04-27T18:30:00Z","VALIDITY_D":"2024-04-28T18:30:00Z","STATUS":"YES"}},{"type":"Feature","geometry":{"type":"Point","coordinates":[73.33,16.55]},"properties":{"SECTOR_NAM":"MAHARASHTRA","SECTOR_ID":"SEC002","DIST_NAME":"Sindhudurg","LC_NAME":"Vijaydurg","LONGITUDE":73.33,"LATITUDE":16.55,"FORECAST_D":"2024-04-27T18:30:00Z","VALIDITY_D":"2024-04-28T18:30:00Z","STATUS":"YES"}},{"type":"Feature","geometry":{"type":"Point","coordinates":[76.15,10.23]},"properties":{"SECTOR_NAM":"KERALA","SECTOR_ID":"SEC005","DIST_NAME":"Thrissur","LC_NAME":"Pullut","LONGITUDE":76.15,"LATITUDE":10.23,"FORECAST_D":"2024-04-27T18:30:00Z","VALIDITY_D":"2024-04-28T18:30:00Z","STATUS":"YES"}},{"type":"Feature","geometry":{"type":"Point","coordinates":[75.6,11.56]},"properties":{"SECTOR_NAM":"KERALA","SECTOR_ID":"SEC005","DIST_NAME":"Kozhikode","LC_NAME":"Kottakkal","LONGITUDE":75.6,"LATITUDE":11.56,"FORECAST_D":"2024-04-27T18:30:00Z","VALIDITY_D":"2024-04-28T18:30:00Z","STATUS":"YES"}},{"type":"Feature","geometry":{"type":"Point","coordinates":[76.32,9.5]},"properties":{"SECTOR_NAM":"KERALA","SECTOR_ID":"SEC005","DIST_NAME":"Alappuzha","LC_NAME":"Thazhampally","LONGITUDE":76.32,"LATITUDE":9.5,"FORECAST_D":"2024-04-27T18:30:00Z","VALIDITY_D":"2024-04-28T18:30:00Z","STATUS":"YES"}},{"type":"Feature","geometry":{"type":"Point","coordinates":[75.13,12.21]},"properties":{"SECTOR_NAM":"KERALA","SECTOR_ID":"SEC005","DIST_NAME":"Kasaragod","LC_NAME":"CheruvathurFH","LONGITUDE":75.13,"LATITUDE":12.21,"FORECAST_D":"2024-04-27T18:30:00Z","VALIDITY_D":"2024-04-28T18:30:00Z","STATUS":"YES"}},{"type":"Feature","geometry":{"type":"Point","coordinates":[74.97,12.5]},"properties":{"SECTOR_NAM":"KERALA","SECTOR_ID":"SEC005","DIST_NAME":"Kasaragod","LC_NAME":"Kasaragod","LONGITUDE":74.97,"LATITUDE":12.5,"FORECAST_D":"2024-04-27T18:30:00Z","VALIDITY_D":"2024-04-28T18:30:00Z","STATUS":"YES"}},{"type":"Feature","geometry":{"type":"Point","coordinates":[76.24,9.95]},"properties":{"SECTOR_NAM":"KERALA","SECTOR_ID":"SEC005","DIST_NAME":"Ernakulam","LC_NAME":"Chillickal","LONGITUDE":76.24,"LATITUDE":9.95,"FORECAST_D":"2024-04-27T18:30:00Z","VALIDITY_D":"2024-04-28T18:30:00Z","STATUS":"YES"}},{"type":"Feature","geometry":{"type":"Point","coordinates":[76.19,10.13]},"properties":{"SECTOR_NAM":"KERALA","SECTOR_ID":"SEC005","DIST_NAME":"Ernakulam","LC_NAME":"Cherai","LONGITUDE":76.19,"LATITUDE":10.13,"FORECAST_D":"2024-04-27T18:30:00Z","VALIDITY_D":"2024-04-28T18:30:00Z","STATUS":"YES"}},{"type":"Feature","geometry":{"type":"Point","coordinates":[75.92,10.78]},"properties":{"SECTOR_NAM":"KERALA","SECTOR_ID":"SEC005","DIST_NAME":"Malappuram","LC_NAME":"Ponnani","LONGITUDE":75.92,"LATITUDE":10.78,"FORECAST_D":"2024-04-27T18:30:00Z","VALIDITY_D":"2024-04-28T18:30:00Z","STATUS":"YES"}},{"type":"Feature","geometry":{"type":"Point","coordinates":[75.83,11.13]},"properties":{"SECTOR_NAM":"KERALA","SECTOR_ID":"SEC005","DIST_NAME":"Malappuram","LC_NAME":"Kadalundinagaram","LONGITUDE":75.83,"LATITUDE":11.13,"FORECAST_D":"2024-04-27T18:30:00Z","VALIDITY_D":"2024-04-28T18:30:00Z","STATUS":"YES"}},{"type":"Feature","geometry":{"type":"Point","coordinates":[75.97,10.65]},"properties":{"SECTOR_NAM":"KERALA","SECTOR_ID":"SEC005","DIST_NAME":"Thrissur","LC_NAME":"Attupuram","LONGITUDE":75.97,"LATITUDE":10.65,"FORECAST_D":"2024-04-27T18:30:00Z","VALIDITY_D":"2024-04-28T18:30:00Z","STATUS":"YES"}},{"type":"Feature","geometry":{"type":"Point","coordinates":[76.07,10.54]},"properties":{"SECTOR_NAM":"KERALA","SECTOR_ID":"SEC005","DIST_NAME":"Thrissur","LC_NAME":"Mullassheri","LONGITUDE":76.07,"LATITUDE":10.54,"FORECAST_D":"2024-04-27T18:30:00Z","VALIDITY_D":"2024-04-28T18:30:00Z","STATUS":"YES"}},{"type":"Feature","geometry":{"type":"Point","coordinates":[75.92,10.81]},"properties":{"SECTOR_NAM":"KERALA","SECTOR_ID":"SEC005","DIST_NAME":"Malappuram","LC_NAME":"Purattur","LONGITUDE":75.92,"LATITUDE":10.81,"FORECAST_D":"2024-04-27T18:30:00Z","VALIDITY_D":"2024-04-28T18:30:00Z","STATUS":"YES"}},{"type":"Feature","geometry":{"type":"Point","coordinates":[75.06,12.36]},"properties":{"SECTOR_NAM":"KERALA","SECTOR_ID":"SEC005","DIST_NAME":"Kasaragod","LC_NAME":"Chittari","LONGITUDE":75.06,"LATITUDE":12.36,"FORECAST_D":"2024-04-27T18:30:00Z","VALIDITY_D":"2024-04-28T18:30:00Z","STATUS":"YES"}},{"type":"Feature","geometry":{"type":"Point","coordinates":[75.71,11.41]},"properties":{"SECTOR_NAM":"KERALA","SECTOR_ID":"SEC005","DIST_NAME":"Kozhikode","LC_NAME":"Poilkavu","LONGITUDE":75.71,"LATITUDE":11.41,"FORECAST_D":"2024-04-27T18:30:00Z","VALIDITY_D":"2024-04-28T18:30:00Z","STATUS":"YES"}},{"type":"Feature","geometry":{"type":"Point","coordinates":[76.36,9.35]},"properties":{"SECTOR_NAM":"KERALA","SECTOR_ID":"SEC005","DIST_NAME":"Alappuzha","LC_NAME":"Purakkad","LONGITUDE":76.36,"LATITUDE":9.35,"FORECAST_D":"2024-04-27T18:30:00Z","VALIDITY_D":"2024-04-28T18:30:00Z","STATUS":"YES"}},{"type":"Feature","geometry":{"type":"Point","coordinates":[76.3,9.57]},"properties":{"SECTOR_NAM":"KERALA","SECTOR_ID":"SEC005","DIST_NAME":"Alappuzha","LC_NAME":"Pollethai","LONGITUDE":76.3,"LATITUDE":9.57,"FORECAST_D":"2024-04-27T18:30:00Z","VALIDITY_D":"2024-04-28T18:30:00Z","STATUS":"YES"}},{"type":"Feature","geometry":{"type":"Point","coordinates":[75.99,10.63]},"properties":{"SECTOR_NAM":"KERALA","SECTOR_ID":"SEC005","DIST_NAME":"Thrissur","LC_NAME":"Edakazhiyur","LONGITUDE":75.99,"LATITUDE":10.63,"FORECAST_D":"2024-04-27T18:30:00Z","VALIDITY_D":"2024-04-28T18:30:00Z","STATUS":"YES"}},{"type":"Feature","geometry":{"type":"Point","coordinates":[76.11,10.36]},"properties":{"SECTOR_NAM":"KERALA","SECTOR_ID":"SEC005","DIST_NAME":"Thrissur","LC_NAME":"Palapetty","LONGITUDE":76.11,"LATITUDE":10.36,"FORECAST_D":"2024-04-27T18:30:00Z","VALIDITY_D":"2024-04-28T18:30:00Z","STATUS":"YES"}},{"type":"Feature","geometry":{"type":"Point","coordinates":[76.45,9.18]},"properties":{"SECTOR_NAM":"KERALA","SECTOR_ID":"SEC005","DIST_NAME":"Alappuzha","LC_NAME":"Ramancheri Tura","LONGITUDE":76.45,"LATITUDE":9.18,"FORECAST_D":"2024-04-27T18:30:00Z","VALIDITY_D":"2024-04-28T18:30:00Z","STATUS":"YES"}},{"type":"Feature","geometry":{"type":"Point","coordinates":[75.77,11.26]},"properties":{"SECTOR_NAM":"KERALA","SECTOR_ID":"SEC005","DIST_NAME":"Kozhikode","LC_NAME":"Calicut","LONGITUDE":75.77,"LATITUDE":11.26,"FORECAST_D":"2024-04-27T18:30:00Z","VALIDITY_D":"2024-04-28T18:30:00Z","STATUS":"YES"}},{"type":"Feature","geometry":{"type":"Point","coordinates":[75.03,12.4]},"properties":{"SECTOR_NAM":"KERALA","SECTOR_ID":"SEC005","DIST_NAME":"Kasaragod","LC_NAME":"Bekal","LONGITUDE":75.03,"LATITUDE":12.4,"FORECAST_D":"2024-04-27T18:30:00Z","VALIDITY_D":"2024-04-28T18:30:00Z","STATUS":"YES"}},{"type":"Feature","geometry":{"type":"Point","coordinates":[76.33,9.44]},"properties":{"SECTOR_NAM":"KERALA","SECTOR_ID":"SEC005","DIST_NAME":"Alappuzha","LC_NAME":"Punnappra","LONGITUDE":76.33,"LATITUDE":9.44,"FORECAST_D":"2024-04-27T18:30:00Z","VALIDITY_D":"2024-04-28T18:30:00Z","STATUS":"YES"}},{"type":"Feature","geometry":{"type":"Point","coordinates":[75.62,11.48]},"properties":{"SECTOR_NAM":"KERALA","SECTOR_ID":"SEC005","DIST_NAME":"Kozhikode","LC_NAME":"Moodady","LONGITUDE":75.62,"LATITUDE":11.48,"FORECAST_D":"2024-04-27T18:30:00Z","VALIDITY_D":"2024-04-28T18:30:00Z","STATUS":"YES"}},{"type":"Feature","geometry":{"type":"Point","coordinates":[75.07,12.33]},"properties":{"SECTOR_NAM":"KERALA","SECTOR_ID":"SEC005","DIST_NAME":"Kasaragod","LC_NAME":"Ajanoor-N-Bella","LONGITUDE":75.07,"LATITUDE":12.33,"FORECAST_D":"2024-04-27T18:30:00Z","VALIDITY_D":"2024-04-28T18:30:00Z","STATUS":"YES"}},{"type":"Feature","geometry":{"type":"Point","coordinates":[75.08,12.31]},"properties":{"SECTOR_NAM":"KERALA","SECTOR_ID":"SEC005","DIST_NAME":"Kasaragod","LC_NAME":"Hosdrug","LONGITUDE":75.08,"LATITUDE":12.31,"FORECAST_D":"2024-04-27T18:30:00Z","VALIDITY_D":"2024-04-28T18:30:00Z","STATUS":"YES"}},{"type":"Feature","geometry":{"type":"Point","coordinates":[74.94,12.6]},"properties":{"SECTOR_NAM":"KERALA","SECTOR_ID":"SEC005","DIST_NAME":"Kasaragod","LC_NAME":"Kumbla","LONGITUDE":74.94,"LATITUDE":12.6,"FORECAST_D":"2024-04-27T18:30:00Z","VALIDITY_D":"2024-04-28T18:30:00Z","STATUS":"YES"}},{"type":"Feature","geometry":{"type":"Point","coordinates":[76.53,8.96]},"properties":{"SECTOR_NAM":"KERALA","SECTOR_ID":"SEC005","DIST_NAME":"Kollam","LC_NAME":"Chavara","LONGITUDE":76.53,"LATITUDE":8.96,"FORECAST_D":"2024-04-27T18:30:00Z","VALIDITY_D":"2024-04-28T18:30:00Z","STATUS":"YES"}},{"type":"Feature","geometry":{"type":"Point","coordinates":[75.74,11.35]},"properties":{"SECTOR_NAM":"KERALA","SECTOR_ID":"SEC005","DIST_NAME":"Kozhikode","LC_NAME":"Elathur","LONGITUDE":75.74,"LATITUDE":11.35,"FORECAST_D":"2024-04-27T18:30:00Z","VALIDITY_D":"2024-04-28T18:30:00Z","STATUS":"YES"}},{"type":"Feature","geometry":{"type":"Point","coordinates":[76.25,9.98]},"properties":{"SECTOR_NAM":"KERALA","SECTOR_ID":"SEC005","DIST_NAME":"Ernakulam","LC_NAME":"Valarpadam","LONGITUDE":76.25,"LATITUDE":9.98,"FORECAST_D":"2024-04-27T18:30:00Z","VALIDITY_D":"2024-04-28T18:30:00Z","STATUS":"YES"}},{"type":"Feature","geometry":{"type":"Point","coordinates":[76.2,10.05]},"properties":{"SECTOR_NAM":"KERALA","SECTOR_ID":"SEC005","DIST_NAME":"Ernakulam","LC_NAME":"Puthenkadappuram","LONGITUDE":76.2,"LATITUDE":10.05,"FORECAST_D":"2024-04-27T18:30:00Z","VALIDITY_D":"2024-04-28T18:30:00Z","STATUS":"YES"}},{"type":"Feature","geometry":{"type":"Point","coordinates":[75.62,11.48]},"properties":{"SECTOR_NAM":"KERALA","SECTOR_ID":"SEC005","DIST_NAME":"Kozhikode","LC_NAME":"Thikkodi(Kodikkal)","LONGITUDE":75.62,"LATITUDE":11.48,"FORECAST_D":"2024-04-27T18:30:00Z","VALIDITY_D":"2024-04-28T18:30:00Z","STATUS":"YES"}},{"type":"Feature","geometry":{"type":"Point","coordinates":[76.07,10.44]},"properties":{"SECTOR_NAM":"KERALA","SECTOR_ID":"SEC005","DIST_NAME":"Thrissur","LC_NAME":"Thalikulam","LONGITUDE":76.07,"LATITUDE":10.44,"FORECAST_D":"2024-04-27T18:30:00Z","VALIDITY_D":"2024-04-28T18:30:00Z","STATUS":"YES"}},{"type":"Feature","geometry":{"type":"Point","coordinates":[76.28,9.78]},"properties":{"SECTOR_NAM":"KERALA","SECTOR_ID":"SEC005","DIST_NAME":"Alappuzha","LC_NAME":"Pallithodu","LONGITUDE":76.28,"LATITUDE":9.78,"FORECAST_D":"2024-04-27T18:30:00Z","VALIDITY_D":"2024-04-28T18:30:00Z","STATUS":"YES"}},{"type":"Feature","geometry":{"type":"Point","coordinates":[75.8,11.18]},"properties":{"SECTOR_NAM":"KERALA","SECTOR_ID":"SEC005","DIST_NAME":"Kozhikode","LC_NAME":"BeyporeFH","LONGITUDE":75.8,"LATITUDE":11.18,"FORECAST_D":"2024-04-27T18:30:00Z","VALIDITY_D":"2024-04-28T18:30:00Z","STATUS":"YES"}},{"type":"Feature","geometry":{"type":"Point","coordinates":[75.61,11.52]},"properties":{"SECTOR_NAM":"KERALA","SECTOR_ID":"SEC005","DIST_NAME":"Kozhikode","LC_NAME":"Kizhur","LONGITUDE":75.61,"LATITUDE":11.52,"FORECAST_D":"2024-04-27T18:30:00Z","VALIDITY_D":"2024-04-28T18:30:00Z","STATUS":"YES"}},{"type":"Feature","geometry":{"type":"Point","coordinates":[75.17,12.09]},"properties":{"SECTOR_NAM":"KERALA","SECTOR_ID":"SEC005","DIST_NAME":"Kasaragod","LC_NAME":"Kavvayi","LONGITUDE":75.17,"LATITUDE":12.09,"FORECAST_D":"2024-04-27T18:30:00Z","VALIDITY_D":"2024-04-28T18:30:00Z","STATUS":"YES"}},{"type":"Feature","geometry":{"type":"Point","coordinates":[75.62,11.49]},"properties":{"SECTOR_NAM":"KERALA","SECTOR_ID":"SEC005","DIST_NAME":"Kozhikode","LC_NAME":"Tikkoti","LONGITUDE":75.62,"LATITUDE":11.49,"FORECAST_D":"2024-04-27T18:30:00Z","VALIDITY_D":"2024-04-28T18:30:00Z","STATUS":"YES"}},{"type":"Feature","geometry":{"type":"Point","coordinates":[76.14,10.24]},"properties":{"SECTOR_NAM":"KERALA","SECTOR_ID":"SEC005","DIST_NAME":"Thrissur","LC_NAME":"Kara","LONGITUDE":76.14,"LATITUDE":10.24,"FORECAST_D":"2024-04-27T18:30:00Z","VALIDITY_D":"2024-04-28T18:30:00Z","STATUS":"YES"}},{"type":"Feature","geometry":{"type":"Point","coordinates":[75.38,11.86]},"properties":{"SECTOR_NAM":"KERALA","SECTOR_ID":"SEC005","DIST_NAME":"Kannur","LC_NAME":"AyikkaraFH","LONGITUDE":75.38,"LATITUDE":11.86,"FORECAST_D":"2024-04-27T18:30:00Z","VALIDITY_D":"2024-04-28T18:30:00Z","STATUS":"YES"}},{"type":"Feature","geometry":{"type":"Point","coordinates":[75.32,11.91]},"properties":{"SECTOR_NAM":"KERALA","SECTOR_ID":"SEC005","DIST_NAME":"Kannur","LC_NAME":"AzheecodeSouth","LONGITUDE":75.32,"LATITUDE":11.91,"FORECAST_D":"2024-04-27T18:30:00Z","VALIDITY_D":"2024-04-28T18:30:00Z","STATUS":"YES"}},{"type":"Feature","geometry":{"type":"Point","coordinates":[76.47,9.12]},"properties":{"SECTOR_NAM":"KERALA","SECTOR_ID":"SEC005","DIST_NAME":"Alappuzha","LC_NAME":"AzheekalJetty","LONGITUDE":76.47,"LATITUDE":9.12,"FORECAST_D":"2024-04-27T18:30:00Z","VALIDITY_D":"2024-04-28T18:30:00Z","STATUS":"YES"}},{"type":"Feature","geometry":{"type":"Point","coordinates":[74.9,12.68]},"properties":{"SECTOR_NAM":"KERALA","SECTOR_ID":"SEC005","DIST_NAME":"Kasaragod","LC_NAME":"Uppala","LONGITUDE":74.9,"LATITUDE":12.68,"FORECAST_D":"2024-04-27T18:30:00Z","VALIDITY_D":"2024-04-28T18:30:00Z","STATUS":"YES"}},{"type":"Feature","geometry":{"type":"Point","coordinates":[76.4,9.28]},"properties":{"SECTOR_NAM":"KERALA","SECTOR_ID":"SEC005","DIST_NAME":"Alappuzha","LC_NAME":"Thrikunnapuzha","LONGITUDE":76.4,"LATITUDE":9.28,"FORECAST_D":"2024-04-27T18:30:00Z","VALIDITY_D":"2024-04-28T18:30:00Z","STATUS":"YES"}},{"type":"Feature","geometry":{"type":"Point","coordinates":[76.32,9.49]},"properties":{"SECTOR_NAM":"KERALA","SECTOR_ID":"SEC005","DIST_NAME":"Alappuzha","LC_NAME":"AlleppeyBeach","LONGITUDE":76.32,"LATITUDE":9.49,"FORECAST_D":"2024-04-27T18:30:00Z","VALIDITY_D":"2024-04-28T18:30:00Z","STATUS":"YES"}},{"type":"Feature","geometry":{"type":"Point","coordinates":[75.6,11.57]},"properties":{"SECTOR_NAM":"KERALA","SECTOR_ID":"SEC005","DIST_NAME":"Kozhikode","LC_NAME":"Puduppanam","LONGITUDE":75.6,"LATITUDE":11.57,"FORECAST_D":"2024-04-27T18:30:00Z","VALIDITY_D":"2024-04-28T18:30:00Z","STATUS":"YES"}},{"type":"Feature","geometry":{"type":"Point","coordinates":[75.85,11.05]},"properties":{"SECTOR_NAM":"KERALA","SECTOR_ID":"SEC005","DIST_NAME":"Malappuram","LC_NAME":"Parapanangadi","LONGITUDE":75.85,"LATITUDE":11.05,"FORECAST_D":"2024-04-27T18:30:00Z","VALIDITY_D":"2024-04-28T18:30:00Z","STATUS":"YES"}},{"type":"Feature","geometry":{"type":"Point","coordinates":[76.42,9.24]},"properties":{"SECTOR_NAM":"KERALA","SECTOR_ID":"SEC005","DIST_NAME":"Alappuzha","LC_NAME":"Padiyamkara Tekku","LONGITUDE":76.42,"LATITUDE":9.24,"FORECAST_D":"2024-04-27T18:30:00Z","VALIDITY_D":"2024-04-28T18:30:00Z","STATUS":"YES"}},{"type":"Feature","geometry":{"type":"Point","coordinates":[76.23,9.98]},"properties":{"SECTOR_NAM":"KERALA","SECTOR_ID":"SEC005","DIST_NAME":"Ernakulam","LC_NAME":"Kalamukku","LONGITUDE":76.23,"LATITUDE":9.98,"FORECAST_D":"2024-04-27T18:30:00Z","VALIDITY_D":"2024-04-28T18:30:00Z","STATUS":"YES"}},{"type":"Feature","geometry":{"type":"Point","coordinates":[75.87,10.99]},"properties":{"SECTOR_NAM":"KERALA","SECTOR_ID":"SEC005","DIST_NAME":"Malappuram","LC_NAME":"Thanur","LONGITUDE":75.87,"LATITUDE":10.99,"FORECAST_D":"2024-04-27T18:30:00Z","VALIDITY_D":"2024-04-28T18:30:00Z","STATUS":"YES"}},{"type":"Feature","geometry":{"type":"Point","coordinates":[76.53,8.95]},"properties":{"SECTOR_NAM":"KERALA","SECTOR_ID":"SEC005","DIST_NAME":"Kollam","LC_NAME":"Vettuthura","LONGITUDE":76.53,"LATITUDE":8.95,"FORECAST_D":"2024-04-27T18:30:00Z","VALIDITY_D":"2024-04-28T18:30:00Z","STATUS":"YES"}},{"type":"Feature","geometry":{"type":"Point","coordinates":[75.94,10.73]},"properties":{"SECTOR_NAM":"KERALA","SECTOR_ID":"SEC005","DIST_NAME":"Malappuram","LC_NAME":"Veliyangod","LONGITUDE":75.94,"LATITUDE":10.73,"FORECAST_D":"2024-04-27T18:30:00Z","VALIDITY_D":"2024-04-28T18:30:00Z","STATUS":"YES"}},{"type":"Feature","geometry":{"type":"Point","coordinates":[76.08,10.43]},"properties":{"SECTOR_NAM":"KERALA","SECTOR_ID":"SEC005","DIST_NAME":"Thrissur","LC_NAME":"Nattika","LONGITUDE":76.08,"LATITUDE":10.43,"FORECAST_D":"2024-04-27T18:30:00Z","VALIDITY_D":"2024-04-28T18:30:00Z","STATUS":"YES"}},{"type":"Feature","geometry":{"type":"Point","coordinates":[74.94,12.59]},"properties":{"SECTOR_NAM":"KERALA","SECTOR_ID":"SEC005","DIST_NAME":"Kasaragod","LC_NAME":"Koipadi","LONGITUDE":74.94,"LATITUDE":12.59,"FORECAST_D":"2024-04-27T18:30:00Z","VALIDITY_D":"2024-04-28T18:30:00Z","STATUS":"YES"}},{"type":"Feature","geometry":{"type":"Point","coordinates":[76.1,10.37]},"properties":{"SECTOR_NAM":"KERALA","SECTOR_ID":"SEC005","DIST_NAME":"Thrissur","LC_NAME":"Kazhimbram","LONGITUDE":76.1,"LATITUDE":10.37,"FORECAST_D":"2024-04-27T18:30:00Z","VALIDITY_D":"2024-04-28T18:30:00Z","STATUS":"YES"}},{"type":"Feature","geometry":{"type":"Point","coordinates":[75.04,12.39]},"properties":{"SECTOR_NAM":"KERALA","SECTOR_ID":"SEC005","DIST_NAME":"Kasaragod","LC_NAME":"Pallikere","LONGITUDE":75.04,"LATITUDE":12.39,"FORECAST_D":"2024-04-27T18:30:00Z","VALIDITY_D":"2024-04-28T18:30:00Z","STATUS":"YES"}},{"type":"Feature","geometry":{"type":"Point","coordinates":[75.21,12.01]},"properties":{"SECTOR_NAM":"KERALA","SECTOR_ID":"SEC005","DIST_NAME":"Kannur","LC_NAME":"Ettikulam","LONGITUDE":75.21,"LATITUDE":12.01,"FORECAST_D":"2024-04-27T18:30:00Z","VALIDITY_D":"2024-04-28T18:30:00Z","STATUS":"YES"}},{"type":"Feature","geometry":{"type":"Point","coordinates":[74.93,12.61]},"properties":{"SECTOR_NAM":"KERALA","SECTOR_ID":"SEC005","DIST_NAME":"Kasaragod","LC_NAME":"Arikkadi","LONGITUDE":74.93,"LATITUDE":12.61,"FORECAST_D":"2024-04-27T18:30:00Z","VALIDITY_D":"2024-04-28T18:30:00Z","STATUS":"YES"}},{"type":"Feature","geometry":{"type":"Point","coordinates":[75.01,12.42]},"properties":{"SECTOR_NAM":"KERALA","SECTOR_ID":"SEC005","DIST_NAME":"Kasaragod","LC_NAME":"Kotikulam","LONGITUDE":75.01,"LATITUDE":12.42,"FORECAST_D":"2024-04-27T18:30:00Z","VALIDITY_D":"2024-04-28T18:30:00Z","STATUS":"YES"}},{"type":"Feature","geometry":{"type":"Point","coordinates":[75.55,11.66]},"properties":{"SECTOR_NAM":"KERALA","SECTOR_ID":"SEC005","DIST_NAME":"Kozhikode","LC_NAME":"ChombalaFH","LONGITUDE":75.55,"LATITUDE":11.66,"FORECAST_D":"2024-04-27T18:30:00Z","VALIDITY_D":"2024-04-28T18:30:00Z","STATUS":"YES"}},{"type":"Feature","geometry":{"type":"Point","coordinates":[75.99,10.62]},"properties":{"SECTOR_NAM":"KERALA","SECTOR_ID":"SEC005","DIST_NAME":"Thrissur","LC_NAME":"Panchavadi","LONGITUDE":75.99,"LATITUDE":10.62,"FORECAST_D":"2024-04-27T18:30:00Z","VALIDITY_D":"2024-04-28T18:30:00Z","STATUS":"YES"}},{"type":"Feature","geometry":{"type":"Point","coordinates":[75.31,11.92]},"properties":{"SECTOR_NAM":"KERALA","SECTOR_ID":"SEC005","DIST_NAME":"Kannur","LC_NAME":"Azheecode","LONGITUDE":75.31,"LATITUDE":11.92,"FORECAST_D":"2024-04-27T18:30:00Z","VALIDITY_D":"2024-04-28T18:30:00Z","STATUS":"YES"}},{"type":"Feature","geometry":{"type":"Point","coordinates":[75.78,11.23]},"properties":{"SECTOR_NAM":"KERALA","SECTOR_ID":"SEC005","DIST_NAME":"Kozhikode","LC_NAME":"VadakkeKadappuram","LONGITUDE":75.78,"LATITUDE":11.23,"FORECAST_D":"2024-04-27T18:30:00Z","VALIDITY_D":"2024-04-28T18:30:00Z","STATUS":"YES"}},{"type":"Feature","geometry":{"type":"Point","coordinates":[76.54,8.96]},"properties":{"SECTOR_NAM":"KERALA","SECTOR_ID":"SEC005","DIST_NAME":"Kollam","LC_NAME":"Puthenthura","LONGITUDE":76.54,"LATITUDE":8.96,"FORECAST_D":"2024-04-27T18:30:00Z","VALIDITY_D":"2024-04-28T18:30:00Z","STATUS":"YES"}},{"type":"Feature","geometry":{"type":"Point","coordinates":[75.75,11.31]},"properties":{"SECTOR_NAM":"KERALA","SECTOR_ID":"SEC005","DIST_NAME":"Kozhikode","LC_NAME":"Puthengadi/Paravanna","LONGITUDE":75.75,"LATITUDE":11.31,"FORECAST_D":"2024-04-27T18:30:00Z","VALIDITY_D":"2024-04-28T18:30:00Z","STATUS":"YES"}},{"type":"Feature","geometry":{"type":"Point","coordinates":[76.05,10.48]},"properties":{"SECTOR_NAM":"KERALA","SECTOR_ID":"SEC005","DIST_NAME":"Thrissur","LC_NAME":"Vadanappally","LONGITUDE":76.05,"LATITUDE":10.48,"FORECAST_D":"2024-04-27T18:30:00Z","VALIDITY_D":"2024-04-28T18:30:00Z","STATUS":"YES"}},{"type":"Feature","geometry":{"type":"Point","coordinates":[76.23,9.99]},"properties":{"SECTOR_NAM":"KERALA","SECTOR_ID":"SEC005","DIST_NAME":"Ernakulam","LC_NAME":"Murikumpadam","LONGITUDE":76.23,"LATITUDE":9.99,"FORECAST_D":"2024-04-27T18:30:00Z","VALIDITY_D":"2024-04-28T18:30:00Z","STATUS":"YES"}},{"type":"Feature","geometry":{"type":"Point","coordinates":[76.21,10.04]},"properties":{"SECTOR_NAM":"KERALA","SECTOR_ID":"SEC005","DIST_NAME":"Ernakulam","LC_NAME":"Narakkal","LONGITUDE":76.21,"LATITUDE":10.04,"FORECAST_D":"2024-04-27T18:30:00Z","VALIDITY_D":"2024-04-28T18:30:00Z","STATUS":"YES"}},{"type":"Feature","geometry":{"type":"Point","coordinates":[75.3,11.95]},"properties":{"SECTOR_NAM":"KERALA","SECTOR_ID":"SEC005","DIST_NAME":"Kannur","LC_NAME":"Azhikal","LONGITUDE":75.3,"LATITUDE":11.95,"FORECAST_D":"2024-04-27T18:30:00Z","VALIDITY_D":"2024-04-28T18:30:00Z","STATUS":"YES"}},{"type":"Feature","geometry":{"type":"Point","coordinates":[75.12,12.2]},"properties":{"SECTOR_NAM":"KERALA","SECTOR_ID":"SEC005","DIST_NAME":"Kasaragod","LC_NAME":"BadagaraAzhithala","LONGITUDE":75.12,"LATITUDE":12.2,"FORECAST_D":"2024-04-27T18:30:00Z","VALIDITY_D":"2024-04-28T18:30:00Z","STATUS":"YES"}},{"type":"Feature","geometry":{"type":"Point","coordinates":[74.95,12.57]},"properties":{"SECTOR_NAM":"KERALA","SECTOR_ID":"SEC005","DIST_NAME":"Kasaragod","LC_NAME":"Mogral","LONGITUDE":74.95,"LATITUDE":12.57,"FORECAST_D":"2024-04-27T18:30:00Z","VALIDITY_D":"2024-04-28T18:30:00Z","STATUS":"YES"}},{"type":"Feature","geometry":{"type":"Point","coordinates":[76.29,9.67]},"properties":{"SECTOR_NAM":"KERALA","SECTOR_ID":"SEC005","DIST_NAME":"Alappuzha","LC_NAME":"Arthunkal/Chennavely","LONGITUDE":76.29,"LATITUDE":9.67,"FORECAST_D":"2024-04-27T18:30:00Z","VALIDITY_D":"2024-04-28T18:30:00Z","STATUS":"YES"}},{"type":"Feature","geometry":{"type":"Point","coordinates":[76.27,9.83]},"properties":{"SECTOR_NAM":"KERALA","SECTOR_ID":"SEC005","DIST_NAME":"Ernakulam","LC_NAME":"Maruvakad","LONGITUDE":76.27,"LATITUDE":9.83,"FORECAST_D":"2024-04-27T18:30:00Z","VALIDITY_D":"2024-04-28T18:30:00Z","STATUS":"YES"}},{"type":"Feature","geometry":{"type":"Point","coordinates":[75.72,11.38]},"properties":{"SECTOR_NAM":"KERALA","SECTOR_ID":"SEC005","DIST_NAME":"Kozhikode","LC_NAME":"Kappad","LONGITUDE":75.72,"LATITUDE":11.38,"FORECAST_D":"2024-04-27T18:30:00Z","VALIDITY_D":"2024-04-28T18:30:00Z","STATUS":"YES"}},{"type":"Feature","geometry":{"type":"Point","coordinates":[74.87,12.74]},"properties":{"SECTOR_NAM":"KERALA","SECTOR_ID":"SEC005","DIST_NAME":"Kasaragod","LC_NAME":"Kunzhathur","LONGITUDE":74.87,"LATITUDE":12.74,"FORECAST_D":"2024-04-27T18:30:00Z","VALIDITY_D":"2024-04-28T18:30:00Z","STATUS":"YES"}},{"type":"Feature","geometry":{"type":"Point","coordinates":[75.67,11.46]},"properties":{"SECTOR_NAM":"KERALA","SECTOR_ID":"SEC005","DIST_NAME":"Kozhikode","LC_NAME":"Quilandy/Koloth(Defunct)","LONGITUDE":75.67,"LATITUDE":11.46,"FORECAST_D":"2024-04-27T18:30:00Z","VALIDITY_D":"2024-04-28T18:30:00Z","STATUS":"YES"}},{"type":"Feature","geometry":{"type":"Point","coordinates":[76.17,10.18]},"properties":{"SECTOR_NAM":"KERALA","SECTOR_ID":"SEC005","DIST_NAME":"Ernakulam","LC_NAME":"MunambamFH","LONGITUDE":76.17,"LATITUDE":10.18,"FORECAST_D":"2024-04-27T18:30:00Z","VALIDITY_D":"2024-04-28T18:30:00Z","STATUS":"YES"}},{"type":"Feature","geometry":{"type":"Point","coordinates":[75.35,11.87]},"properties":{"SECTOR_NAM":"KERALA","SECTOR_ID":"SEC005","DIST_NAME":"Kannur","LC_NAME":"Kannur","LONGITUDE":75.35,"LATITUDE":11.87,"FORECAST_D":"2024-04-27T18:30:00Z","VALIDITY_D":"2024-04-28T18:30:00Z","STATUS":"YES"}},{"type":"Feature","geometry":{"type":"Point","coordinates":[76.1,10.37]},"properties":{"SECTOR_NAM":"KERALA","SECTOR_ID":"SEC005","DIST_NAME":"Thrissur","LC_NAME":"Edamuttam","LONGITUDE":76.1,"LATITUDE":10.37,"FORECAST_D":"2024-04-27T18:30:00Z","VALIDITY_D":"2024-04-28T18:30:00Z","STATUS":"YES"}},{"type":"Feature","geometry":{"type":"Point","coordinates":[76.53,8.99]},"properties":{"SECTOR_NAM":"KERALA","SECTOR_ID":"SEC005","DIST_NAME":"Kollam","LC_NAME":"Kovilthottam","LONGITUDE":76.53,"LATITUDE":8.99,"FORECAST_D":"2024-04-27T18:30:00Z","VALIDITY_D":"2024-04-28T18:30:00Z","STATUS":"YES"}},{"type":"Feature","geometry":{"type":"Point","coordinates":[75.44,11.8]},"properties":{"SECTOR_NAM":"KERALA","SECTOR_ID":"SEC005","DIST_NAME":"Kannur","LC_NAME":"Muzhuppilangad","LONGITUDE":75.44,"LATITUDE":11.8,"FORECAST_D":"2024-04-27T18:30:00Z","VALIDITY_D":"2024-04-28T18:30:00Z","STATUS":"YES"}},{"type":"Feature","geometry":{"type":"Point","coordinates":[76.01,10.57]},"properties":{"SECTOR_NAM":"KERALA","SECTOR_ID":"SEC005","DIST_NAME":"Thrissur","LC_NAME":"Blangad","LONGITUDE":76.01,"LATITUDE":10.57,"FORECAST_D":"2024-04-27T18:30:00Z","VALIDITY_D":"2024-04-28T18:30:00Z","STATUS":"YES"}},{"type":"Feature","geometry":{"type":"Point","coordinates":[76.5,9.07]},"properties":{"SECTOR_NAM":"KERALA","SECTOR_ID":"SEC005","DIST_NAME":"Kollam","LC_NAME":"Alappattu","LONGITUDE":76.5,"LATITUDE":9.07,"FORECAST_D":"2024-04-27T18:30:00Z","VALIDITY_D":"2024-04-28T18:30:00Z","STATUS":"YES"}},{"type":"Feature","geometry":{"type":"Point","coordinates":[76.31,9.53]},"properties":{"SECTOR_NAM":"KERALA","SECTOR_ID":"SEC005","DIST_NAME":"Alappuzha","LC_NAME":"Thumpolly","LONGITUDE":76.31,"LATITUDE":9.53,"FORECAST_D":"2024-04-27T18:30:00Z","VALIDITY_D":"2024-04-28T18:30:00Z","STATUS":"YES"}},{"type":"Feature","geometry":{"type":"Point","coordinates":[76.51,9.05]},"properties":{"SECTOR_NAM":"KERALA","SECTOR_ID":"SEC005","DIST_NAME":"Kollam","LC_NAME":"Cheriazheekal","LONGITUDE":76.51,"LATITUDE":9.05,"FORECAST_D":"2024-04-27T18:30:00Z","VALIDITY_D":"2024-04-28T18:30:00Z","STATUS":"YES"}},{"type":"Feature","geometry":{"type":"Point","coordinates":[75.64,11.47]},"properties":{"SECTOR_NAM":"KERALA","SECTOR_ID":"SEC005","DIST_NAME":"Kozhikode","LC_NAME":"Kadalur Pt","LONGITUDE":75.64,"LATITUDE":11.47,"FORECAST_D":"2024-04-27T18:30:00Z","VALIDITY_D":"2024-04-28T18:30:00Z","STATUS":"YES"}},{"type":"Feature","geometry":{"type":"Point","coordinates":[76.15,10.22]},"properties":{"SECTOR_NAM":"KERALA","SECTOR_ID":"SEC005","DIST_NAME":"Thrissur","LC_NAME":"Eriyad(Chelarappa)","LONGITUDE":76.15,"LATITUDE":10.22,"FORECAST_D":"2024-04-27T18:30:00Z","VALIDITY_D":"2024-04-28T18:30:00Z","STATUS":"YES"}},{"type":"Feature","geometry":{"type":"Point","coordinates":[75.11,12.23]},"properties":{"SECTOR_NAM":"KERALA","SECTOR_ID":"SEC005","DIST_NAME":"Kasaragod","LC_NAME":"Thaikadappuram","LONGITUDE":75.11,"LATITUDE":12.23,"FORECAST_D":"2024-04-27T18:30:00Z","VALIDITY_D":"2024-04-28T18:30:00Z","STATUS":"YES"}},{"type":"Feature","geometry":{"type":"Point","coordinates":[76.28,9.81]},"properties":{"SECTOR_NAM":"KERALA","SECTOR_ID":"SEC005","DIST_NAME":"Ernakulam","LC_NAME":"Chellanum","LONGITUDE":76.28,"LATITUDE":9.81,"FORECAST_D":"2024-04-27T18:30:00Z","VALIDITY_D":"2024-04-28T18:30:00Z","STATUS":"YES"}},{"type":"Feature","geometry":{"type":"Point","coordinates":[75.13,12.17]},"properties":{"SECTOR_NAM":"KERALA","SECTOR_ID":"SEC005","DIST_NAME":"Kasaragod","LC_NAME":"Maniyat","LONGITUDE":75.13,"LATITUDE":12.17,"FORECAST_D":"2024-04-27T18:30:00Z","VALIDITY_D":"2024-04-28T18:30:00Z","STATUS":"YES"}},{"type":"Feature","geometry":{"type":"Point","coordinates":[75.76,11.3]},"properties":{"SECTOR_NAM":"KERALA","SECTOR_ID":"SEC005","DIST_NAME":"Kozhikode","LC_NAME":"Kunduparabu","LONGITUDE":75.76,"LATITUDE":11.3,"FORECAST_D":"2024-04-27T18:30:00Z","VALIDITY_D":"2024-04-28T18:30:00Z","STATUS":"YES"}},{"type":"Feature","geometry":{"type":"Point","coordinates":[76.29,9.75]},"properties":{"SECTOR_NAM":"KERALA","SECTOR_ID":"SEC005","DIST_NAME":"Alappuzha","LC_NAME":"Manakkodam","LONGITUDE":76.29,"LATITUDE":9.75,"FORECAST_D":"2024-04-27T18:30:00Z","VALIDITY_D":"2024-04-28T18:30:00Z","STATUS":"YES"}},{"type":"Feature","geometry":{"type":"Point","coordinates":[75.81,11.16]},"properties":{"SECTOR_NAM":"KERALA","SECTOR_ID":"SEC005","DIST_NAME":"Kozhikode","LC_NAME":"Chaliyam","LONGITUDE":75.81,"LATITUDE":11.16,"FORECAST_D":"2024-04-27T18:30:00Z","VALIDITY_D":"2024-04-28T18:30:00Z","STATUS":"YES"}},{"type":"Feature","geometry":{"type":"Point","coordinates":[75.91,10.85]},"properties":{"SECTOR_NAM":"KERALA","SECTOR_ID":"SEC005","DIST_NAME":"Malappuram","LC_NAME":"Koottayi","LONGITUDE":75.91,"LATITUDE":10.85,"FORECAST_D":"2024-04-27T18:30:00Z","VALIDITY_D":"2024-04-28T18:30:00Z","STATUS":"YES"}},{"type":"Feature","geometry":{"type":"Point","coordinates":[76.24,9.97]},"properties":{"SECTOR_NAM":"KERALA","SECTOR_ID":"SEC005","DIST_NAME":"Ernakulam","LC_NAME":"Vypeen","LONGITUDE":76.24,"LATITUDE":9.97,"FORECAST_D":"2024-04-27T18:30:00Z","VALIDITY_D":"2024-04-28T18:30:00Z","STATUS":"YES"}},{"type":"Feature","geometry":{"type":"Point","coordinates":[75.2,12.01]},"properties":{"SECTOR_NAM":"KERALA","SECTOR_ID":"SEC005","DIST_NAME":"Kannur","LC_NAME":"Kotte Kunnu","LONGITUDE":75.2,"LATITUDE":12.01,"FORECAST_D":"2024-04-27T18:30:00Z","VALIDITY_D":"2024-04-28T18:30:00Z","STATUS":"YES"}},{"type":"Feature","geometry":{"type":"Point","coordinates":[75.89,10.88]},"properties":{"SECTOR_NAM":"KERALA","SECTOR_ID":"SEC005","DIST_NAME":"Malappuram","LC_NAME":"Vakkad","LONGITUDE":75.89,"LATITUDE":10.88,"FORECAST_D":"2024-04-27T18:30:00Z","VALIDITY_D":"2024-04-28T18:30:00Z","STATUS":"YES"}},{"type":"Feature","geometry":{"type":"Point","coordinates":[75.82,11.14]},"properties":{"SECTOR_NAM":"KERALA","SECTOR_ID":"SEC005","DIST_NAME":"Kozhikode","LC_NAME":"Ramanattukara","LONGITUDE":75.82,"LATITUDE":11.14,"FORECAST_D":"2024-04-27T18:30:00Z","VALIDITY_D":"2024-04-28T18:30:00Z","STATUS":"YES"}},{"type":"Feature","geometry":{"type":"Point","coordinates":[76.38,9.32]},"properties":{"SECTOR_NAM":"KERALA","SECTOR_ID":"SEC005","DIST_NAME":"Alappuzha","LC_NAME":"Thottappally","LONGITUDE":76.38,"LATITUDE":9.32,"FORECAST_D":"2024-04-27T18:30:00Z","VALIDITY_D":"2024-04-28T18:30:00Z","STATUS":"YES"}},{"type":"Feature","geometry":{"type":"Point","coordinates":[76.35,9.38]},"properties":{"SECTOR_NAM":"KERALA","SECTOR_ID":"SEC005","DIST_NAME":"Alappuzha","LC_NAME":"Ambalapuzha","LONGITUDE":76.35,"LATITUDE":9.38,"FORECAST_D":"2024-04-27T18:30:00Z","VALIDITY_D":"2024-04-28T18:30:00Z","STATUS":"YES"}},{"type":"Feature","geometry":{"type":"Point","coordinates":[76.17,10.17]},"properties":{"SECTOR_NAM":"KERALA","SECTOR_ID":"SEC005","DIST_NAME":"Ernakulam","LC_NAME":"Kuzhuppilly","LONGITUDE":76.17,"LATITUDE":10.17,"FORECAST_D":"2024-04-27T18:30:00Z","VALIDITY_D":"2024-04-28T18:30:00Z","STATUS":"YES"}},{"type":"Feature","geometry":{"type":"Point","coordinates":[75.97,10.66]},"properties":{"SECTOR_NAM":"KERALA","SECTOR_ID":"SEC005","DIST_NAME":"Thrissur","LC_NAME":"Mannalamkunnu","LONGITUDE":75.97,"LATITUDE":10.66,"FORECAST_D":"2024-04-27T18:30:00Z","VALIDITY_D":"2024-04-28T18:30:00Z","STATUS":"YES"}},{"type":"Feature","geometry":{"type":"Point","coordinates":[74.89,12.71]},"properties":{"SECTOR_NAM":"KERALA","SECTOR_ID":"SEC005","DIST_NAME":"Kasaragod","LC_NAME":"Manjeshwara","LONGITUDE":74.89,"LATITUDE":12.71,"FORECAST_D":"2024-04-27T18:30:00Z","VALIDITY_D":"2024-04-28T18:30:00Z","STATUS":"YES"}},{"type":"Feature","geometry":{"type":"Point","coordinates":[76.29,9.69]},"properties":{"SECTOR_NAM":"KERALA","SECTOR_ID":"SEC005","DIST_NAME":"Alappuzha","LC_NAME":"Thykal","LONGITUDE":76.29,"LATITUDE":9.69,"FORECAST_D":"2024-04-27T18:30:00Z","VALIDITY_D":"2024-04-28T18:30:00Z","STATUS":"YES"}},{"type":"Feature","geometry":{"type":"Point","coordinates":[76.3,9.59]},"properties":{"SECTOR_NAM":"KERALA","SECTOR_ID":"SEC005","DIST_NAME":"Alappuzha","LC_NAME":"Kottamkulangara","LONGITUDE":76.3,"LATITUDE":9.59,"FORECAST_D":"2024-04-27T18:30:00Z","VALIDITY_D":"2024-04-28T18:30:00Z","STATUS":"YES"}},{"type":"Feature","geometry":{"type":"Point","coordinates":[75.68,11.45]},"properties":{"SECTOR_NAM":"KERALA","SECTOR_ID":"SEC005","DIST_NAME":"Kozhikode","LC_NAME":"Kollam","LONGITUDE":75.68,"LATITUDE":11.45,"FORECAST_D":"2024-04-27T18:30:00Z","VALIDITY_D":"2024-04-28T18:30:00Z","STATUS":"YES"}},{"type":"Feature","geometry":{"type":"Point","coordinates":[76.27,9.86]},"properties":{"SECTOR_NAM":"KERALA","SECTOR_ID":"SEC005","DIST_NAME":"Ernakulam","LC_NAME":"Puthenthodu(Kannamali)","LONGITUDE":76.27,"LATITUDE":9.86,"FORECAST_D":"2024-04-27T18:30:00Z","VALIDITY_D":"2024-04-28T18:30:00Z","STATUS":"YES"}},{"type":"Feature","geometry":{"type":"Point","coordinates":[76.54,8.94]},"properties":{"SECTOR_NAM":"KERALA","SECTOR_ID":"SEC005","DIST_NAME":"Kollam","LC_NAME":"Neendakara","LONGITUDE":76.54,"LATITUDE":8.94,"FORECAST_D":"2024-04-27T18:30:00Z","VALIDITY_D":"2024-04-28T18:30:00Z","STATUS":"YES"}},{"type":"Feature","geometry":{"type":"Point","coordinates":[76.24,9.96]},"properties":{"SECTOR_NAM":"KERALA","SECTOR_ID":"SEC005","DIST_NAME":"Ernakulam","LC_NAME":"FortKochi","LONGITUDE":76.24,"LATITUDE":9.96,"FORECAST_D":"2024-04-27T18:30:00Z","VALIDITY_D":"2024-04-28T18:30:00Z","STATUS":"YES"}},{"type":"Feature","geometry":{"type":"Point","coordinates":[76.2,10.08]},"properties":{"SECTOR_NAM":"KERALA","SECTOR_ID":"SEC005","DIST_NAME":"Ernakulam","LC_NAME":"Vadakkal","LONGITUDE":76.2,"LATITUDE":10.08,"FORECAST_D":"2024-04-27T18:30:00Z","VALIDITY_D":"2024-04-28T18:30:00Z","STATUS":"YES"}},{"type":"Feature","geometry":{"type":"Point","coordinates":[76.22,10.19]},"properties":{"SECTOR_NAM":"KERALA","SECTOR_ID":"SEC005","DIST_NAME":"Ernakulam","LC_NAME":"Manakodam","LONGITUDE":76.22,"LATITUDE":10.19,"FORECAST_D":"2024-04-27T18:30:00Z","VALIDITY_D":"2024-04-28T18:30:00Z","STATUS":"YES"}},{"type":"Feature","geometry":{"type":"Point","coordinates":[76.33,9.46]},"properties":{"SECTOR_NAM":"KERALA","SECTOR_ID":"SEC005","DIST_NAME":"Alappuzha","LC_NAME":"Kalarkod","LONGITUDE":76.33,"LATITUDE":9.46,"FORECAST_D":"2024-04-27T18:30:00Z","VALIDITY_D":"2024-04-28T18:30:00Z","STATUS":"YES"}},{"type":"Feature","geometry":{"type":"Point","coordinates":[76.22,10.02]},"properties":{"SECTOR_NAM":"KERALA","SECTOR_ID":"SEC005","DIST_NAME":"Ernakulam","LC_NAME":"Malipuram","LONGITUDE":76.22,"LATITUDE":10.02,"FORECAST_D":"2024-04-27T18:30:00Z","VALIDITY_D":"2024-04-28T18:30:00Z","STATUS":"YES"}},{"type":"Feature","geometry":{"type":"Point","coordinates":[75.98,10.63]},"properties":{"SECTOR_NAM":"KERALA","SECTOR_ID":"SEC005","DIST_NAME":"Thrissur","LC_NAME":"Vayilattur","LONGITUDE":75.98,"LATITUDE":10.63,"FORECAST_D":"2024-04-27T18:30:00Z","VALIDITY_D":"2024-04-28T18:30:00Z","STATUS":"YES"}},{"type":"Feature","geometry":{"type":"Point","coordinates":[73.44,16.2]},"properties":{"SECTOR_NAM":"MAHARASHTRA","SECTOR_ID":"SEC002","DIST_NAME":"Sindhudurg","LC_NAME":"Achra Pt","LONGITUDE":73.44,"LATITUDE":16.2,"STATUS":"NO"}},{"type":"Feature","geometry":{"type":"Point","coordinates":[73.44,16.19]},"properties":{"SECTOR_NAM":"MAHARASHTRA","SECTOR_ID":"SEC002","DIST_NAME":"Sindhudurg","LC_NAME":"Achara","LONGITUDE":73.44,"LATITUDE":16.19,"STATUS":"NO"}},{"type":"Feature","geometry":{"type":"Point","coordinates":[73.45,16.16]},"properties":{"SECTOR_NAM":"MAHARASHTRA","SECTOR_ID":"SEC002","DIST_NAME":"Sindhudurg","LC_NAME":"Tondavli","LONGITUDE":73.45,"LATITUDE":16.16,"STATUS":"NO"}},{"type":"Feature","geometry":{"type":"Point","coordinates":[73.47,16.14]},"properties":{"SECTOR_NAM":"MAHARASHTRA","SECTOR_ID":"SEC002","DIST_NAME":"Sindhudurg","LC_NAME":"Hadi","LONGITUDE":73.47,"LATITUDE":16.14,"STATUS":"NO"}},{"type":"Feature","geometry":{"type":"Point","coordinates":[73.46,16.13]},"properties":{"SECTOR_NAM":"MAHARASHTRA","SECTOR_ID":"SEC002","DIST_NAME":"Sindhudurg","LC_NAME":"Sarjekot-MiryaBandh","LONGITUDE":73.46,"LATITUDE":16.13,"STATUS":"NO"}},{"type":"Feature","geometry":{"type":"Point","coordinates":[73.46,16.1]},"properties":{"SECTOR_NAM":"MAHARASHTRA","SECTOR_ID":"SEC002","DIST_NAME":"Sindhudurg","LC_NAME":"Talashil","LONGITUDE":73.46,"LATITUDE":16.1,"STATUS":"NO"}},{"type":"Feature","geometry":{"type":"Point","coordinates":[73.46,16.08]},"properties":{"SECTOR_NAM":"MAHARASHTRA","SECTOR_ID":"SEC002","DIST_NAME":"Sindhudurg","LC_NAME":"Sarjekot","LONGITUDE":73.46,"LATITUDE":16.08,"STATUS":"NO"}},{"type":"Feature","geometry":{"type":"Point","coordinates":[73.46,16.06]},"properties":{"SECTOR_NAM":"MAHARASHTRA","SECTOR_ID":"SEC002","DIST_NAME":"Sindhudurg","LC_NAME":"Dhurivada","LONGITUDE":73.46,"LATITUDE":16.06,"STATUS":"NO"}},{"type":"Feature","geometry":{"type":"Point","coordinates":[73.46,16.04]},"properties":{"SECTOR_NAM":"MAHARASHTRA","SECTOR_ID":"SEC002","DIST_NAME":"Sindhudurg","LC_NAME":"Sindhudurg (Malvan)","LONGITUDE":73.46,"LATITUDE":16.04,"STATUS":"NO"}},{"type":"Feature","geometry":{"type":"Point","coordinates":[73.48,16.04]},"properties":{"SECTOR_NAM":"MAHARASHTRA","SECTOR_ID":"SEC002","DIST_NAME":"Sindhudurg","LC_NAME":"Wayri","LONGITUDE":73.48,"LATITUDE":16.04,"STATUS":"NO"}},{"type":"Feature","geometry":{"type":"Point","coordinates":[76.56,8.89]},"properties":{"SECTOR_NAM":"KERALA","SECTOR_ID":"SEC005","DIST_NAME":"Kollam","LC_NAME":"Thankassery F.H.","LONGITUDE":76.56,"LATITUDE":8.89,"STATUS":"NO"}},{"type":"Feature","geometry":{"type":"Point","coordinates":[76.57,8.88]},"properties":{"SECTOR_NAM":"KERALA","SECTOR_ID":"SEC005","DIST_NAME":"Kollam","LC_NAME":"QuilonPort","LONGITUDE":76.57,"LATITUDE":8.88,"STATUS":"NO"}},{"type":"Feature","geometry":{"type":"Point","coordinates":[76.57,8.88]},"properties":{"SECTOR_NAM":"KERALA","SECTOR_ID":"SEC005","DIST_NAME":"Kollam","LC_NAME":"Quilon","LONGITUDE":76.57,"LATITUDE":8.88,"STATUS":"NO"}},{"type":"Feature","geometry":{"type":"Point","coordinates":[76.57,8.88]},"properties":{"SECTOR_NAM":"KERALA","SECTOR_ID":"SEC005","DIST_NAME":"Kollam","LC_NAME":"Wadi","LONGITUDE":76.57,"LATITUDE":8.88,"STATUS":"NO"}},{"type":"Feature","geometry":{"type":"Point","coordinates":[76.58,8.88]},"properties":{"SECTOR_NAM":"KERALA","SECTOR_ID":"SEC005","DIST_NAME":"Kollam","LC_NAME":"Moothakara","LONGITUDE":76.58,"LATITUDE":8.88,"STATUS":"NO"}},{"type":"Feature","geometry":{"type":"Point","coordinates":[76.59,8.88]},"properties":{"SECTOR_NAM":"KERALA","SECTOR_ID":"SEC005","DIST_NAME":"Kollam","LC_NAME":"Pallithottam","LONGITUDE":76.59,"LATITUDE":8.88,"STATUS":"NO"}},{"type":"Feature","geometry":{"type":"Point","coordinates":[76.61,8.86]},"properties":{"SECTOR_NAM":"KERALA","SECTOR_ID":"SEC005","DIST_NAME":"Kollam","LC_NAME":"Eravipuram","LONGITUDE":76.61,"LATITUDE":8.86,"STATUS":"NO"}},{"type":"Feature","geometry":{"type":"Point","coordinates":[76.64,8.84]},"properties":{"SECTOR_NAM":"KERALA","SECTOR_ID":"SEC005","DIST_NAME":"Kollam","LC_NAME":"Tanni","LONGITUDE":76.64,"LATITUDE":8.84,"STATUS":"NO"}},{"type":"Feature","geometry":{"type":"Point","coordinates":[76.65,8.81]},"properties":{"SECTOR_NAM":"KERALA","SECTOR_ID":"SEC005","DIST_NAME":"Kollam","LC_NAME":"Pozhikkara","LONGITUDE":76.65,"LATITUDE":8.81,"STATUS":"NO"}},{"type":"Feature","geometry":{"type":"Point","coordinates":[76.65,8.81]},"properties":{"SECTOR_NAM":"KERALA","SECTOR_ID":"SEC005","DIST_NAME":"Kollam","LC_NAME":"Paravoor","LONGITUDE":76.65,"LATITUDE":8.81,"STATUS":"NO"}},{"type":"Feature","geometry":{"type":"Point","coordinates":[76.67,8.8]},"properties":{"SECTOR_NAM":"KERALA","SECTOR_ID":"SEC005","DIST_NAME":"Kollam","LC_NAME":"Edava","LONGITUDE":76.67,"LATITUDE":8.8,"STATUS":"NO"}},{"type":"Feature","geometry":{"type":"Point","coordinates":[76.68,8.78]},"properties":{"SECTOR_NAM":"KERALA","SECTOR_ID":"SEC005","DIST_NAME":"Kollam","LC_NAME":"Kappil","LONGITUDE":76.68,"LATITUDE":8.78,"STATUS":"NO"}},{"type":"Feature","geometry":{"type":"Point","coordinates":[76.7,8.75]},"properties":{"SECTOR_NAM":"KERALA","SECTOR_ID":"SEC005","DIST_NAME":"Thiruvananthapuram","LC_NAME":"Edaval","LONGITUDE":76.7,"LATITUDE":8.75,"STATUS":"NO"}},{"type":"Feature","geometry":{"type":"Point","coordinates":[76.72,8.72]},"properties":{"SECTOR_NAM":"KERALA","SECTOR_ID":"SEC005","DIST_NAME":"Thiruvananthapuram","LC_NAME":"Vettoor","LONGITUDE":76.72,"LATITUDE":8.72,"STATUS":"NO"}},{"type":"Feature","geometry":{"type":"Point","coordinates":[76.72,8.72]},"properties":{"SECTOR_NAM":"KERALA","SECTOR_ID":"SEC005","DIST_NAME":"Thiruvananthapuram","LC_NAME":"Chilakkoor","LONGITUDE":76.72,"LATITUDE":8.72,"STATUS":"NO"}},{"type":"Feature","geometry":{"type":"Point","coordinates":[76.73,8.7]},"properties":{"SECTOR_NAM":"KERALA","SECTOR_ID":"SEC005","DIST_NAME":"Thiruvananthapuram","LC_NAME":"Arivalam&Rathikkal","LONGITUDE":76.73,"LATITUDE":8.7,"STATUS":"NO"}},{"type":"Feature","geometry":{"type":"Point","coordinates":[76.75,8.68]},"properties":{"SECTOR_NAM":"KERALA","SECTOR_ID":"SEC005","DIST_NAME":"Thiruvananthapuram","LC_NAME":"Mampally","LONGITUDE":76.75,"LATITUDE":8.68,"STATUS":"NO"}},{"type":"Feature","geometry":{"type":"Point","coordinates":[76.76,8.67]},"properties":{"SECTOR_NAM":"KERALA","SECTOR_ID":"SEC005","DIST_NAME":"Thiruvananthapuram","LC_NAME":"AnjengoNorth","LONGITUDE":76.76,"LATITUDE":8.67,"STATUS":"NO"}},{"type":"Feature","geometry":{"type":"Point","coordinates":[76.76,8.66]},"properties":{"SECTOR_NAM":"KERALA","SECTOR_ID":"SEC005","DIST_NAME":"Thiruvananthapuram","LC_NAME":"AnjengoSouth","LONGITUDE":76.76,"LATITUDE":8.66,"STATUS":"NO"}},{"type":"Feature","geometry":{"type":"Point","coordinates":[76.77,8.65]},"properties":{"SECTOR_NAM":"KERALA","SECTOR_ID":"SEC005","DIST_NAME":"Thiruvananthapuram","LC_NAME":"Poothura","LONGITUDE":76.77,"LATITUDE":8.65,"STATUS":"NO"}},{"type":"Feature","geometry":{"type":"Point","coordinates":[76.79,8.63]},"properties":{"SECTOR_NAM":"KERALA","SECTOR_ID":"SEC005","DIST_NAME":"Thiruvananthapuram","LC_NAME":"Perumathura","LONGITUDE":76.79,"LATITUDE":8.63,"STATUS":"NO"}},{"type":"Feature","geometry":{"type":"Point","coordinates":[76.8,8.61]},"properties":{"SECTOR_NAM":"KERALA","SECTOR_ID":"SEC005","DIST_NAME":"Thiruvananthapuram","LC_NAME":"Puthukurichi","LONGITUDE":76.8,"LATITUDE":8.61,"STATUS":"NO"}},{"type":"Feature","geometry":{"type":"Point","coordinates":[76.84,8.57]},"properties":{"SECTOR_NAM":"KERALA","SECTOR_ID":"SEC005","DIST_NAME":"Thiruvananthapuram","LC_NAME":"Puthenthoppu","LONGITUDE":76.84,"LATITUDE":8.57,"STATUS":"NO"}},{"type":"Feature","geometry":{"type":"Point","coordinates":[76.84,8.56]},"properties":{"SECTOR_NAM":"KERALA","SECTOR_ID":"SEC005","DIST_NAME":"Thiruvananthapuram","LC_NAME":"St.Andrews","LONGITUDE":76.84,"LATITUDE":8.56,"STATUS":"NO"}},{"type":"Feature","geometry":{"type":"Point","coordinates":[76.85,8.55]},"properties":{"SECTOR_NAM":"KERALA","SECTOR_ID":"SEC005","DIST_NAME":"Thiruvananthapuram","LC_NAME":"Pallithura","LONGITUDE":76.85,"LATITUDE":8.55,"STATUS":"NO"}},{"type":"Feature","geometry":{"type":"Point","coordinates":[76.87,8.53]},"properties":{"SECTOR_NAM":"KERALA","SECTOR_ID":"SEC005","DIST_NAME":"Thiruvananthapuram","LC_NAME":"Thumba","LONGITUDE":76.87,"LATITUDE":8.53,"STATUS":"NO"}},{"type":"Feature","geometry":{"type":"Point","coordinates":[76.88,8.51]},"properties":{"SECTOR_NAM":"KERALA","SECTOR_ID":"SEC005","DIST_NAME":"Thiruvananthapuram","LC_NAME":"Valiaveli","LONGITUDE":76.88,"LATITUDE":8.51,"STATUS":"NO"}},{"type":"Feature","geometry":{"type":"Point","coordinates":[76.89,8.51]},"properties":{"SECTOR_NAM":"KERALA","SECTOR_ID":"SEC005","DIST_NAME":"Thiruvananthapuram","LC_NAME":"Kochuveli","LONGITUDE":76.89,"LATITUDE":8.51,"STATUS":"NO"}},{"type":"Feature","geometry":{"type":"Point","coordinates":[76.89,8.5]},"properties":{"SECTOR_NAM":"KERALA","SECTOR_ID":"SEC005","DIST_NAME":"Thiruvananthapuram","LC_NAME":"Vell","LONGITUDE":76.89,"LATITUDE":8.5,"STATUS":"NO"}},{"type":"Feature","geometry":{"type":"Point","coordinates":[76.9,8.49]},"properties":{"SECTOR_NAM":"KERALA","SECTOR_ID":"SEC005","DIST_NAME":"Thiruvananthapuram","LC_NAME":"Vettucaud","LONGITUDE":76.9,"LATITUDE":8.49,"STATUS":"NO"}},{"type":"Feature","geometry":{"type":"Point","coordinates":[76.91,8.49]},"properties":{"SECTOR_NAM":"KERALA","SECTOR_ID":"SEC005","DIST_NAME":"Thiruvananthapuram","LC_NAME":"Kannanthura","LONGITUDE":76.91,"LATITUDE":8.49,"STATUS":"NO"}},{"type":"Feature","geometry":{"type":"Point","coordinates":[76.91,8.48]},"properties":{"SECTOR_NAM":"KERALA","SECTOR_ID":"SEC005","DIST_NAME":"Thiruvananthapuram","LC_NAME":"Kochuthoppu","LONGITUDE":76.91,"LATITUDE":8.48,"STATUS":"NO"}},{"type":"Feature","geometry":{"type":"Point","coordinates":[76.92,8.47]},"properties":{"SECTOR_NAM":"KERALA","SECTOR_ID":"SEC005","DIST_NAME":"Thiruvananthapuram","LC_NAME":"Trivandrum","LONGITUDE":76.92,"LATITUDE":8.47,"STATUS":"NO"}},{"type":"Feature","geometry":{"type":"Point","coordinates":[76.93,8.46]},"properties":{"SECTOR_NAM":"KERALA","SECTOR_ID":"SEC005","DIST_NAME":"Thiruvananthapuram","LC_NAME":"Valiathura/ValiathuraPier","LONGITUDE":76.93,"LATITUDE":8.46,"STATUS":"NO"}},{"type":"Feature","geometry":{"type":"Point","coordinates":[76.93,8.46]},"properties":{"SECTOR_NAM":"KERALA","SECTOR_ID":"SEC005","DIST_NAME":"Thiruvananthapuram","LC_NAME":"Cheriathura","LONGITUDE":76.93,"LATITUDE":8.46,"STATUS":"NO"}},{"type":"Feature","geometry":{"type":"Point","coordinates":[76.94,8.45]},"properties":{"SECTOR_NAM":"KERALA","SECTOR_ID":"SEC005","DIST_NAME":"Thiruvananthapuram","LC_NAME":"Bheemapally","LONGITUDE":76.94,"LATITUDE":8.45,"STATUS":"NO"}},{"type":"Feature","geometry":{"type":"Point","coordinates":[76.94,8.44]},"properties":{"SECTOR_NAM":"KERALA","SECTOR_ID":"SEC005","DIST_NAME":"Thiruvananthapuram","LC_NAME":"Poonthura","LONGITUDE":76.94,"LATITUDE":8.44,"STATUS":"NO"}},{"type":"Feature","geometry":{"type":"Point","coordinates":[76.95,8.43]},"properties":{"SECTOR_NAM":"KERALA","SECTOR_ID":"SEC005","DIST_NAME":"Thiruvananthapuram","LC_NAME":"Tiruvallam","LONGITUDE":76.95,"LATITUDE":8.43,"STATUS":"NO"}},{"type":"Feature","geometry":{"type":"Point","coordinates":[76.96,8.42]},"properties":{"SECTOR_NAM":"KERALA","SECTOR_ID":"SEC005","DIST_NAME":"Thiruvananthapuram","LC_NAME":"PanathuraSouth","LONGITUDE":76.96,"LATITUDE":8.42,"STATUS":"NO"}},{"type":"Feature","geometry":{"type":"Point","coordinates":[76.97,8.41]},"properties":{"SECTOR_NAM":"KERALA","SECTOR_ID":"SEC005","DIST_NAME":"Thiruvananthapuram","LC_NAME":"Kovalad","LONGITUDE":76.97,"LATITUDE":8.41,"STATUS":"NO"}},{"type":"Feature","geometry":{"type":"Point","coordinates":[76.98,8.39]},"properties":{"SECTOR_NAM":"KERALA","SECTOR_ID":"SEC005","DIST_NAME":"Thiruvananthapuram","LC_NAME":"Vizhinjam&Kottapuram","LONGITUDE":76.98,"LATITUDE":8.39,"STATUS":"NO"}},{"type":"Feature","geometry":{"type":"Point","coordinates":[76.98,8.38]},"properties":{"SECTOR_NAM":"KERALA","SECTOR_ID":"SEC005","DIST_NAME":"Thiruvananthapuram","LC_NAME":"Vilinjam","LONGITUDE":76.98,"LATITUDE":8.38,"STATUS":"NO"}},{"type":"Feature","geometry":{"type":"Point","coordinates":[76.99,8.38]},"properties":{"SECTOR_NAM":"KERALA","SECTOR_ID":"SEC005","DIST_NAME":"Thiruvananthapuram","LC_NAME":"VizhinjamNorth","LONGITUDE":76.99,"LATITUDE":8.38,"STATUS":"NO"}},{"type":"Feature","geometry":{"type":"Point","coordinates":[77.01,8.36]},"properties":{"SECTOR_NAM":"KERALA","SECTOR_ID":"SEC005","DIST_NAME":"Thiruvananthapuram","LC_NAME":"Mariyanadu","LONGITUDE":77.01,"LATITUDE":8.36,"STATUS":"NO"}},{"type":"Feature","geometry":{"type":"Point","coordinates":[77.02,8.35]},"properties":{"SECTOR_NAM":"KERALA","SECTOR_ID":"SEC005","DIST_NAME":"Thiruvananthapuram","LC_NAME":"Adimalathura","LONGITUDE":77.02,"LATITUDE":8.35,"STATUS":"NO"}},{"type":"Feature","geometry":{"type":"Point","coordinates":[77.03,8.35]},"properties":{"SECTOR_NAM":"KERALA","SECTOR_ID":"SEC005","DIST_NAME":"Thiruvananthapuram","LC_NAME":"Puthiathura(Kochupally)","LONGITUDE":77.03,"LATITUDE":8.35,"STATUS":"NO"}},{"type":"Feature","geometry":{"type":"Point","coordinates":[77.03,8.34]},"properties":{"SECTOR_NAM":"KERALA","SECTOR_ID":"SEC005","DIST_NAME":"Thiruvananthapuram","LC_NAME":"Karichal","LONGITUDE":77.03,"LATITUDE":8.34,"STATUS":"NO"}},{"type":"Feature","geometry":{"type":"Point","coordinates":[74.66,13.66]},"properties":{"SECTOR_NAM":"KARNATAKA","SECTOR_ID":"SEC004","DIST_NAME":"Udupi","LC_NAME":"Gangoli","LONGITUDE":74.66,"LATITUDE":13.66,"FORECAST_D":"2024-04-27T18:30:00Z","VALIDITY_D":"2024-04-28T18:30:00Z","STATUS":"YES"}},{"type":"Feature","geometry":{"type":"Point","coordinates":[74.84,12.85]},"properties":{"SECTOR_NAM":"KARNATAKA","SECTOR_ID":"SEC004","DIST_NAME":"Dakshina Kannada","LC_NAME":"Mangalore","LONGITUDE":74.84,"LATITUDE":12.85,"FORECAST_D":"2024-04-27T18:30:00Z","VALIDITY_D":"2024-04-28T18:30:00Z","STATUS":"YES"}},{"type":"Feature","geometry":{"type":"Point","coordinates":[74.44,14.25]},"properties":{"SECTOR_NAM":"KARNATAKA","SECTOR_ID":"SEC004","DIST_NAME":"Uttara Kannada","LC_NAME":"Kasarkod","LONGITUDE":74.44,"LATITUDE":14.25,"FORECAST_D":"2024-04-27T18:30:00Z","VALIDITY_D":"2024-04-28T18:30:00Z","STATUS":"YES"}},{"type":"Feature","geometry":{"type":"Point","coordinates":[74.64,13.75]},"properties":{"SECTOR_NAM":"KARNATAKA","SECTOR_ID":"SEC004","DIST_NAME":"Udupi","LC_NAME":"Navunda","LONGITUDE":74.64,"LATITUDE":13.75,"FORECAST_D":"2024-04-27T18:30:00Z","VALIDITY_D":"2024-04-28T18:30:00Z","STATUS":"YES"}},{"type":"Feature","geometry":{"type":"Point","coordinates":[74.44,14.28]},"properties":{"SECTOR_NAM":"KARNATAKA","SECTOR_ID":"SEC004","DIST_NAME":"Uttara Kannada","LC_NAME":"Honavar","LONGITUDE":74.44,"LATITUDE":14.28,"FORECAST_D":"2024-04-27T18:30:00Z","VALIDITY_D":"2024-04-28T18:30:00Z","STATUS":"YES"}},{"type":"Feature","geometry":{"type":"Point","coordinates":[74.47,14.19]},"properties":{"SECTOR_NAM":"KARNATAKA","SECTOR_ID":"SEC004","DIST_NAME":"Uttara Kannada","LC_NAME":"Navayatkere","LONGITUDE":74.47,"LATITUDE":14.19,"FORECAST_D":"2024-04-27T18:30:00Z","VALIDITY_D":"2024-04-28T18:30:00Z","STATUS":"YES"}},{"type":"Feature","geometry":{"type":"Point","coordinates":[74.1,14.89]},"properties":{"SECTOR_NAM":"KARNATAKA","SECTOR_ID":"SEC004","DIST_NAME":"Uttara Kannada","LC_NAME":"Majali","LONGITUDE":74.1,"LATITUDE":14.89,"FORECAST_D":"2024-04-27T18:30:00Z","VALIDITY_D":"2024-04-28T18:30:00Z","STATUS":"YES"}},{"type":"Feature","geometry":{"type":"Point","coordinates":[74.61,13.87]},"properties":{"SECTOR_NAM":"KARNATAKA","SECTOR_ID":"SEC004","DIST_NAME":"Udupi","LC_NAME":"Baindur","LONGITUDE":74.61,"LATITUDE":13.87,"FORECAST_D":"2024-04-27T18:30:00Z","VALIDITY_D":"2024-04-28T18:30:00Z","STATUS":"YES"}},{"type":"Feature","geometry":{"type":"Point","coordinates":[74.67,13.62]},"properties":{"SECTOR_NAM":"KARNATAKA","SECTOR_ID":"SEC004","DIST_NAME":"Udupi","LC_NAME":"Coondapoor (gangoli)","LONGITUDE":74.67,"LATITUDE":13.62,"FORECAST_D":"2024-04-27T18:30:00Z","VALIDITY_D":"2024-04-28T18:30:00Z","STATUS":"YES"}},{"type":"Feature","geometry":{"type":"Point","coordinates":[74.34,14.52]},"properties":{"SECTOR_NAM":"KARNATAKA","SECTOR_ID":"SEC004","DIST_NAME":"Uttara Kannada","LC_NAME":"Tadri","LONGITUDE":74.34,"LATITUDE":14.52,"FORECAST_D":"2024-04-27T18:30:00Z","VALIDITY_D":"2024-04-28T18:30:00Z","STATUS":"YES"}},{"type":"Feature","geometry":{"type":"Point","coordinates":[74.74,13.22]},"properties":{"SECTOR_NAM":"KARNATAKA","SECTOR_ID":"SEC004","DIST_NAME":"Udupi","LC_NAME":"Kapu","LONGITUDE":74.74,"LATITUDE":13.22,"FORECAST_D":"2024-04-27T18:30:00Z","VALIDITY_D":"2024-04-28T18:30:00Z","STATUS":"YES"}},{"type":"Feature","geometry":{"type":"Point","coordinates":[74.42,14.31]},"properties":{"SECTOR_NAM":"KARNATAKA","SECTOR_ID":"SEC004","DIST_NAME":"Uttara Kannada","LC_NAME":"Karki","LONGITUDE":74.42,"LATITUDE":14.31,"FORECAST_D":"2024-04-27T18:30:00Z","VALIDITY_D":"2024-04-28T18:30:00Z","STATUS":"YES"}},{"type":"Feature","geometry":{"type":"Point","coordinates":[74.06,14.82]},"properties":{"SECTOR_NAM":"KARNATAKA","SECTOR_ID":"SEC004","DIST_NAME":"Uttara Kannada","LC_NAME":"Karwar","LONGITUDE":74.06,"LATITUDE":14.82,"FORECAST_D":"2024-04-27T18:30:00Z","VALIDITY_D":"2024-04-28T18:30:00Z","STATUS":"YES"}},{"type":"Feature","geometry":{"type":"Point","coordinates":[74.78,13.04]},"properties":{"SECTOR_NAM":"KARNATAKA","SECTOR_ID":"SEC004","DIST_NAME":"Dakshina Kannada","LC_NAME":"Hosabettu-Udaivar","LONGITUDE":74.78,"LATITUDE":13.04,"FORECAST_D":"2024-04-27T18:30:00Z","VALIDITY_D":"2024-04-28T18:30:00Z","STATUS":"YES"}},{"type":"Feature","geometry":{"type":"Point","coordinates":[74.38,14.42]},"properties":{"SECTOR_NAM":"KARNATAKA","SECTOR_ID":"SEC004","DIST_NAME":"Uttara Kannada","LC_NAME":"Kumta Pt","LONGITUDE":74.38,"LATITUDE":14.42,"FORECAST_D":"2024-04-27T18:30:00Z","VALIDITY_D":"2024-04-28T18:30:00Z","STATUS":"YES"}},{"type":"Feature","geometry":{"type":"Point","coordinates":[74.53,13.97]},"properties":{"SECTOR_NAM":"KARNATAKA","SECTOR_ID":"SEC004","DIST_NAME":"Uttara Kannada","LC_NAME":"Bhatkal","LONGITUDE":74.53,"LATITUDE":13.97,"FORECAST_D":"2024-04-27T18:30:00Z","VALIDITY_D":"2024-04-28T18:30:00Z","STATUS":"YES"}},{"type":"Feature","geometry":{"type":"Point","coordinates":[74.71,13.44]},"properties":{"SECTOR_NAM":"KARNATAKA","SECTOR_ID":"SEC004","DIST_NAME":"Udupi","LC_NAME":"Hangarkatta","LONGITUDE":74.71,"LATITUDE":13.44,"FORECAST_D":"2024-04-27T18:30:00Z","VALIDITY_D":"2024-04-28T18:30:00Z","STATUS":"YES"}},{"type":"Feature","geometry":{"type":"Point","coordinates":[74.41,14.38]},"properties":{"SECTOR_NAM":"KARNATAKA","SECTOR_ID":"SEC004","DIST_NAME":"Uttara Kannada","LC_NAME":"Dhareshvar","LONGITUDE":74.41,"LATITUDE":14.38,"FORECAST_D":"2024-04-27T18:30:00Z","VALIDITY_D":"2024-04-28T18:30:00Z","STATUS":"YES"}},{"type":"Feature","geometry":{"type":"Point","coordinates":[74.68,13.34]},"properties":{"SECTOR_NAM":"KARNATAKA","SECTOR_ID":"SEC004","DIST_NAME":"Udupi","LC_NAME":"Malpe","LONGITUDE":74.68,"LATITUDE":13.34,"FORECAST_D":"2024-04-27T18:30:00Z","VALIDITY_D":"2024-04-28T18:30:00Z","STATUS":"YES"}},{"type":"Feature","geometry":{"type":"Point","coordinates":[74.49,14.11]},"properties":{"SECTOR_NAM":"KARNATAKA","SECTOR_ID":"SEC004","DIST_NAME":"Uttara Kannada","LC_NAME":"Mavalli","LONGITUDE":74.49,"LATITUDE":14.11,"FORECAST_D":"2024-04-27T18:30:00Z","VALIDITY_D":"2024-04-28T18:30:00Z","STATUS":"YES"}},{"type":"Feature","geometry":{"type":"Point","coordinates":[74.13,14.85]},"properties":{"SECTOR_NAM":"KARNATAKA","SECTOR_ID":"SEC004","DIST_NAME":"Uttara Kannada","LC_NAME":"Sadasguvgarg","LONGITUDE":74.13,"LATITUDE":14.85,"FORECAST_D":"2024-04-27T18:30:00Z","VALIDITY_D":"2024-04-28T18:30:00Z","STATUS":"YES"}},{"type":"Feature","geometry":{"type":"Point","coordinates":[73.42,16.24]},"properties":{"SECTOR_NAM":"MAHARASHTRA","SECTOR_ID":"SEC002","DIST_NAME":"Sindhudurg","LC_NAME":"Munge","LONGITUDE":73.42,"LATITUDE":16.24,"STATUS":"NO"}},{"type":"Feature","geometry":{"type":"Point","coordinates":[75.31,11.96]},"properties":{"SECTOR_NAM":"KERALA","SECTOR_ID":"SEC005","DIST_NAME":"Kannur","LC_NAME":"Koloth","LONGITUDE":75.31,"LATITUDE":11.96,"FORECAST_D":"2024-04-27T18:30:00Z","VALIDITY_D":"2024-04-28T18:30:00Z","STATUS":"YES"}},{"type":"Feature","geometry":{"type":"Point","coordinates":[76.55,8.93]},"properties":{"SECTOR_NAM":"KERALA","SECTOR_ID":"SEC005","DIST_NAME":"Kollam","LC_NAME":"Sakthikulangara","LONGITUDE":76.55,"LATITUDE":8.93,"FORECAST_D":"2024-04-27T18:30:00Z","VALIDITY_D":"2024-04-28T18:30:00Z","STATUS":"YES"}},{"type":"Feature","geometry":{"type":"Point","coordinates":[76.22,10]},"properties":{"SECTOR_NAM":"KERALA","SECTOR_ID":"SEC005","DIST_NAME":"Ernakulam","LC_NAME":"Ernakulam","LONGITUDE":76.22,"LATITUDE":10,"FORECAST_D":"2024-04-27T18:30:00Z","VALIDITY_D":"2024-04-28T18:30:00Z","STATUS":"YES"}},{"type":"Feature","geometry":{"type":"Point","coordinates":[75.76,11.27]},"properties":{"SECTOR_NAM":"KERALA","SECTOR_ID":"SEC005","DIST_NAME":"Kozhikode","LC_NAME":"Nadakkavu","LONGITUDE":75.76,"LATITUDE":11.27,"FORECAST_D":"2024-04-27T18:30:00Z","VALIDITY_D":"2024-04-28T18:30:00Z","STATUS":"YES"}},{"type":"Feature","geometry":{"type":"Point","coordinates":[75.56,11.64]},"properties":{"SECTOR_NAM":"KERALA","SECTOR_ID":"SEC005","DIST_NAME":"Kozhikode","LC_NAME":"Uralungal","LONGITUDE":75.56,"LATITUDE":11.64,"FORECAST_D":"2024-04-27T18:30:00Z","VALIDITY_D":"2024-04-28T18:30:00Z","STATUS":"YES"}},{"type":"Feature","geometry":{"type":"Point","coordinates":[75.19,12.04]},"properties":{"SECTOR_NAM":"KERALA","SECTOR_ID":"SEC005","DIST_NAME":"Kannur","LC_NAME":"Kunnariyam","LONGITUDE":75.19,"LATITUDE":12.04,"FORECAST_D":"2024-04-27T18:30:00Z","VALIDITY_D":"2024-04-28T18:30:00Z","STATUS":"YES"}},{"type":"Feature","geometry":{"type":"Point","coordinates":[75.95,10.7]},"properties":{"SECTOR_NAM":"KERALA","SECTOR_ID":"SEC005","DIST_NAME":"Malappuram","LC_NAME":"Palappetty","LONGITUDE":75.95,"LATITUDE":10.7,"FORECAST_D":"2024-04-27T18:30:00Z","VALIDITY_D":"2024-04-28T18:30:00Z","STATUS":"YES"}},{"type":"Feature","geometry":{"type":"Point","coordinates":[75.49,11.75]},"properties":{"SECTOR_NAM":"KERALA","SECTOR_ID":"SEC005","DIST_NAME":"Kannur","LC_NAME":"Tellicherry","LONGITUDE":75.49,"LATITUDE":11.75,"FORECAST_D":"2024-04-27T18:30:00Z","VALIDITY_D":"2024-04-28T18:30:00Z","STATUS":"YES"}},{"type":"Feature","geometry":{"type":"Point","coordinates":[75.57,11.61]},"properties":{"SECTOR_NAM":"KERALA","SECTOR_ID":"SEC005","DIST_NAME":"Kozhikode","LC_NAME":"Nalliyankara","LONGITUDE":75.57,"LATITUDE":11.61,"FORECAST_D":"2024-04-27T18:30:00Z","VALIDITY_D":"2024-04-28T18:30:00Z","STATUS":"YES"}},{"type":"Feature","geometry":{"type":"Point","coordinates":[76.02,10.55]},"properties":{"SECTOR_NAM":"KERALA","SECTOR_ID":"SEC005","DIST_NAME":"Thrissur","LC_NAME":"Chavakkad","LONGITUDE":76.02,"LATITUDE":10.55,"FORECAST_D":"2024-04-27T18:30:00Z","VALIDITY_D":"2024-04-28T18:30:00Z","STATUS":"YES"}},{"type":"Feature","geometry":{"type":"Point","coordinates":[76.3,9.62]},"properties":{"SECTOR_NAM":"KERALA","SECTOR_ID":"SEC005","DIST_NAME":"Alappuzha","LC_NAME":"Chethy","LONGITUDE":76.3,"LATITUDE":9.62,"FORECAST_D":"2024-04-27T18:30:00Z","VALIDITY_D":"2024-04-28T18:30:00Z","STATUS":"YES"}},{"type":"Feature","geometry":{"type":"Point","coordinates":[76.29,9.66]},"properties":{"SECTOR_NAM":"KERALA","SECTOR_ID":"SEC005","DIST_NAME":"Alappuzha","LC_NAME":"Aratungal","LONGITUDE":76.29,"LATITUDE":9.66,"FORECAST_D":"2024-04-27T18:30:00Z","VALIDITY_D":"2024-04-28T18:30:00Z","STATUS":"YES"}},{"type":"Feature","geometry":{"type":"Point","coordinates":[76.16,10.2]},"properties":{"SECTOR_NAM":"KERALA","SECTOR_ID":"SEC005","DIST_NAME":"Thrissur","LC_NAME":"Kodungallur","LONGITUDE":76.16,"LATITUDE":10.2,"FORECAST_D":"2024-04-27T18:30:00Z","VALIDITY_D":"2024-04-28T18:30:00Z","STATUS":"YES"}},{"type":"Feature","geometry":{"type":"Point","coordinates":[76.24,9.96]},"properties":{"SECTOR_NAM":"KERALA","SECTOR_ID":"SEC005","DIST_NAME":"Ernakulam","LC_NAME":"Kochi","LONGITUDE":76.24,"LATITUDE":9.96,"FORECAST_D":"2024-04-27T18:30:00Z","VALIDITY_D":"2024-04-28T18:30:00Z","STATUS":"YES"}},{"type":"Feature","geometry":{"type":"Point","coordinates":[75.58,11.59]},"properties":{"SECTOR_NAM":"KERALA","SECTOR_ID":"SEC005","DIST_NAME":"Kozhikode","LC_NAME":"Badagara","LONGITUDE":75.58,"LATITUDE":11.59,"FORECAST_D":"2024-04-27T18:30:00Z","VALIDITY_D":"2024-04-28T18:30:00Z","STATUS":"YES"}},{"type":"Feature","geometry":{"type":"Point","coordinates":[75.43,11.81]},"properties":{"SECTOR_NAM":"KERALA","SECTOR_ID":"SEC005","DIST_NAME":"Kannur","LC_NAME":"Edakkad","LONGITUDE":75.43,"LATITUDE":11.81,"FORECAST_D":"2024-04-27T18:30:00Z","VALIDITY_D":"2024-04-28T18:30:00Z","STATUS":"YES"}},{"type":"Feature","geometry":{"type":"Point","coordinates":[75.35,11.93]},"properties":{"SECTOR_NAM":"KERALA","SECTOR_ID":"SEC005","DIST_NAME":"Kannur","LC_NAME":"Valapattanam","LONGITUDE":75.35,"LATITUDE":11.93,"FORECAST_D":"2024-04-27T18:30:00Z","VALIDITY_D":"2024-04-28T18:30:00Z","STATUS":"YES"}},{"type":"Feature","geometry":{"type":"Point","coordinates":[75.81,11.15]},"properties":{"SECTOR_NAM":"KERALA","SECTOR_ID":"SEC005","DIST_NAME":"Kozhikode","LC_NAME":"Beypore","LONGITUDE":75.81,"LATITUDE":11.15,"FORECAST_D":"2024-04-27T18:30:00Z","VALIDITY_D":"2024-04-28T18:30:00Z","STATUS":"YES"}},{"type":"Feature","geometry":{"type":"Point","coordinates":[76.21,10.03]},"properties":{"SECTOR_NAM":"KERALA","SECTOR_ID":"SEC005","DIST_NAME":"Ernakulam","LC_NAME":"Nayarambalam","LONGITUDE":76.21,"LATITUDE":10.03,"FORECAST_D":"2024-04-27T18:30:00Z","VALIDITY_D":"2024-04-28T18:30:00Z","STATUS":"YES"}},{"type":"Feature","geometry":{"type":"Point","coordinates":[76.13,10.3]},"properties":{"SECTOR_NAM":"KERALA","SECTOR_ID":"SEC005","DIST_NAME":"Thrissur","LC_NAME":"PerinjanamAraattukadavu","LONGITUDE":76.13,"LATITUDE":10.3,"FORECAST_D":"2024-04-27T18:30:00Z","VALIDITY_D":"2024-04-28T18:30:00Z","STATUS":"YES"}},{"type":"Feature","geometry":{"type":"Point","coordinates":[75.77,11.27]},"properties":{"SECTOR_NAM":"KERALA","SECTOR_ID":"SEC005","DIST_NAME":"Kozhikode","LC_NAME":"Vellayil","LONGITUDE":75.77,"LATITUDE":11.27,"FORECAST_D":"2024-04-27T18:30:00Z","VALIDITY_D":"2024-04-28T18:30:00Z","STATUS":"YES"}},{"type":"Feature","geometry":{"type":"Point","coordinates":[75.72,11.39]},"properties":{"SECTOR_NAM":"KERALA","SECTOR_ID":"SEC005","DIST_NAME":"Kozhikode","LC_NAME":"Chemancheri","LONGITUDE":75.72,"LATITUDE":11.39,"FORECAST_D":"2024-04-27T18:30:00Z","VALIDITY_D":"2024-04-28T18:30:00Z","STATUS":"YES"}},{"type":"Feature","geometry":{"type":"Point","coordinates":[76.13,10.29]},"properties":{"SECTOR_NAM":"KERALA","SECTOR_ID":"SEC005","DIST_NAME":"Thrissur","LC_NAME":"Kulimuttam","LONGITUDE":76.13,"LATITUDE":10.29,"FORECAST_D":"2024-04-27T18:30:00Z","VALIDITY_D":"2024-04-28T18:30:00Z","STATUS":"YES"}},{"type":"Feature","geometry":{"type":"Point","coordinates":[75.75,11.32]},"properties":{"SECTOR_NAM":"KERALA","SECTOR_ID":"SEC005","DIST_NAME":"Kozhikode","LC_NAME":"PuthiyappaFH","LONGITUDE":75.75,"LATITUDE":11.32,"FORECAST_D":"2024-04-27T18:30:00Z","VALIDITY_D":"2024-04-28T18:30:00Z","STATUS":"YES"}},{"type":"Feature","geometry":{"type":"Point","coordinates":[76.19,10.09]},"properties":{"SECTOR_NAM":"KERALA","SECTOR_ID":"SEC005","DIST_NAME":"Ernakulam","LC_NAME":"Edavanakad","LONGITUDE":76.19,"LATITUDE":10.09,"FORECAST_D":"2024-04-27T18:30:00Z","VALIDITY_D":"2024-04-28T18:30:00Z","STATUS":"YES"}},{"type":"Feature","geometry":{"type":"Point","coordinates":[74.97,12.52]},"properties":{"SECTOR_NAM":"KERALA","SECTOR_ID":"SEC005","DIST_NAME":"Kasaragod","LC_NAME":"Adakathbail","LONGITUDE":74.97,"LATITUDE":12.52,"FORECAST_D":"2024-04-27T18:30:00Z","VALIDITY_D":"2024-04-28T18:30:00Z","STATUS":"YES"}},{"type":"Feature","geometry":{"type":"Point","coordinates":[75.51,11.73]},"properties":{"SECTOR_NAM":"KERALA","SECTOR_ID":"SEC005","DIST_NAME":"Kannur","LC_NAME":"NewMahe","LONGITUDE":75.51,"LATITUDE":11.73,"FORECAST_D":"2024-04-27T18:30:00Z","VALIDITY_D":"2024-04-28T18:30:00Z","STATUS":"YES"}},{"type":"Feature","geometry":{"type":"Point","coordinates":[75.1,12.26]},"properties":{"SECTOR_NAM":"KERALA","SECTOR_ID":"SEC005","DIST_NAME":"Kasaragod","LC_NAME":"Nileswaram","LONGITUDE":75.1,"LATITUDE":12.26,"FORECAST_D":"2024-04-27T18:30:00Z","VALIDITY_D":"2024-04-28T18:30:00Z","STATUS":"YES"}},{"type":"Feature","geometry":{"type":"Point","coordinates":[76.35,9.4]},"properties":{"SECTOR_NAM":"KERALA","SECTOR_ID":"SEC005","DIST_NAME":"Alappuzha","LC_NAME":"Valanjavazhy","LONGITUDE":76.35,"LATITUDE":9.4,"FORECAST_D":"2024-04-27T18:30:00Z","VALIDITY_D":"2024-04-28T18:30:00Z","STATUS":"YES"}},{"type":"Feature","geometry":{"type":"Point","coordinates":[76.12,10.32]},"properties":{"SECTOR_NAM":"KERALA","SECTOR_ID":"SEC005","DIST_NAME":"Thrissur","LC_NAME":"KaipamangalamVanchipura","LONGITUDE":76.12,"LATITUDE":10.32,"FORECAST_D":"2024-04-27T18:30:00Z","VALIDITY_D":"2024-04-28T18:30:00Z","STATUS":"YES"}},{"type":"Feature","geometry":{"type":"Point","coordinates":[74.99,12.48]},"properties":{"SECTOR_NAM":"KERALA","SECTOR_ID":"SEC005","DIST_NAME":"Kasaragod","LC_NAME":"ThalangarJetty","LONGITUDE":74.99,"LATITUDE":12.48,"FORECAST_D":"2024-04-27T18:30:00Z","VALIDITY_D":"2024-04-28T18:30:00Z","STATUS":"YES"}},{"type":"Feature","geometry":{"type":"Point","coordinates":[75.89,10.9]},"properties":{"SECTOR_NAM":"KERALA","SECTOR_ID":"SEC005","DIST_NAME":"Malappuram","LC_NAME":"Paravannangadi","LONGITUDE":75.89,"LATITUDE":10.9,"FORECAST_D":"2024-04-27T18:30:00Z","VALIDITY_D":"2024-04-28T18:30:00Z","STATUS":"YES"}},{"type":"Feature","geometry":{"type":"Point","coordinates":[77.04,8.34]},"properties":{"SECTOR_NAM":"KERALA","SECTOR_ID":"SEC005","DIST_NAME":"Thiruvananthapuram","LC_NAME":"Puthiathura(Chinnamarthandanthura)","LONGITUDE":77.04,"LATITUDE":8.34,"STATUS":"NO"}},{"type":"Feature","geometry":{"type":"Point","coordinates":[77.05,8.33]},"properties":{"SECTOR_NAM":"KERALA","SECTOR_ID":"SEC005","DIST_NAME":"Thiruvananthapuram","LC_NAME":"Kochuthura","LONGITUDE":77.05,"LATITUDE":8.33,"STATUS":"NO"}},{"type":"Feature","geometry":{"type":"Point","coordinates":[77.06,8.32]},"properties":{"SECTOR_NAM":"KERALA","SECTOR_ID":"SEC005","DIST_NAME":"Thiruvananthapuram","LC_NAME":"Poovar","LONGITUDE":77.06,"LATITUDE":8.32,"STATUS":"NO"}},{"type":"Feature","geometry":{"type":"Point","coordinates":[77.1,8.29]},"properties":{"SECTOR_NAM":"SOUTH TAMILNADU","SECTOR_ID":"SEC006","DIST_NAME":"Kanniyakumari","LC_NAME":"Neerodi","LONGITUDE":77.1,"LATITUDE":8.29,"STATUS":"NO"}},{"type":"Feature","geometry":{"type":"Point","coordinates":[77.11,8.28]},"properties":{"SECTOR_NAM":"SOUTH TAMILNADU","SECTOR_ID":"SEC006","DIST_NAME":"Kanniyakumari","LC_NAME":"Marthandamthurai","LONGITUDE":77.11,"LATITUDE":8.28,"STATUS":"NO"}},{"type":"Feature","geometry":{"type":"Point","coordinates":[77.12,8.28]},"properties":{"SECTOR_NAM":"SOUTH TAMILNADU","SECTOR_ID":"SEC006","DIST_NAME":"Kanniyakumari","LC_NAME":"Vallavilai","LONGITUDE":77.12,"LATITUDE":8.28,"STATUS":"NO"}},{"type":"Feature","geometry":{"type":"Point","coordinates":[77.13,8.27]},"properties":{"SECTOR_NAM":"SOUTH TAMILNADU","SECTOR_ID":"SEC006","DIST_NAME":"Kanniyakumari","LC_NAME":"Eraviputhenthurai","LONGITUDE":77.13,"LATITUDE":8.27,"STATUS":"NO"}},{"type":"Feature","geometry":{"type":"Point","coordinates":[77.14,8.26]},"properties":{"SECTOR_NAM":"SOUTH TAMILNADU","SECTOR_ID":"SEC006","DIST_NAME":"Kanniyakumari","LC_NAME":"Ezhudesam Chinnathurai","LONGITUDE":77.14,"LATITUDE":8.26,"STATUS":"NO"}},{"type":"Feature","geometry":{"type":"Point","coordinates":[77.14,8.26]},"properties":{"SECTOR_NAM":"SOUTH TAMILNADU","SECTOR_ID":"SEC006","DIST_NAME":"Kanniyakumari","LC_NAME":"Thoothur","LONGITUDE":77.14,"LATITUDE":8.26,"STATUS":"NO"}},{"type":"Feature","geometry":{"type":"Point","coordinates":[77.15,8.26]},"properties":{"SECTOR_NAM":"SOUTH TAMILNADU","SECTOR_ID":"SEC006","DIST_NAME":"Kanniyakumari","LC_NAME":"Poothurai","LONGITUDE":77.15,"LATITUDE":8.26,"STATUS":"NO"}},{"type":"Feature","geometry":{"type":"Point","coordinates":[77.16,8.25]},"properties":{"SECTOR_NAM":"SOUTH TAMILNADU","SECTOR_ID":"SEC006","DIST_NAME":"Kanniyakumari","LC_NAME":"Erayammanthura","LONGITUDE":77.16,"LATITUDE":8.25,"STATUS":"NO"}},{"type":"Feature","geometry":{"type":"Point","coordinates":[77.16,8.24]},"properties":{"SECTOR_NAM":"SOUTH TAMILNADU","SECTOR_ID":"SEC006","DIST_NAME":"Kanniyakumari","LC_NAME":"Erayumanthurai","LONGITUDE":77.16,"LATITUDE":8.24,"STATUS":"NO"}},{"type":"Feature","geometry":{"type":"Point","coordinates":[77.17,8.24]},"properties":{"SECTOR_NAM":"SOUTH TAMILNADU","SECTOR_ID":"SEC006","DIST_NAME":"Kanniyakumari","LC_NAME":"Thengapattanam","LONGITUDE":77.17,"LATITUDE":8.24,"STATUS":"NO"}},{"type":"Feature","geometry":{"type":"Point","coordinates":[77.17,8.24]},"properties":{"SECTOR_NAM":"SOUTH TAMILNADU","SECTOR_ID":"SEC006","DIST_NAME":"Kanniyakumari","LC_NAME":"Mulloorthurai","LONGITUDE":77.17,"LATITUDE":8.24,"STATUS":"NO"}},{"type":"Feature","geometry":{"type":"Point","coordinates":[77.18,8.23]},"properties":{"SECTOR_NAM":"SOUTH TAMILNADU","SECTOR_ID":"SEC006","DIST_NAME":"Kanniyakumari","LC_NAME":"Ramanthurai","LONGITUDE":77.18,"LATITUDE":8.23,"STATUS":"NO"}},{"type":"Feature","geometry":{"type":"Point","coordinates":[77.18,8.23]},"properties":{"SECTOR_NAM":"SOUTH TAMILNADU","SECTOR_ID":"SEC006","DIST_NAME":"Kanniyakumari","LC_NAME":"Enayam puthenthurai","LONGITUDE":77.18,"LATITUDE":8.23,"STATUS":"NO"}},{"type":"Feature","geometry":{"type":"Point","coordinates":[77.18,8.23]},"properties":{"SECTOR_NAM":"SOUTH TAMILNADU","SECTOR_ID":"SEC006","DIST_NAME":"Kanniyakumari","LC_NAME":"Enayam Chinnathurai","LONGITUDE":77.18,"LATITUDE":8.23,"STATUS":"NO"}},{"type":"Feature","geometry":{"type":"Point","coordinates":[77.18,8.22]},"properties":{"SECTOR_NAM":"SOUTH TAMILNADU","SECTOR_ID":"SEC006","DIST_NAME":"Kanniyakumari","LC_NAME":"Enayam","LONGITUDE":77.18,"LATITUDE":8.22,"STATUS":"NO"}},{"type":"Feature","geometry":{"type":"Point","coordinates":[77.21,8.21]},"properties":{"SECTOR_NAM":"SOUTH TAMILNADU","SECTOR_ID":"SEC006","DIST_NAME":"Kanniyakumari","LC_NAME":"Midaalam","LONGITUDE":77.21,"LATITUDE":8.21,"STATUS":"NO"}},{"type":"Feature","geometry":{"type":"Point","coordinates":[77.21,8.2]},"properties":{"SECTOR_NAM":"SOUTH TAMILNADU","SECTOR_ID":"SEC006","DIST_NAME":"Kanniyakumari","LC_NAME":"Midalam (Naduthurai","LONGITUDE":77.21,"LATITUDE":8.2,"STATUS":"NO"}},{"type":"Feature","geometry":{"type":"Point","coordinates":[77.23,8.19]},"properties":{"SECTOR_NAM":"SOUTH TAMILNADU","SECTOR_ID":"SEC006","DIST_NAME":"Kanniyakumari","LC_NAME":"Kurumbanai","LONGITUDE":77.23,"LATITUDE":8.19,"STATUS":"NO"}},{"type":"Feature","geometry":{"type":"Point","coordinates":[77.23,8.18]},"properties":{"SECTOR_NAM":"SOUTH TAMILNADU","SECTOR_ID":"SEC006","DIST_NAME":"Kanniyakumari","LC_NAME":"Vaniyakudi","LONGITUDE":77.23,"LATITUDE":8.18,"STATUS":"NO"}},{"type":"Feature","geometry":{"type":"Point","coordinates":[68.72,23.81]},"properties":{"SECTOR_NAM":"GUJARAT","SECTOR_ID":"SEC001","DIST_NAME":"Kachchh","LC_NAME":"Lakhapat","LONGITUDE":68.72,"LATITUDE":23.81,"STATUS":"NO"}},{"type":"Feature","geometry":{"type":"Point","coordinates":[68.55,23.67]},"properties":{"SECTOR_NAM":"GUJARAT","SECTOR_ID":"SEC001","DIST_NAME":"Kachchh","LC_NAME":"Kanoj","LONGITUDE":68.55,"LATITUDE":23.67,"STATUS":"NO"}},{"type":"Feature","geometry":{"type":"Point","coordinates":[68.53,23.67]},"properties":{"SECTOR_NAM":"GUJARAT","SECTOR_ID":"SEC001","DIST_NAME":"Kachchh","LC_NAME":"Narayan Sarovar (Koteshwar)","LONGITUDE":68.53,"LATITUDE":23.67,"STATUS":"NO"}},{"type":"Feature","geometry":{"type":"Point","coordinates":[68.52,23.64]},"properties":{"SECTOR_NAM":"GUJARAT","SECTOR_ID":"SEC001","DIST_NAME":"Kachchh","LC_NAME":"Guvar","LONGITUDE":68.52,"LATITUDE":23.64,"STATUS":"NO"}},{"type":"Feature","geometry":{"type":"Point","coordinates":[68.49,23.59]},"properties":{"SECTOR_NAM":"GUJARAT","SECTOR_ID":"SEC001","DIST_NAME":"Kachchh","LC_NAME":"Lakhi Bandar","LONGITUDE":68.49,"LATITUDE":23.59,"STATUS":"NO"}},{"type":"Feature","geometry":{"type":"Point","coordinates":[69.39,22.81]},"properties":{"SECTOR_NAM":"GUJARAT","SECTOR_ID":"SEC001","DIST_NAME":"Kachchh","LC_NAME":"Rawal Pir Dargah","LONGITUDE":69.39,"LATITUDE":22.81,"STATUS":"NO"}},{"type":"Feature","geometry":{"type":"Point","coordinates":[69.44,22.79]},"properties":{"SECTOR_NAM":"GUJARAT","SECTOR_ID":"SEC001","DIST_NAME":"Kachchh","LC_NAME":"Modhva","LONGITUDE":69.44,"LATITUDE":22.79,"STATUS":"NO"}},{"type":"Feature","geometry":{"type":"Point","coordinates":[69.48,22.78]},"properties":{"SECTOR_NAM":"GUJARAT","SECTOR_ID":"SEC001","DIST_NAME":"Kachchh","LC_NAME":"Tragdi","LONGITUDE":69.48,"LATITUDE":22.78,"STATUS":"NO"}},{"type":"Feature","geometry":{"type":"Point","coordinates":[72.66,21.09]},"properties":{"SECTOR_NAM":"GUJARAT","SECTOR_ID":"SEC001","DIST_NAME":"Surat","LC_NAME":"Hazira","LONGITUDE":72.66,"LATITUDE":21.09,"STATUS":"NO"}},{"type":"Feature","geometry":{"type":"Point","coordinates":[72.74,21.15]},"properties":{"SECTOR_NAM":"GUJARAT","SECTOR_ID":"SEC001","DIST_NAME":"Surat","LC_NAME":"Dumas","LONGITUDE":72.74,"LATITUDE":21.15,"STATUS":"NO"}},{"type":"Feature","geometry":{"type":"Point","coordinates":[72.75,21.14]},"properties":{"SECTOR_NAM":"GUJARAT","SECTOR_ID":"SEC001","DIST_NAME":"Surat","LC_NAME":"Magadalla","LONGITUDE":72.75,"LATITUDE":21.14,"STATUS":"NO"}},{"type":"Feature","geometry":{"type":"Point","coordinates":[72.73,21.07]},"properties":{"SECTOR_NAM":"GUJARAT","SECTOR_ID":"SEC001","DIST_NAME":"Surat","LC_NAME":"Bhimpur","LONGITUDE":72.73,"LATITUDE":21.07,"STATUS":"NO"}},{"type":"Feature","geometry":{"type":"Point","coordinates":[72.74,21]},"properties":{"SECTOR_NAM":"GUJARAT","SECTOR_ID":"SEC001","DIST_NAME":"Navsari","LC_NAME":"Dipla","LONGITUDE":72.74,"LATITUDE":21,"STATUS":"NO"}},{"type":"Feature","geometry":{"type":"Point","coordinates":[72.76,20.94]},"properties":{"SECTOR_NAM":"GUJARAT","SECTOR_ID":"SEC001","DIST_NAME":"Navsari","LC_NAME":"Wasi Borsi","LONGITUDE":72.76,"LATITUDE":20.94,"STATUS":"NO"}},{"type":"Feature","geometry":{"type":"Point","coordinates":[72.8,20.88]},"properties":{"SECTOR_NAM":"GUJARAT","SECTOR_ID":"SEC001","DIST_NAME":"Navsari","LC_NAME":"Dandi","LONGITUDE":72.8,"LATITUDE":20.88,"STATUS":"NO"}},{"type":"Feature","geometry":{"type":"Point","coordinates":[72.83,20.81]},"properties":{"SECTOR_NAM":"GUJARAT","SECTOR_ID":"SEC001","DIST_NAME":"Navsari","LC_NAME":"Onjal Machhivad","LONGITUDE":72.83,"LATITUDE":20.81,"STATUS":"NO"}},{"type":"Feature","geometry":{"type":"Point","coordinates":[72.85,20.8]},"properties":{"SECTOR_NAM":"GUJARAT","SECTOR_ID":"SEC001","DIST_NAME":"Navsari","LC_NAME":"Krishnapur","LONGITUDE":72.85,"LATITUDE":20.8,"STATUS":"NO"}},{"type":"Feature","geometry":{"type":"Point","coordinates":[72.84,20.77]},"properties":{"SECTOR_NAM":"GUJARAT","SECTOR_ID":"SEC001","DIST_NAME":"Navsari","LC_NAME":"Bhat","LONGITUDE":72.84,"LATITUDE":20.77,"STATUS":"NO"}},{"type":"Feature","geometry":{"type":"Point","coordinates":[72.87,20.75]},"properties":{"SECTOR_NAM":"GUJARAT","SECTOR_ID":"SEC001","DIST_NAME":"Navsari","LC_NAME":"Mendhar","LONGITUDE":72.87,"LATITUDE":20.75,"STATUS":"NO"}},{"type":"Feature","geometry":{"type":"Point","coordinates":[72.9,20.74]},"properties":{"SECTOR_NAM":"GUJARAT","SECTOR_ID":"SEC001","DIST_NAME":"Navsari","LC_NAME":"Dholai","LONGITUDE":72.9,"LATITUDE":20.74,"STATUS":"NO"}},{"type":"Feature","geometry":{"type":"Point","coordinates":[72.88,20.74]},"properties":{"SECTOR_NAM":"GUJARAT","SECTOR_ID":"SEC001","DIST_NAME":"Valsad","LC_NAME":"NaniDanti","LONGITUDE":72.88,"LATITUDE":20.74,"STATUS":"NO"}},{"type":"Feature","geometry":{"type":"Point","coordinates":[72.86,20.71]},"properties":{"SECTOR_NAM":"GUJARAT","SECTOR_ID":"SEC001","DIST_NAME":"Valsad","LC_NAME":"Kakwadi","LONGITUDE":72.86,"LATITUDE":20.71,"STATUS":"NO"}},{"type":"Feature","geometry":{"type":"Point","coordinates":[72.9,20.65]},"properties":{"SECTOR_NAM":"GUJARAT","SECTOR_ID":"SEC001","DIST_NAME":"Valsad","LC_NAME":"Bhadeli Jagalala","LONGITUDE":72.9,"LATITUDE":20.65,"STATUS":"NO"}},{"type":"Feature","geometry":{"type":"Point","coordinates":[72.89,20.63]},"properties":{"SECTOR_NAM":"GUJARAT","SECTOR_ID":"SEC001","DIST_NAME":"Valsad","LC_NAME":"Valsad","LONGITUDE":72.89,"LATITUDE":20.63,"STATUS":"NO"}},{"type":"Feature","geometry":{"type":"Point","coordinates":[72.89,20.62]},"properties":{"SECTOR_NAM":"GUJARAT","SECTOR_ID":"SEC001","DIST_NAME":"Valsad","LC_NAME":"Kosamba (Machhivad)","LONGITUDE":72.89,"LATITUDE":20.62,"STATUS":"NO"}},{"type":"Feature","geometry":{"type":"Point","coordinates":[72.89,20.54]},"properties":{"SECTOR_NAM":"GUJARAT","SECTOR_ID":"SEC001","DIST_NAME":"Valsad","LC_NAME":"Magod Dungri","LONGITUDE":72.89,"LATITUDE":20.54,"STATUS":"NO"}},{"type":"Feature","geometry":{"type":"Point","coordinates":[72.89,20.53]},"properties":{"SECTOR_NAM":"GUJARAT","SECTOR_ID":"SEC001","DIST_NAME":"Valsad","LC_NAME":"Umarsadi","LONGITUDE":72.89,"LATITUDE":20.53,"STATUS":"NO"}},{"type":"Feature","geometry":{"type":"Point","coordinates":[72.86,20.47]},"properties":{"SECTOR_NAM":"GUJARAT","SECTOR_ID":"SEC001","DIST_NAME":"Valsad","LC_NAME":"Kolak","LONGITUDE":72.86,"LATITUDE":20.47,"STATUS":"NO"}},{"type":"Feature","geometry":{"type":"Point","coordinates":[72.85,20.45]},"properties":{"SECTOR_NAM":"GUJARAT","SECTOR_ID":"SEC001","DIST_NAME":"Daman","LC_NAME":"Bhimpor","LONGITUDE":72.85,"LATITUDE":20.45,"STATUS":"NO"}},{"type":"Feature","geometry":{"type":"Point","coordinates":[72.83,20.41]},"properties":{"SECTOR_NAM":"GUJARAT","SECTOR_ID":"SEC001","DIST_NAME":"Daman","LC_NAME":"Daman","LONGITUDE":72.83,"LATITUDE":20.41,"STATUS":"NO"}},{"type":"Feature","geometry":{"type":"Point","coordinates":[72.82,20.36]},"properties":{"SECTOR_NAM":"GUJARAT","SECTOR_ID":"SEC001","DIST_NAME":"Valsad","LC_NAME":"Kalai","LONGITUDE":72.82,"LATITUDE":20.36,"STATUS":"NO"}},{"type":"Feature","geometry":{"type":"Point","coordinates":[72.78,20.34]},"properties":{"SECTOR_NAM":"GUJARAT","SECTOR_ID":"SEC001","DIST_NAME":"Valsad","LC_NAME":"Fansa","LONGITUDE":72.78,"LATITUDE":20.34,"STATUS":"NO"}},{"type":"Feature","geometry":{"type":"Point","coordinates":[72.77,20.3]},"properties":{"SECTOR_NAM":"GUJARAT","SECTOR_ID":"SEC001","DIST_NAME":"Valsad","LC_NAME":"Maroli","LONGITUDE":72.77,"LATITUDE":20.3,"STATUS":"NO"}},{"type":"Feature","geometry":{"type":"Point","coordinates":[72.75,20.28]},"properties":{"SECTOR_NAM":"GUJARAT","SECTOR_ID":"SEC001","DIST_NAME":"Valsad","LC_NAME":"Tadgam","LONGITUDE":72.75,"LATITUDE":20.28,"STATUS":"NO"}},{"type":"Feature","geometry":{"type":"Point","coordinates":[72.75,20.22]},"properties":{"SECTOR_NAM":"GUJARAT","SECTOR_ID":"SEC001","DIST_NAME":"Valsad","LC_NAME":"Kathalwada","LONGITUDE":72.75,"LATITUDE":20.22,"STATUS":"NO"}},{"type":"Feature","geometry":{"type":"Point","coordinates":[72.75,20.23]},"properties":{"SECTOR_NAM":"GUJARAT","SECTOR_ID":"SEC001","DIST_NAME":"Valsad","LC_NAME":"Nargol","LONGITUDE":72.75,"LATITUDE":20.23,"STATUS":"NO"}},{"type":"Feature","geometry":{"type":"Point","coordinates":[72.75,20.2]},"properties":{"SECTOR_NAM":"GUJARAT","SECTOR_ID":"SEC001","DIST_NAME":"Valsad","LC_NAME":"Umargam","LONGITUDE":72.75,"LATITUDE":20.2,"STATUS":"NO"}},{"type":"Feature","geometry":{"type":"Point","coordinates":[72.74,20.12]},"properties":{"SECTOR_NAM":"MAHARASHTRA","SECTOR_ID":"SEC002","DIST_NAME":"Thane","LC_NAME":"Zai","LONGITUDE":72.74,"LATITUDE":20.12,"STATUS":"NO"}},{"type":"Feature","geometry":{"type":"Point","coordinates":[72.74,20.12]},"properties":{"SECTOR_NAM":"MAHARASHTRA","SECTOR_ID":"SEC002","DIST_NAME":"Thane","LC_NAME":"Bordi","LONGITUDE":72.74,"LATITUDE":20.12,"STATUS":"NO"}},{"type":"Feature","geometry":{"type":"Point","coordinates":[72.83,18.91]},"properties":{"SECTOR_NAM":"MAHARASHTRA","SECTOR_ID":"SEC002","DIST_NAME":"Mumbai","LC_NAME":"SasoonDock","LONGITUDE":72.83,"LATITUDE":18.91,"STATUS":"NO"}},{"type":"Feature","geometry":{"type":"Point","coordinates":[72.84,18.94]},"properties":{"SECTOR_NAM":"MAHARASHTRA","SECTOR_ID":"SEC002","DIST_NAME":"Mumbai","LC_NAME":"Kalbadevi","LONGITUDE":72.84,"LATITUDE":18.94,"STATUS":"NO"}},{"type":"Feature","geometry":{"type":"Point","coordinates":[72.85,18.95]},"properties":{"SECTOR_NAM":"MAHARASHTRA","SECTOR_ID":"SEC002","DIST_NAME":"Mumbai","LC_NAME":"Chinchbunder","LONGITUDE":72.85,"LATITUDE":18.95,"STATUS":"NO"}},{"type":"Feature","geometry":{"type":"Point","coordinates":[72.85,18.96]},"properties":{"SECTOR_NAM":"MAHARASHTRA","SECTOR_ID":"SEC002","DIST_NAME":"Mumbai","LC_NAME":"NewFerryWharf","LONGITUDE":72.85,"LATITUDE":18.96,"STATUS":"NO"}},{"type":"Feature","geometry":{"type":"Point","coordinates":[72.89,19.01]},"properties":{"SECTOR_NAM":"MAHARASHTRA","SECTOR_ID":"SEC002","DIST_NAME":"Mumbai Suburban","LC_NAME":"Trombay","LONGITUDE":72.89,"LATITUDE":19.01,"STATUS":"NO"}},{"type":"Feature","geometry":{"type":"Point","coordinates":[72.89,19.01]},"properties":{"SECTOR_NAM":"MAHARASHTRA","SECTOR_ID":"SEC002","DIST_NAME":"Mumbai Suburban","LC_NAME":"Mahul","LONGITUDE":72.89,"LATITUDE":19.01,"STATUS":"NO"}},{"type":"Feature","geometry":{"type":"Point","coordinates":[72.96,19.06]},"properties":{"SECTOR_NAM":"MAHARASHTRA","SECTOR_ID":"SEC002","DIST_NAME":"Mumbai Suburban","LC_NAME":"WashiBridge,PWDJetty","LONGITUDE":72.96,"LATITUDE":19.06,"STATUS":"NO"}},{"type":"Feature","geometry":{"type":"Point","coordinates":[73,19.09]},"properties":{"SECTOR_NAM":"MAHARASHTRA","SECTOR_ID":"SEC002","DIST_NAME":"Thane","LC_NAME":"Vashi(Haveli)","LONGITUDE":73,"LATITUDE":19.09,"STATUS":"NO"}},{"type":"Feature","geometry":{"type":"Point","coordinates":[73.03,19]},"properties":{"SECTOR_NAM":"MAHARASHTRA","SECTOR_ID":"SEC002","DIST_NAME":"Thane","LC_NAME":"Belapur","LONGITUDE":73.03,"LATITUDE":19,"STATUS":"NO"}},{"type":"Feature","geometry":{"type":"Point","coordinates":[73.03,18.99]},"properties":{"SECTOR_NAM":"MAHARASHTRA","SECTOR_ID":"SEC002","DIST_NAME":"Raigarh","LC_NAME":"UlwaMoha","LONGITUDE":73.03,"LATITUDE":18.99,"STATUS":"NO"}},{"type":"Feature","geometry":{"type":"Point","coordinates":[73.02,18.98]},"properties":{"SECTOR_NAM":"MAHARASHTRA","SECTOR_ID":"SEC002","DIST_NAME":"Raigarh","LC_NAME":"Morave-1","LONGITUDE":73.02,"LATITUDE":18.98,"STATUS":"NO"}},{"type":"Feature","geometry":{"type":"Point","coordinates":[72.96,18.97]},"properties":{"SECTOR_NAM":"MAHARASHTRA","SECTOR_ID":"SEC002","DIST_NAME":"Raigarh","LC_NAME":"Nhawa","LONGITUDE":72.96,"LATITUDE":18.97,"STATUS":"NO"}},{"type":"Feature","geometry":{"type":"Point","coordinates":[72.96,18.92]},"properties":{"SECTOR_NAM":"MAHARASHTRA","SECTOR_ID":"SEC002","DIST_NAME":"Raigarh","LC_NAME":"Dighode","LONGITUDE":72.96,"LATITUDE":18.92,"STATUS":"NO"}},{"type":"Feature","geometry":{"type":"Point","coordinates":[72.92,18.91]},"properties":{"SECTOR_NAM":"MAHARASHTRA","SECTOR_ID":"SEC002","DIST_NAME":"Raigarh","LC_NAME":"Mora","LONGITUDE":72.92,"LATITUDE":18.91,"STATUS":"NO"}},{"type":"Feature","geometry":{"type":"Point","coordinates":[72.93,18.9]},"properties":{"SECTOR_NAM":"MAHARASHTRA","SECTOR_ID":"SEC002","DIST_NAME":"Raigarh","LC_NAME":"HanumanKoliwada","LONGITUDE":72.93,"LATITUDE":18.9,"STATUS":"NO"}},{"type":"Feature","geometry":{"type":"Point","coordinates":[77.27,8.17]},"properties":{"SECTOR_NAM":"SOUTH TAMILNADU","SECTOR_ID":"SEC006","DIST_NAME":"Kanniyakumari","LC_NAME":"Mandaikadu puthoor","LONGITUDE":77.27,"LATITUDE":8.17,"STATUS":"NO"}},{"type":"Feature","geometry":{"type":"Point","coordinates":[77.29,8.15]},"properties":{"SECTOR_NAM":"SOUTH TAMILNADU","SECTOR_ID":"SEC006","DIST_NAME":"Kanniyakumari","LC_NAME":"Periavilai","LONGITUDE":77.29,"LATITUDE":8.15,"STATUS":"NO"}},{"type":"Feature","geometry":{"type":"Point","coordinates":[77.3,8.15]},"properties":{"SECTOR_NAM":"SOUTH TAMILNADU","SECTOR_ID":"SEC006","DIST_NAME":"Kanniyakumari","LC_NAME":"Chinnavilai","LONGITUDE":77.3,"LATITUDE":8.15,"STATUS":"NO"}},{"type":"Feature","geometry":{"type":"Point","coordinates":[77.3,8.14]},"properties":{"SECTOR_NAM":"SOUTH TAMILNADU","SECTOR_ID":"SEC006","DIST_NAME":"Kanniyakumari","LC_NAME":"Melakadiapattinam","LONGITUDE":77.3,"LATITUDE":8.14,"STATUS":"NO"}},{"type":"Feature","geometry":{"type":"Point","coordinates":[77.31,8.13]},"properties":{"SECTOR_NAM":"SOUTH TAMILNADU","SECTOR_ID":"SEC006","DIST_NAME":"Kanniyakumari","LC_NAME":"Kovalam","LONGITUDE":77.31,"LATITUDE":8.13,"STATUS":"NO"}},{"type":"Feature","geometry":{"type":"Point","coordinates":[77.31,8.13]},"properties":{"SECTOR_NAM":"SOUTH TAMILNADU","SECTOR_ID":"SEC006","DIST_NAME":"Kanniyakumari","LC_NAME":"Keezhakadiapattinam","LONGITUDE":77.31,"LATITUDE":8.13,"STATUS":"NO"}},{"type":"Feature","geometry":{"type":"Point","coordinates":[77.32,8.12]},"properties":{"SECTOR_NAM":"SOUTH TAMILNADU","SECTOR_ID":"SEC006","DIST_NAME":"Kanniyakumari","LC_NAME":"Melamuttom","LONGITUDE":77.32,"LATITUDE":8.12,"STATUS":"NO"}},{"type":"Feature","geometry":{"type":"Point","coordinates":[77.33,8.13]},"properties":{"SECTOR_NAM":"SOUTH TAMILNADU","SECTOR_ID":"SEC006","DIST_NAME":"Kanniyakumari","LC_NAME":"Muttom","LONGITUDE":77.33,"LATITUDE":8.13,"STATUS":"NO"}},{"type":"Feature","geometry":{"type":"Point","coordinates":[77.34,8.13]},"properties":{"SECTOR_NAM":"SOUTH TAMILNADU","SECTOR_ID":"SEC006","DIST_NAME":"Kanniyakumari","LC_NAME":"Azhikkal","LONGITUDE":77.34,"LATITUDE":8.13,"STATUS":"NO"}},{"type":"Feature","geometry":{"type":"Point","coordinates":[77.36,8.12]},"properties":{"SECTOR_NAM":"SOUTH TAMILNADU","SECTOR_ID":"SEC006","DIST_NAME":"Kanniyakumari","LC_NAME":"Rajakkamanglam","LONGITUDE":77.36,"LATITUDE":8.12,"STATUS":"NO"}},{"type":"Feature","geometry":{"type":"Point","coordinates":[77.38,8.12]},"properties":{"SECTOR_NAM":"SOUTH TAMILNADU","SECTOR_ID":"SEC006","DIST_NAME":"Kanniyakumari","LC_NAME":"Rajakamangalam Thurai","LONGITUDE":77.38,"LATITUDE":8.12,"STATUS":"NO"}},{"type":"Feature","geometry":{"type":"Point","coordinates":[77.39,8.11]},"properties":{"SECTOR_NAM":"SOUTH TAMILNADU","SECTOR_ID":"SEC006","DIST_NAME":"Kanniyakumari","LC_NAME":"Periyakadu","LONGITUDE":77.39,"LATITUDE":8.11,"STATUS":"NO"}},{"type":"Feature","geometry":{"type":"Point","coordinates":[77.4,8.11]},"properties":{"SECTOR_NAM":"SOUTH TAMILNADU","SECTOR_ID":"SEC006","DIST_NAME":"Kanniyakumari","LC_NAME":"Pozhikkarai","LONGITUDE":77.4,"LATITUDE":8.11,"STATUS":"NO"}},{"type":"Feature","geometry":{"type":"Point","coordinates":[77.41,8.11]},"properties":{"SECTOR_NAM":"SOUTH TAMILNADU","SECTOR_ID":"SEC006","DIST_NAME":"Kanniyakumari","LC_NAME":"Kesavanputhenthurai","LONGITUDE":77.41,"LATITUDE":8.11,"STATUS":"NO"}},{"type":"Feature","geometry":{"type":"Point","coordinates":[77.42,8.1]},"properties":{"SECTOR_NAM":"SOUTH TAMILNADU","SECTOR_ID":"SEC006","DIST_NAME":"Kanniyakumari","LC_NAME":"Puthenthurai","LONGITUDE":77.42,"LATITUDE":8.1,"STATUS":"NO"}},{"type":"Feature","geometry":{"type":"Point","coordinates":[77.43,8.1]},"properties":{"SECTOR_NAM":"SOUTH TAMILNADU","SECTOR_ID":"SEC006","DIST_NAME":"Kanniyakumari","LC_NAME":"Pallam","LONGITUDE":77.43,"LATITUDE":8.1,"STATUS":"NO"}},{"type":"Feature","geometry":{"type":"Point","coordinates":[77.49,8.09]},"properties":{"SECTOR_NAM":"SOUTH TAMILNADU","SECTOR_ID":"SEC006","DIST_NAME":"Kanniyakumari","LC_NAME":"Keezhamanakudi","LONGITUDE":77.49,"LATITUDE":8.09,"STATUS":"NO"}},{"type":"Feature","geometry":{"type":"Point","coordinates":[77.5,8.09]},"properties":{"SECTOR_NAM":"SOUTH TAMILNADU","SECTOR_ID":"SEC006","DIST_NAME":"Kanniyakumari","LC_NAME":"Mela Manakudi","LONGITUDE":77.5,"LATITUDE":8.09,"STATUS":"NO"}},{"type":"Feature","geometry":{"type":"Point","coordinates":[77.53,8.08]},"properties":{"SECTOR_NAM":"SOUTH TAMILNADU","SECTOR_ID":"SEC006","DIST_NAME":"Kanniyakumari","LC_NAME":"Kovalam Kanniyakumarai","LONGITUDE":77.53,"LATITUDE":8.08,"STATUS":"NO"}},{"type":"Feature","geometry":{"type":"Point","coordinates":[77.53,8.08]},"properties":{"SECTOR_NAM":"SOUTH TAMILNADU","SECTOR_ID":"SEC006","DIST_NAME":"Kanniyakumari","LC_NAME":"Puthur","LONGITUDE":77.53,"LATITUDE":8.08,"STATUS":"NO"}},{"type":"Feature","geometry":{"type":"Point","coordinates":[77.55,8.08]},"properties":{"SECTOR_NAM":"SOUTH TAMILNADU","SECTOR_ID":"SEC006","DIST_NAME":"Kanniyakumari","LC_NAME":"Puthugramam (Vavuthurai","LONGITUDE":77.55,"LATITUDE":8.08,"STATUS":"NO"}},{"type":"Feature","geometry":{"type":"Point","coordinates":[77.55,8.09]},"properties":{"SECTOR_NAM":"SOUTH TAMILNADU","SECTOR_ID":"SEC006","DIST_NAME":"Kanniyakumari","LC_NAME":"Kanniyakumari","LONGITUDE":77.55,"LATITUDE":8.09,"STATUS":"NO"}},{"type":"Feature","geometry":{"type":"Point","coordinates":[77.56,8.1]},"properties":{"SECTOR_NAM":"SOUTH TAMILNADU","SECTOR_ID":"SEC006","DIST_NAME":"Kanniyakumari","LC_NAME":"Chinnamuttom","LONGITUDE":77.56,"LATITUDE":8.1,"STATUS":"NO"}},{"type":"Feature","geometry":{"type":"Point","coordinates":[77.56,8.11]},"properties":{"SECTOR_NAM":"SOUTH TAMILNADU","SECTOR_ID":"SEC006","DIST_NAME":"Kanniyakumari","LC_NAME":"Lipuram","LONGITUDE":77.56,"LATITUDE":8.11,"STATUS":"NO"}},{"type":"Feature","geometry":{"type":"Point","coordinates":[77.56,8.12]},"properties":{"SECTOR_NAM":"SOUTH TAMILNADU","SECTOR_ID":"SEC006","DIST_NAME":"Kanniyakumari","LC_NAME":"Arockiyapuram","LONGITUDE":77.56,"LATITUDE":8.12,"STATUS":"NO"}},{"type":"Feature","geometry":{"type":"Point","coordinates":[77.6,8.15]},"properties":{"SECTOR_NAM":"SOUTH TAMILNADU","SECTOR_ID":"SEC006","DIST_NAME":"Tirunelveli","LC_NAME":"Kuttapuli","LONGITUDE":77.6,"LATITUDE":8.15,"STATUS":"NO"}},{"type":"Feature","geometry":{"type":"Point","coordinates":[77.62,8.15]},"properties":{"SECTOR_NAM":"SOUTH TAMILNADU","SECTOR_ID":"SEC006","DIST_NAME":"Tirunelveli","LC_NAME":"Chettikulam","LONGITUDE":77.62,"LATITUDE":8.15,"STATUS":"NO"}},{"type":"Feature","geometry":{"type":"Point","coordinates":[77.65,8.16]},"properties":{"SECTOR_NAM":"SOUTH TAMILNADU","SECTOR_ID":"SEC006","DIST_NAME":"Tirunelveli","LC_NAME":"Perumanal","LONGITUDE":77.65,"LATITUDE":8.16,"STATUS":"NO"}},{"type":"Feature","geometry":{"type":"Point","coordinates":[77.71,8.17]},"properties":{"SECTOR_NAM":"SOUTH TAMILNADU","SECTOR_ID":"SEC006","DIST_NAME":"Tirunelveli","LC_NAME":"Kudangulam","LONGITUDE":77.71,"LATITUDE":8.17,"STATUS":"NO"}},{"type":"Feature","geometry":{"type":"Point","coordinates":[77.73,8.17]},"properties":{"SECTOR_NAM":"SOUTH TAMILNADU","SECTOR_ID":"SEC006","DIST_NAME":"Tirunelveli","LC_NAME":"Idinthakarai","LONGITUDE":77.73,"LATITUDE":8.17,"STATUS":"NO"}},{"type":"Feature","geometry":{"type":"Point","coordinates":[77.74,8.18]},"properties":{"SECTOR_NAM":"SOUTH TAMILNADU","SECTOR_ID":"SEC006","DIST_NAME":"Tirunelveli","LC_NAME":"Perumanal","LONGITUDE":77.74,"LATITUDE":8.18,"STATUS":"NO"}},{"type":"Feature","geometry":{"type":"Point","coordinates":[77.76,8.19]},"properties":{"SECTOR_NAM":"SOUTH TAMILNADU","SECTOR_ID":"SEC006","DIST_NAME":"Tirunelveli","LC_NAME":"Thommayarpuram(Muddukuli","LONGITUDE":77.76,"LATITUDE":8.19,"STATUS":"NO"}},{"type":"Feature","geometry":{"type":"Point","coordinates":[77.78,8.22]},"properties":{"SECTOR_NAM":"SOUTH TAMILNADU","SECTOR_ID":"SEC006","DIST_NAME":"Tirunelveli","LC_NAME":"Koothanguzhi","LONGITUDE":77.78,"LATITUDE":8.22,"STATUS":"NO"}},{"type":"Feature","geometry":{"type":"Point","coordinates":[77.86,8.26]},"properties":{"SECTOR_NAM":"SOUTH TAMILNADU","SECTOR_ID":"SEC006","DIST_NAME":"Tirunelveli","LC_NAME":"Kundal","LONGITUDE":77.86,"LATITUDE":8.26,"STATUS":"NO"}},{"type":"Feature","geometry":{"type":"Point","coordinates":[77.89,8.27]},"properties":{"SECTOR_NAM":"SOUTH TAMILNADU","SECTOR_ID":"SEC006","DIST_NAME":"Tirunelveli","LC_NAME":"Uvari","LONGITUDE":77.89,"LATITUDE":8.27,"STATUS":"NO"}},{"type":"Feature","geometry":{"type":"Point","coordinates":[77.91,8.29]},"properties":{"SECTOR_NAM":"SOUTH TAMILNADU","SECTOR_ID":"SEC006","DIST_NAME":"Tirunelveli","LC_NAME":"Koottappanai","LONGITUDE":77.91,"LATITUDE":8.29,"STATUS":"NO"}},{"type":"Feature","geometry":{"type":"Point","coordinates":[77.93,8.3]},"properties":{"SECTOR_NAM":"SOUTH TAMILNADU","SECTOR_ID":"SEC006","DIST_NAME":"Tirunelveli","LC_NAME":"Kooduthalai","LONGITUDE":77.93,"LATITUDE":8.3,"STATUS":"NO"}},{"type":"Feature","geometry":{"type":"Point","coordinates":[77.97,8.34]},"properties":{"SECTOR_NAM":"SOUTH TAMILNADU","SECTOR_ID":"SEC006","DIST_NAME":"Tirunelveli","LC_NAME":"Periyathalai","LONGITUDE":77.97,"LATITUDE":8.34,"STATUS":"NO"}},{"type":"Feature","geometry":{"type":"Point","coordinates":[78.06,8.37]},"properties":{"SECTOR_NAM":"SOUTH TAMILNADU","SECTOR_ID":"SEC006","DIST_NAME":"Thoothukkudi","LC_NAME":"Manappad Pt","LONGITUDE":78.06,"LATITUDE":8.37,"STATUS":"NO"}},{"type":"Feature","geometry":{"type":"Point","coordinates":[78.06,8.4]},"properties":{"SECTOR_NAM":"SOUTH TAMILNADU","SECTOR_ID":"SEC006","DIST_NAME":"Thoothukkudi","LC_NAME":"Kulasekharapattinam","LONGITUDE":78.06,"LATITUDE":8.4,"STATUS":"NO"}},{"type":"Feature","geometry":{"type":"Point","coordinates":[78.08,8.44]},"properties":{"SECTOR_NAM":"SOUTH TAMILNADU","SECTOR_ID":"SEC006","DIST_NAME":"Thoothukkudi","LC_NAME":"Kallamozhi","LONGITUDE":78.08,"LATITUDE":8.44,"STATUS":"NO"}},{"type":"Feature","geometry":{"type":"Point","coordinates":[78.1,8.46]},"properties":{"SECTOR_NAM":"SOUTH TAMILNADU","SECTOR_ID":"SEC006","DIST_NAME":"Thoothukkudi","LC_NAME":"Alanthalai","LONGITUDE":78.1,"LATITUDE":8.46,"STATUS":"NO"}},{"type":"Feature","geometry":{"type":"Point","coordinates":[78.12,8.49]},"properties":{"SECTOR_NAM":"SOUTH TAMILNADU","SECTOR_ID":"SEC006","DIST_NAME":"Thoothukkudi","LC_NAME":"Amalinagar","LONGITUDE":78.12,"LATITUDE":8.49,"STATUS":"NO"}},{"type":"Feature","geometry":{"type":"Point","coordinates":[78.13,8.5]},"properties":{"SECTOR_NAM":"SOUTH TAMILNADU","SECTOR_ID":"SEC006","DIST_NAME":"Thoothukkudi","LC_NAME":"Jeevanagar","LONGITUDE":78.13,"LATITUDE":8.5,"STATUS":"NO"}},{"type":"Feature","geometry":{"type":"Point","coordinates":[78.12,8.52]},"properties":{"SECTOR_NAM":"SOUTH TAMILNADU","SECTOR_ID":"SEC006","DIST_NAME":"Thoothukkudi","LC_NAME":"Veerapandiyapattinam","LONGITUDE":78.12,"LATITUDE":8.52,"STATUS":"NO"}},{"type":"Feature","geometry":{"type":"Point","coordinates":[78.13,8.57]},"properties":{"SECTOR_NAM":"SOUTH TAMILNADU","SECTOR_ID":"SEC006","DIST_NAME":"Thoothukkudi","LC_NAME":"Singhithurai","LONGITUDE":78.13,"LATITUDE":8.57,"STATUS":"NO"}},{"type":"Feature","geometry":{"type":"Point","coordinates":[78.14,8.58]},"properties":{"SECTOR_NAM":"SOUTH TAMILNADU","SECTOR_ID":"SEC006","DIST_NAME":"Thoothukkudi","LC_NAME":"Kombuthurai Madhakoil","LONGITUDE":78.14,"LATITUDE":8.58,"STATUS":"NO"}},{"type":"Feature","geometry":{"type":"Point","coordinates":[78.13,8.64]},"properties":{"SECTOR_NAM":"SOUTH TAMILNADU","SECTOR_ID":"SEC006","DIST_NAME":"Thoothukkudi","LC_NAME":"Punnakkayal","LONGITUDE":78.13,"LATITUDE":8.64,"STATUS":"NO"}},{"type":"Feature","geometry":{"type":"Point","coordinates":[78.13,8.67]},"properties":{"SECTOR_NAM":"SOUTH TAMILNADU","SECTOR_ID":"SEC006","DIST_NAME":"Thoothukkudi","LC_NAME":"Ratchanyapuram","LONGITUDE":78.13,"LATITUDE":8.67,"STATUS":"NO"}},{"type":"Feature","geometry":{"type":"Point","coordinates":[78.17,8.74]},"properties":{"SECTOR_NAM":"SOUTH TAMILNADU","SECTOR_ID":"SEC006","DIST_NAME":"Thoothukkudi","LC_NAME":"Tuticorin","LONGITUDE":78.17,"LATITUDE":8.74,"STATUS":"NO"}},{"type":"Feature","geometry":{"type":"Point","coordinates":[78.2,8.78]},"properties":{"SECTOR_NAM":"SOUTH TAMILNADU","SECTOR_ID":"SEC006","DIST_NAME":"Thoothukkudi","LC_NAME":"Pandyan","LONGITUDE":78.2,"LATITUDE":8.78,"STATUS":"NO"}},{"type":"Feature","geometry":{"type":"Point","coordinates":[78.16,8.79]},"properties":{"SECTOR_NAM":"SOUTH TAMILNADU","SECTOR_ID":"SEC006","DIST_NAME":"Thoothukkudi","LC_NAME":"Inico nagar","LONGITUDE":78.16,"LATITUDE":8.79,"STATUS":"NO"}},{"type":"Feature","geometry":{"type":"Point","coordinates":[78.16,8.79]},"properties":{"SECTOR_NAM":"SOUTH TAMILNADU","SECTOR_ID":"SEC006","DIST_NAME":"Thoothukkudi","LC_NAME":"Thoothukudi","LONGITUDE":78.16,"LATITUDE":8.79,"STATUS":"NO"}},{"type":"Feature","geometry":{"type":"Point","coordinates":[78.16,8.81]},"properties":{"SECTOR_NAM":"SOUTH TAMILNADU","SECTOR_ID":"SEC006","DIST_NAME":"Thoothukkudi","LC_NAME":"Therespuram","LONGITUDE":78.16,"LATITUDE":8.81,"STATUS":"NO"}},{"type":"Feature","geometry":{"type":"Point","coordinates":[78.17,8.83]},"properties":{"SECTOR_NAM":"SOUTH TAMILNADU","SECTOR_ID":"SEC006","DIST_NAME":"Thoothukkudi","LC_NAME":"Thalamuthunagar","LONGITUDE":78.17,"LATITUDE":8.83,"STATUS":"NO"}},{"type":"Feature","geometry":{"type":"Point","coordinates":[78.17,8.86]},"properties":{"SECTOR_NAM":"SOUTH TAMILNADU","SECTOR_ID":"SEC006","DIST_NAME":"Thoothukkudi","LC_NAME":"Vellapatti","LONGITUDE":78.17,"LATITUDE":8.86,"STATUS":"NO"}},{"type":"Feature","geometry":{"type":"Point","coordinates":[78.17,8.89]},"properties":{"SECTOR_NAM":"SOUTH TAMILNADU","SECTOR_ID":"SEC006","DIST_NAME":"Thoothukkudi","LC_NAME":"Tharuvaikulam","LONGITUDE":78.17,"LATITUDE":8.89,"STATUS":"NO"}},{"type":"Feature","geometry":{"type":"Point","coordinates":[78.18,8.92]},"properties":{"SECTOR_NAM":"SOUTH TAMILNADU","SECTOR_ID":"SEC006","DIST_NAME":"Thoothukkudi","LC_NAME":"Pattanamarudur","LONGITUDE":78.18,"LATITUDE":8.92,"STATUS":"NO"}},{"type":"Feature","geometry":{"type":"Point","coordinates":[78.21,8.96]},"properties":{"SECTOR_NAM":"SOUTH TAMILNADU","SECTOR_ID":"SEC006","DIST_NAME":"Thoothukkudi","LC_NAME":"Veppalodai","LONGITUDE":78.21,"LATITUDE":8.96,"STATUS":"NO"}},{"type":"Feature","geometry":{"type":"Point","coordinates":[78.25,8.99]},"properties":{"SECTOR_NAM":"SOUTH TAMILNADU","SECTOR_ID":"SEC006","DIST_NAME":"Thoothukkudi","LC_NAME":"Sippikulam","LONGITUDE":78.25,"LATITUDE":8.99,"STATUS":"NO"}},{"type":"Feature","geometry":{"type":"Point","coordinates":[78.26,9]},"properties":{"SECTOR_NAM":"SOUTH TAMILNADU","SECTOR_ID":"SEC006","DIST_NAME":"Thoothukkudi","LC_NAME":"Keezhavaippar","LONGITUDE":78.26,"LATITUDE":9,"STATUS":"NO"}},{"type":"Feature","geometry":{"type":"Point","coordinates":[78.33,9.04]},"properties":{"SECTOR_NAM":"SOUTH TAMILNADU","SECTOR_ID":"SEC006","DIST_NAME":"Thoothukkudi","LC_NAME":"Periasamypuram","LONGITUDE":78.33,"LATITUDE":9.04,"STATUS":"NO"}},{"type":"Feature","geometry":{"type":"Point","coordinates":[78.36,9.08]},"properties":{"SECTOR_NAM":"SOUTH TAMILNADU","SECTOR_ID":"SEC006","DIST_NAME":"Thoothukkudi","LC_NAME":"Vembar","LONGITUDE":78.36,"LATITUDE":9.08,"STATUS":"NO"}},{"type":"Feature","geometry":{"type":"Point","coordinates":[78.39,9.09]},"properties":{"SECTOR_NAM":"SOUTH TAMILNADU","SECTOR_ID":"SEC006","DIST_NAME":"Thoothukkudi","LC_NAME":"Rojma Nagar","LONGITUDE":78.39,"LATITUDE":9.09,"STATUS":"NO"}},{"type":"Feature","geometry":{"type":"Point","coordinates":[78.48,9.13]},"properties":{"SECTOR_NAM":"SOUTH TAMILNADU","SECTOR_ID":"SEC006","DIST_NAME":"Ramanathapuram","LC_NAME":"Terku Mookkaiyur","LONGITUDE":78.48,"LATITUDE":9.13,"STATUS":"NO"}},{"type":"Feature","geometry":{"type":"Point","coordinates":[78.65,9.16]},"properties":{"SECTOR_NAM":"SOUTH TAMILNADU","SECTOR_ID":"SEC006","DIST_NAME":"Ramanathapuram","LC_NAME":"Valinokkam","LONGITUDE":78.65,"LATITUDE":9.16,"STATUS":"NO"}},{"type":"Feature","geometry":{"type":"Point","coordinates":[78.72,9.2]},"properties":{"SECTOR_NAM":"SOUTH TAMILNADU","SECTOR_ID":"SEC006","DIST_NAME":"Ramanathapuram","LC_NAME":"Chinna Ervadi","LONGITUDE":78.72,"LATITUDE":9.2,"STATUS":"NO"}},{"type":"Feature","geometry":{"type":"Point","coordinates":[78.79,9.23]},"properties":{"SECTOR_NAM":"SOUTH TAMILNADU","SECTOR_ID":"SEC006","DIST_NAME":"Ramanathapuram","LC_NAME":"Kilakarai","LONGITUDE":78.79,"LATITUDE":9.23,"STATUS":"NO"}},{"type":"Feature","geometry":{"type":"Point","coordinates":[78.87,9.26]},"properties":{"SECTOR_NAM":"SOUTH TAMILNADU","SECTOR_ID":"SEC006","DIST_NAME":"Ramanathapuram","LC_NAME":"Kalimankundu","LONGITUDE":78.87,"LATITUDE":9.26,"STATUS":"NO"}},{"type":"Feature","geometry":{"type":"Point","coordinates":[78.92,9.27]},"properties":{"SECTOR_NAM":"SOUTH TAMILNADU","SECTOR_ID":"SEC006","DIST_NAME":"Ramanathapuram","LC_NAME":"Muttupettai","LONGITUDE":78.92,"LATITUDE":9.27,"STATUS":"NO"}},{"type":"Feature","geometry":{"type":"Point","coordinates":[78.92,9.26]},"properties":{"SECTOR_NAM":"SOUTH TAMILNADU","SECTOR_ID":"SEC006","DIST_NAME":"Ramanathapuram","LC_NAME":"Inthira Nagar","LONGITUDE":78.92,"LATITUDE":9.26,"STATUS":"NO"}},{"type":"Feature","geometry":{"type":"Point","coordinates":[78.98,9.27]},"properties":{"SECTOR_NAM":"SOUTH TAMILNADU","SECTOR_ID":"SEC006","DIST_NAME":"Ramanathapuram","LC_NAME":"Valangapuri","LONGITUDE":78.98,"LATITUDE":9.27,"STATUS":"NO"}},{"type":"Feature","geometry":{"type":"Point","coordinates":[79.07,9.26]},"properties":{"SECTOR_NAM":"SOUTH TAMILNADU","SECTOR_ID":"SEC006","DIST_NAME":"Ramanathapuram","LC_NAME":"Seeniyappa Dharga","LONGITUDE":79.07,"LATITUDE":9.26,"STATUS":"NO"}},{"type":"Feature","geometry":{"type":"Point","coordinates":[79.1,9.26]},"properties":{"SECTOR_NAM":"SOUTH TAMILNADU","SECTOR_ID":"SEC006","DIST_NAME":"Ramanathapuram","LC_NAME":"Vedhalai","LONGITUDE":79.1,"LATITUDE":9.26,"STATUS":"NO"}},{"type":"Feature","geometry":{"type":"Point","coordinates":[79.15,9.28]},"properties":{"SECTOR_NAM":"SOUTH TAMILNADU","SECTOR_ID":"SEC006","DIST_NAME":"Ramanathapuram","LC_NAME":"Mandapam (South)","LONGITUDE":79.15,"LATITUDE":9.28,"STATUS":"NO"}},{"type":"Feature","geometry":{"type":"Point","coordinates":[79.22,9.27]},"properties":{"SECTOR_NAM":"SOUTH TAMILNADU","SECTOR_ID":"SEC006","DIST_NAME":"Virudunagar","LC_NAME":"Chinnapalam","LONGITUDE":79.22,"LATITUDE":9.27,"STATUS":"NO"}},{"type":"Feature","geometry":{"type":"Point","coordinates":[79.22,9.26]},"properties":{"SECTOR_NAM":"SOUTH TAMILNADU","SECTOR_ID":"SEC006","DIST_NAME":"Virudunagar","LC_NAME":"Pamban Kunthukal","LONGITUDE":79.22,"LATITUDE":9.26,"STATUS":"NO"}},{"type":"Feature","geometry":{"type":"Point","coordinates":[79.38,9.2]},"properties":{"SECTOR_NAM":"SOUTH TAMILNADU","SECTOR_ID":"SEC006","DIST_NAME":"Virudunagar","LC_NAME":"Mukuntharayarchatram","LONGITUDE":79.38,"LATITUDE":9.2,"STATUS":"NO"}},{"type":"Feature","geometry":{"type":"Point","coordinates":[79.41,9.19]},"properties":{"SECTOR_NAM":"SOUTH TAMILNADU","SECTOR_ID":"SEC006","DIST_NAME":"Virudunagar","LC_NAME":"Dhanushkodi","LONGITUDE":79.41,"LATITUDE":9.19,"STATUS":"NO"}},{"type":"Feature","geometry":{"type":"Point","coordinates":[79.32,9.28]},"properties":{"SECTOR_NAM":"SOUTH TAMILNADU","SECTOR_ID":"SEC006","DIST_NAME":"Virudunagar","LC_NAME":"Verkode","LONGITUDE":79.32,"LATITUDE":9.28,"STATUS":"NO"}},{"type":"Feature","geometry":{"type":"Point","coordinates":[69.53,22.79]},"properties":{"SECTOR_NAM":"GUJARAT","SECTOR_ID":"SEC001","DIST_NAME":"Kachchh","LC_NAME":"Tunda","LONGITUDE":69.53,"LATITUDE":22.79,"STATUS":"NO"}},{"type":"Feature","geometry":{"type":"Point","coordinates":[69.58,22.76]},"properties":{"SECTOR_NAM":"GUJARAT","SECTOR_ID":"SEC001","DIST_NAME":"Kachchh","LC_NAME":"Navinal","LONGITUDE":69.58,"LATITUDE":22.76,"STATUS":"NO"}},{"type":"Feature","geometry":{"type":"Point","coordinates":[69.67,22.78]},"properties":{"SECTOR_NAM":"GUJARAT","SECTOR_ID":"SEC001","DIST_NAME":"Kachchh","LC_NAME":"Zarpara","LONGITUDE":69.67,"LATITUDE":22.78,"STATUS":"NO"}},{"type":"Feature","geometry":{"type":"Point","coordinates":[69.7,22.76]},"properties":{"SECTOR_NAM":"GUJARAT","SECTOR_ID":"SEC001","DIST_NAME":"Kachchh","LC_NAME":"Mundra","LONGITUDE":69.7,"LATITUDE":22.76,"STATUS":"NO"}},{"type":"Feature","geometry":{"type":"Point","coordinates":[69.78,22.83]},"properties":{"SECTOR_NAM":"GUJARAT","SECTOR_ID":"SEC001","DIST_NAME":"Kachchh","LC_NAME":"Shekhadiya","LONGITUDE":69.78,"LATITUDE":22.83,"STATUS":"NO"}},{"type":"Feature","geometry":{"type":"Point","coordinates":[69.82,22.86]},"properties":{"SECTOR_NAM":"GUJARAT","SECTOR_ID":"SEC001","DIST_NAME":"Kachchh","LC_NAME":"Luni","LONGITUDE":69.82,"LATITUDE":22.86,"STATUS":"NO"}},{"type":"Feature","geometry":{"type":"Point","coordinates":[69.9,22.87]},"properties":{"SECTOR_NAM":"GUJARAT","SECTOR_ID":"SEC001","DIST_NAME":"Kachchh","LC_NAME":"Bhadreshwar","LONGITUDE":69.9,"LATITUDE":22.87,"STATUS":"NO"}},{"type":"Feature","geometry":{"type":"Point","coordinates":[69.94,22.9]},"properties":{"SECTOR_NAM":"GUJARAT","SECTOR_ID":"SEC001","DIST_NAME":"Kachchh","LC_NAME":"Kukadsar","LONGITUDE":69.94,"LATITUDE":22.9,"STATUS":"NO"}},{"type":"Feature","geometry":{"type":"Point","coordinates":[70.05,22.91]},"properties":{"SECTOR_NAM":"GUJARAT","SECTOR_ID":"SEC001","DIST_NAME":"Kachchh","LC_NAME":"Sanghad","LONGITUDE":70.05,"LATITUDE":22.91,"STATUS":"NO"}},{"type":"Feature","geometry":{"type":"Point","coordinates":[70.11,22.92]},"properties":{"SECTOR_NAM":"GUJARAT","SECTOR_ID":"SEC001","DIST_NAME":"Kachchh","LC_NAME":"Tuna Port","LONGITUDE":70.11,"LATITUDE":22.92,"STATUS":"NO"}},{"type":"Feature","geometry":{"type":"Point","coordinates":[70.12,22.93]},"properties":{"SECTOR_NAM":"GUJARAT","SECTOR_ID":"SEC001","DIST_NAME":"Kachchh","LC_NAME":"Tekra","LONGITUDE":70.12,"LATITUDE":22.93,"STATUS":"NO"}},{"type":"Feature","geometry":{"type":"Point","coordinates":[70.22,23.03]},"properties":{"SECTOR_NAM":"GUJARAT","SECTOR_ID":"SEC001","DIST_NAME":"Kachchh","LC_NAME":"Kandla","LONGITUDE":70.22,"LATITUDE":23.03,"STATUS":"NO"}},{"type":"Feature","geometry":{"type":"Point","coordinates":[70.47,22.95]},"properties":{"SECTOR_NAM":"GUJARAT","SECTOR_ID":"SEC001","DIST_NAME":"Rajkot","LC_NAME":"Navlakhi","LONGITUDE":70.47,"LATITUDE":22.95,"STATUS":"NO"}},{"type":"Feature","geometry":{"type":"Point","coordinates":[70.28,22.72]},"properties":{"SECTOR_NAM":"GUJARAT","SECTOR_ID":"SEC001","DIST_NAME":"Jamnagar","LC_NAME":"Dabar Cr","LONGITUDE":70.28,"LATITUDE":22.72,"STATUS":"NO"}},{"type":"Feature","geometry":{"type":"Point","coordinates":[70.27,22.7]},"properties":{"SECTOR_NAM":"GUJARAT","SECTOR_ID":"SEC001","DIST_NAME":"Jamnagar","LC_NAME":"Jodiya","LONGITUDE":70.27,"LATITUDE":22.7,"STATUS":"NO"}},{"type":"Feature","geometry":{"type":"Point","coordinates":[70.2,22.6]},"properties":{"SECTOR_NAM":"GUJARAT","SECTOR_ID":"SEC001","DIST_NAME":"Jamnagar","LC_NAME":"Balachadi","LONGITUDE":70.2,"LATITUDE":22.6,"STATUS":"NO"}},{"type":"Feature","geometry":{"type":"Point","coordinates":[70.18,22.57]},"properties":{"SECTOR_NAM":"GUJARAT","SECTOR_ID":"SEC001","DIST_NAME":"Jamnagar","LC_NAME":"Sachana","LONGITUDE":70.18,"LATITUDE":22.57,"STATUS":"NO"}},{"type":"Feature","geometry":{"type":"Point","coordinates":[70.04,22.57]},"properties":{"SECTOR_NAM":"GUJARAT","SECTOR_ID":"SEC001","DIST_NAME":"Jamnagar","LC_NAME":"Kalyan Lt","LONGITUDE":70.04,"LATITUDE":22.57,"STATUS":"NO"}},{"type":"Feature","geometry":{"type":"Point","coordinates":[69.95,22.6]},"properties":{"SECTOR_NAM":"GUJARAT","SECTOR_ID":"SEC001","DIST_NAME":"Jamnagar","LC_NAME":"Piroton Island","LONGITUDE":69.95,"LATITUDE":22.6,"STATUS":"NO"}},{"type":"Feature","geometry":{"type":"Point","coordinates":[69.83,22.43]},"properties":{"SECTOR_NAM":"GUJARAT","SECTOR_ID":"SEC001","DIST_NAME":"Jamnagar","LC_NAME":"Sikka","LONGITUDE":69.83,"LATITUDE":22.43,"STATUS":"NO"}},{"type":"Feature","geometry":{"type":"Point","coordinates":[69.71,22.4]},"properties":{"SECTOR_NAM":"GUJARAT","SECTOR_ID":"SEC001","DIST_NAME":"Jamnagar","LC_NAME":"Vadinar","LONGITUDE":69.71,"LATITUDE":22.4,"STATUS":"NO"}},{"type":"Feature","geometry":{"type":"Point","coordinates":[69.7,22.38]},"properties":{"SECTOR_NAM":"GUJARAT","SECTOR_ID":"SEC001","DIST_NAME":"Jamnagar","LC_NAME":"Bharana","LONGITUDE":69.7,"LATITUDE":22.38,"STATUS":"NO"}},{"type":"Feature","geometry":{"type":"Point","coordinates":[69.65,22.35]},"properties":{"SECTOR_NAM":"GUJARAT","SECTOR_ID":"SEC001","DIST_NAME":"Jamnagar","LC_NAME":"Nana Ambla","LONGITUDE":69.65,"LATITUDE":22.35,"STATUS":"NO"}},{"type":"Feature","geometry":{"type":"Point","coordinates":[69.6,22.32]},"properties":{"SECTOR_NAM":"GUJARAT","SECTOR_ID":"SEC001","DIST_NAME":"Jamnagar","LC_NAME":"Salaya","LONGITUDE":69.6,"LATITUDE":22.32,"STATUS":"NO"}},{"type":"Feature","geometry":{"type":"Point","coordinates":[69.38,22.31]},"properties":{"SECTOR_NAM":"GUJARAT","SECTOR_ID":"SEC001","DIST_NAME":"Jamnagar","LC_NAME":"Mota Asota","LONGITUDE":69.38,"LATITUDE":22.31,"STATUS":"NO"}},{"type":"Feature","geometry":{"type":"Point","coordinates":[69.19,22.39]},"properties":{"SECTOR_NAM":"GUJARAT","SECTOR_ID":"SEC001","DIST_NAME":"Jamnagar","LC_NAME":"Poshitra","LONGITUDE":69.19,"LATITUDE":22.39,"STATUS":"NO"}},{"type":"Feature","geometry":{"type":"Point","coordinates":[69.07,22.47]},"properties":{"SECTOR_NAM":"GUJARAT","SECTOR_ID":"SEC001","DIST_NAME":"Jamnagar","LC_NAME":"Okha","LONGITUDE":69.07,"LATITUDE":22.47,"STATUS":"NO"}},{"type":"Feature","geometry":{"type":"Point","coordinates":[71.66,21]},"properties":{"SECTOR_NAM":"GUJARAT","SECTOR_ID":"SEC001","DIST_NAME":"Amreli","LC_NAME":"Patva","LONGITUDE":71.66,"LATITUDE":21,"STATUS":"NO"}},{"type":"Feature","geometry":{"type":"Point","coordinates":[71.75,21.02]},"properties":{"SECTOR_NAM":"GUJARAT","SECTOR_ID":"SEC001","DIST_NAME":"Bhavnagar","LC_NAME":"Gadhada","LONGITUDE":71.75,"LATITUDE":21.02,"STATUS":"NO"}},{"type":"Feature","geometry":{"type":"Point","coordinates":[71.78,21.06]},"properties":{"SECTOR_NAM":"GUJARAT","SECTOR_ID":"SEC001","DIST_NAME":"Bhavnagar","LC_NAME":"Mahuva (Bhavani Bandar)","LONGITUDE":71.78,"LATITUDE":21.06,"STATUS":"NO"}},{"type":"Feature","geometry":{"type":"Point","coordinates":[71.8,21.04]},"properties":{"SECTOR_NAM":"GUJARAT","SECTOR_ID":"SEC001","DIST_NAME":"Bhavnagar","LC_NAME":"Mahuva (Light House)","LONGITUDE":71.8,"LATITUDE":21.04,"STATUS":"NO"}},{"type":"Feature","geometry":{"type":"Point","coordinates":[71.86,21.09]},"properties":{"SECTOR_NAM":"GUJARAT","SECTOR_ID":"SEC001","DIST_NAME":"Bhavnagar","LC_NAME":"Nikol","LONGITUDE":71.86,"LATITUDE":21.09,"STATUS":"NO"}},{"type":"Feature","geometry":{"type":"Point","coordinates":[72.02,21.15]},"properties":{"SECTOR_NAM":"GUJARAT","SECTOR_ID":"SEC001","DIST_NAME":"Bhavnagar","LC_NAME":"Methla","LONGITUDE":72.02,"LATITUDE":21.15,"STATUS":"NO"}},{"type":"Feature","geometry":{"type":"Point","coordinates":[72.06,21.18]},"properties":{"SECTOR_NAM":"GUJARAT","SECTOR_ID":"SEC001","DIST_NAME":"Bhavnagar","LC_NAME":"Jhanjhmer","LONGITUDE":72.06,"LATITUDE":21.18,"STATUS":"NO"}},{"type":"Feature","geometry":{"type":"Point","coordinates":[72.11,21.2]},"properties":{"SECTOR_NAM":"GUJARAT","SECTOR_ID":"SEC001","DIST_NAME":"Bhavnagar","LC_NAME":"Gopnath","LONGITUDE":72.11,"LATITUDE":21.2,"STATUS":"NO"}},{"type":"Feature","geometry":{"type":"Point","coordinates":[72.1,21.3]},"properties":{"SECTOR_NAM":"GUJARAT","SECTOR_ID":"SEC001","DIST_NAME":"Bhavnagar","LC_NAME":"Sartanpar","LONGITUDE":72.1,"LATITUDE":21.3,"STATUS":"NO"}},{"type":"Feature","geometry":{"type":"Point","coordinates":[72.19,21.4]},"properties":{"SECTOR_NAM":"GUJARAT","SECTOR_ID":"SEC001","DIST_NAME":"Bhavnagar","LC_NAME":"Alang","LONGITUDE":72.19,"LATITUDE":21.4,"STATUS":"NO"}},{"type":"Feature","geometry":{"type":"Point","coordinates":[72.25,21.49]},"properties":{"SECTOR_NAM":"GUJARAT","SECTOR_ID":"SEC001","DIST_NAME":"Bhavnagar","LC_NAME":"Mithi Virdi","LONGITUDE":72.25,"LATITUDE":21.49,"STATUS":"NO"}},{"type":"Feature","geometry":{"type":"Point","coordinates":[72.28,21.59]},"properties":{"SECTOR_NAM":"GUJARAT","SECTOR_ID":"SEC001","DIST_NAME":"Bhavnagar","LC_NAME":"Haathab","LONGITUDE":72.28,"LATITUDE":21.59,"STATUS":"NO"}},{"type":"Feature","geometry":{"type":"Point","coordinates":[72.35,21.6]},"properties":{"SECTOR_NAM":"GUJARAT","SECTOR_ID":"SEC001","DIST_NAME":"Bhavnagar","LC_NAME":"Piram Bet","LONGITUDE":72.35,"LATITUDE":21.6,"STATUS":"NO"}},{"type":"Feature","geometry":{"type":"Point","coordinates":[72.3,21.63]},"properties":{"SECTOR_NAM":"GUJARAT","SECTOR_ID":"SEC001","DIST_NAME":"Bhavnagar","LC_NAME":"Badi","LONGITUDE":72.3,"LATITUDE":21.63,"STATUS":"NO"}},{"type":"Feature","geometry":{"type":"Point","coordinates":[72.28,21.69]},"properties":{"SECTOR_NAM":"GUJARAT","SECTOR_ID":"SEC001","DIST_NAME":"Bhavnagar","LC_NAME":"Ghogha","LONGITUDE":72.28,"LATITUDE":21.69,"STATUS":"NO"}},{"type":"Feature","geometry":{"type":"Point","coordinates":[72.24,21.76]},"properties":{"SECTOR_NAM":"GUJARAT","SECTOR_ID":"SEC001","DIST_NAME":"Bhavnagar","LC_NAME":"Bhavanagar New Port","LONGITUDE":72.24,"LATITUDE":21.76,"STATUS":"NO"}},{"type":"Feature","geometry":{"type":"Point","coordinates":[72.24,21.76]},"properties":{"SECTOR_NAM":"GUJARAT","SECTOR_ID":"SEC001","DIST_NAME":"Bhavnagar","LC_NAME":"Dungariya Bet","LONGITUDE":72.24,"LATITUDE":21.76,"STATUS":"NO"}},{"type":"Feature","geometry":{"type":"Point","coordinates":[72.35,22.25]},"properties":{"SECTOR_NAM":"GUJARAT","SECTOR_ID":"SEC001","DIST_NAME":"Ahmadabad","LC_NAME":"Kamatalav","LONGITUDE":72.35,"LATITUDE":22.25,"STATUS":"NO"}},{"type":"Feature","geometry":{"type":"Point","coordinates":[72.44,22.29]},"properties":{"SECTOR_NAM":"GUJARAT","SECTOR_ID":"SEC001","DIST_NAME":"Anand","LC_NAME":"Vadgam","LONGITUDE":72.44,"LATITUDE":22.29,"STATUS":"NO"}},{"type":"Feature","geometry":{"type":"Point","coordinates":[72.57,22.29]},"properties":{"SECTOR_NAM":"GUJARAT","SECTOR_ID":"SEC001","DIST_NAME":"Anand","LC_NAME":"Khambat","LONGITUDE":72.57,"LATITUDE":22.29,"STATUS":"NO"}},{"type":"Feature","geometry":{"type":"Point","coordinates":[73.03,22.1]},"properties":{"SECTOR_NAM":"GUJARAT","SECTOR_ID":"SEC001","DIST_NAME":"Vadodara","LC_NAME":"Surwada","LONGITUDE":73.03,"LATITUDE":22.1,"STATUS":"NO"}},{"type":"Feature","geometry":{"type":"Point","coordinates":[72.75,22.17]},"properties":{"SECTOR_NAM":"GUJARAT","SECTOR_ID":"SEC001","DIST_NAME":"Bharuch","LC_NAME":"Sarod","LONGITUDE":72.75,"LATITUDE":22.17,"STATUS":"NO"}},{"type":"Feature","geometry":{"type":"Point","coordinates":[72.64,22.22]},"properties":{"SECTOR_NAM":"GUJARAT","SECTOR_ID":"SEC001","DIST_NAME":"Bharuch","LC_NAME":"Kavi","LONGITUDE":72.64,"LATITUDE":22.22,"STATUS":"NO"}},{"type":"Feature","geometry":{"type":"Point","coordinates":[72.56,22.17]},"properties":{"SECTOR_NAM":"GUJARAT","SECTOR_ID":"SEC001","DIST_NAME":"Bharuch","LC_NAME":"Gangeshwar","LONGITUDE":72.56,"LATITUDE":22.17,"STATUS":"NO"}},{"type":"Feature","geometry":{"type":"Point","coordinates":[72.54,22.1]},"properties":{"SECTOR_NAM":"GUJARAT","SECTOR_ID":"SEC001","DIST_NAME":"Bharuch","LC_NAME":"Zamdi","LONGITUDE":72.54,"LATITUDE":22.1,"STATUS":"NO"}},{"type":"Feature","geometry":{"type":"Point","coordinates":[72.7,21.96]},"properties":{"SECTOR_NAM":"GUJARAT","SECTOR_ID":"SEC001","DIST_NAME":"Bharuch","LC_NAME":"Nadiyad","LONGITUDE":72.7,"LATITUDE":21.96,"STATUS":"NO"}},{"type":"Feature","geometry":{"type":"Point","coordinates":[72.58,21.92]},"properties":{"SECTOR_NAM":"GUJARAT","SECTOR_ID":"SEC001","DIST_NAME":"Bharuch","LC_NAME":"Tankari Pt","LONGITUDE":72.58,"LATITUDE":21.92,"STATUS":"NO"}},{"type":"Feature","geometry":{"type":"Point","coordinates":[72.61,21.94]},"properties":{"SECTOR_NAM":"GUJARAT","SECTOR_ID":"SEC001","DIST_NAME":"Bharuch","LC_NAME":"Asharsha","LONGITUDE":72.61,"LATITUDE":21.94,"STATUS":"NO"}},{"type":"Feature","geometry":{"type":"Point","coordinates":[72.72,21.94]},"properties":{"SECTOR_NAM":"GUJARAT","SECTOR_ID":"SEC001","DIST_NAME":"Bharuch","LC_NAME":"Denwa","LONGITUDE":72.72,"LATITUDE":21.94,"STATUS":"NO"}},{"type":"Feature","geometry":{"type":"Point","coordinates":[72.53,21.67]},"properties":{"SECTOR_NAM":"GUJARAT","SECTOR_ID":"SEC001","DIST_NAME":"Bharuch","LC_NAME":"Luvara","LONGITUDE":72.53,"LATITUDE":21.67,"STATUS":"NO"}},{"type":"Feature","geometry":{"type":"Point","coordinates":[72.76,21.67]},"properties":{"SECTOR_NAM":"GUJARAT","SECTOR_ID":"SEC001","DIST_NAME":"Bharuch","LC_NAME":"Mehgam","LONGITUDE":72.76,"LATITUDE":21.67,"STATUS":"NO"}},{"type":"Feature","geometry":{"type":"Point","coordinates":[72.87,21.67]},"properties":{"SECTOR_NAM":"GUJARAT","SECTOR_ID":"SEC001","DIST_NAME":"Bharuch","LC_NAME":"Dhanturia","LONGITUDE":72.87,"LATITUDE":21.67,"STATUS":"NO"}},{"type":"Feature","geometry":{"type":"Point","coordinates":[72.71,21.53]},"properties":{"SECTOR_NAM":"GUJARAT","SECTOR_ID":"SEC001","DIST_NAME":"Bharuch","LC_NAME":"Wansnoli","LONGITUDE":72.71,"LATITUDE":21.53,"STATUS":"NO"}},{"type":"Feature","geometry":{"type":"Point","coordinates":[72.84,21.68]},"properties":{"SECTOR_NAM":"GUJARAT","SECTOR_ID":"SEC001","DIST_NAME":"Bharuch","LC_NAME":"Bhadbhut","LONGITUDE":72.84,"LATITUDE":21.68,"STATUS":"NO"}},{"type":"Feature","geometry":{"type":"Point","coordinates":[72.62,21.55]},"properties":{"SECTOR_NAM":"GUJARAT","SECTOR_ID":"SEC001","DIST_NAME":"Bharuch","LC_NAME":"Oil Derrick","LONGITUDE":72.62,"LATITUDE":21.55,"STATUS":"NO"}},{"type":"Feature","geometry":{"type":"Point","coordinates":[72.68,21.46]},"properties":{"SECTOR_NAM":"GUJARAT","SECTOR_ID":"SEC001","DIST_NAME":"Bharuch","LC_NAME":"Kanthiajal","LONGITUDE":72.68,"LATITUDE":21.46,"STATUS":"NO"}},{"type":"Feature","geometry":{"type":"Point","coordinates":[72.75,21.45]},"properties":{"SECTOR_NAM":"GUJARAT","SECTOR_ID":"SEC001","DIST_NAME":"Bharuch","LC_NAME":"Kosamba (MangelVad)","LONGITUDE":72.75,"LATITUDE":21.45,"STATUS":"NO"}},{"type":"Feature","geometry":{"type":"Point","coordinates":[72.67,21.42]},"properties":{"SECTOR_NAM":"GUJARAT","SECTOR_ID":"SEC001","DIST_NAME":"Surat","LC_NAME":"Karanj","LONGITUDE":72.67,"LATITUDE":21.42,"STATUS":"NO"}},{"type":"Feature","geometry":{"type":"Point","coordinates":[72.65,21.38]},"properties":{"SECTOR_NAM":"GUJARAT","SECTOR_ID":"SEC001","DIST_NAME":"Surat","LC_NAME":"Mor","LONGITUDE":72.65,"LATITUDE":21.38,"STATUS":"NO"}},{"type":"Feature","geometry":{"type":"Point","coordinates":[72.63,21.26]},"properties":{"SECTOR_NAM":"GUJARAT","SECTOR_ID":"SEC001","DIST_NAME":"Surat","LC_NAME":"Marphalia","LONGITUDE":72.63,"LATITUDE":21.26,"STATUS":"NO"}},{"type":"Feature","geometry":{"type":"Point","coordinates":[72.7,21.21]},"properties":{"SECTOR_NAM":"GUJARAT","SECTOR_ID":"SEC001","DIST_NAME":"Surat","LC_NAME":"Gunav","LONGITUDE":72.7,"LATITUDE":21.21,"STATUS":"NO"}},{"type":"Feature","geometry":{"type":"Point","coordinates":[72.82,21.2]},"properties":{"SECTOR_NAM":"GUJARAT","SECTOR_ID":"SEC001","DIST_NAME":"Surat","LC_NAME":"Bhagal","LONGITUDE":72.82,"LATITUDE":21.2,"STATUS":"NO"}},{"type":"Feature","geometry":{"type":"Point","coordinates":[79.27,10.23]},"properties":{"SECTOR_NAM":"NORTH TAMILNADU","SECTOR_ID":"SEC007","DIST_NAME":"Thanjavur","LC_NAME":"Sambaipattinam","LONGITUDE":79.27,"LATITUDE":10.23,"STATUS":"NO"}},{"type":"Feature","geometry":{"type":"Point","coordinates":[79.27,10.24]},"properties":{"SECTOR_NAM":"NORTH TAMILNADU","SECTOR_ID":"SEC007","DIST_NAME":"Thanjavur","LC_NAME":"Karanguda","LONGITUDE":79.27,"LATITUDE":10.24,"STATUS":"NO"}},{"type":"Feature","geometry":{"type":"Point","coordinates":[79.28,10.24]},"properties":{"SECTOR_NAM":"NORTH TAMILNADU","SECTOR_ID":"SEC007","DIST_NAME":"Thanjavur","LC_NAME":"Kazhumanguda","LONGITUDE":79.28,"LATITUDE":10.24,"STATUS":"NO"}},{"type":"Feature","geometry":{"type":"Point","coordinates":[79.28,10.25]},"properties":{"SECTOR_NAM":"NORTH TAMILNADU","SECTOR_ID":"SEC007","DIST_NAME":"Thanjavur","LC_NAME":"Sethubavachattram","LONGITUDE":79.28,"LATITUDE":10.25,"STATUS":"NO"}},{"type":"Feature","geometry":{"type":"Point","coordinates":[79.29,10.26]},"properties":{"SECTOR_NAM":"NORTH TAMILNADU","SECTOR_ID":"SEC007","DIST_NAME":"Thanjavur","LC_NAME":"Pillayarthidal","LONGITUDE":79.29,"LATITUDE":10.26,"STATUS":"NO"}},{"type":"Feature","geometry":{"type":"Point","coordinates":[79.31,10.27]},"properties":{"SECTOR_NAM":"NORTH TAMILNADU","SECTOR_ID":"SEC007","DIST_NAME":"Thanjavur","LC_NAME":"Chinnamanai","LONGITUDE":79.31,"LATITUDE":10.27,"STATUS":"NO"}},{"type":"Feature","geometry":{"type":"Point","coordinates":[79.32,10.28]},"properties":{"SECTOR_NAM":"NORTH TAMILNADU","SECTOR_ID":"SEC007","DIST_NAME":"Thanjavur","LC_NAME":"Mallipattinam","LONGITUDE":79.32,"LATITUDE":10.28,"STATUS":"NO"}},{"type":"Feature","geometry":{"type":"Point","coordinates":[79.33,10.29]},"properties":{"SECTOR_NAM":"NORTH TAMILNADU","SECTOR_ID":"SEC007","DIST_NAME":"Thanjavur","LC_NAME":"Puthupattinam","LONGITUDE":79.33,"LATITUDE":10.29,"STATUS":"NO"}},{"type":"Feature","geometry":{"type":"Point","coordinates":[79.34,10.29]},"properties":{"SECTOR_NAM":"NORTH TAMILNADU","SECTOR_ID":"SEC007","DIST_NAME":"Thanjavur","LC_NAME":"Velivayal","LONGITUDE":79.34,"LATITUDE":10.29,"STATUS":"NO"}},{"type":"Feature","geometry":{"type":"Point","coordinates":[79.35,10.29]},"properties":{"SECTOR_NAM":"NORTH TAMILNADU","SECTOR_ID":"SEC007","DIST_NAME":"Thanjavur","LC_NAME":"Kollukadu","LONGITUDE":79.35,"LATITUDE":10.29,"STATUS":"NO"}},{"type":"Feature","geometry":{"type":"Point","coordinates":[79.37,10.29]},"properties":{"SECTOR_NAM":"NORTH TAMILNADU","SECTOR_ID":"SEC007","DIST_NAME":"Thanjavur","LC_NAME":"Keelathottam","LONGITUDE":79.37,"LATITUDE":10.29,"STATUS":"NO"}},{"type":"Feature","geometry":{"type":"Point","coordinates":[79.38,10.32]},"properties":{"SECTOR_NAM":"NORTH TAMILNADU","SECTOR_ID":"SEC007","DIST_NAME":"Thanjavur","LC_NAME":"Eripurakkarai","LONGITUDE":79.38,"LATITUDE":10.32,"STATUS":"NO"}},{"type":"Feature","geometry":{"type":"Point","coordinates":[79.39,10.32]},"properties":{"SECTOR_NAM":"NORTH TAMILNADU","SECTOR_ID":"SEC007","DIST_NAME":"Thanjavur","LC_NAME":"Gandhinagar","LONGITUDE":79.39,"LATITUDE":10.32,"STATUS":"NO"}},{"type":"Feature","geometry":{"type":"Point","coordinates":[79.4,10.32]},"properties":{"SECTOR_NAM":"NORTH TAMILNADU","SECTOR_ID":"SEC007","DIST_NAME":"Thanjavur","LC_NAME":"Karaiyurtheru","LONGITUDE":79.4,"LATITUDE":10.32,"STATUS":"NO"}},{"type":"Feature","geometry":{"type":"Point","coordinates":[79.46,10.34]},"properties":{"SECTOR_NAM":"NORTH TAMILNADU","SECTOR_ID":"SEC007","DIST_NAME":"Thanjavur","LC_NAME":"Maravakadu","LONGITUDE":79.46,"LATITUDE":10.34,"STATUS":"NO"}},{"type":"Feature","geometry":{"type":"Point","coordinates":[79.5,10.34]},"properties":{"SECTOR_NAM":"NORTH TAMILNADU","SECTOR_ID":"SEC007","DIST_NAME":"Thiruvarur","LC_NAME":"Thambikottai","LONGITUDE":79.5,"LATITUDE":10.34,"STATUS":"NO"}},{"type":"Feature","geometry":{"type":"Point","coordinates":[79.52,10.34]},"properties":{"SECTOR_NAM":"NORTH TAMILNADU","SECTOR_ID":"SEC007","DIST_NAME":"Thiruvarur","LC_NAME":"Muthupet","LONGITUDE":79.52,"LATITUDE":10.34,"STATUS":"NO"}},{"type":"Feature","geometry":{"type":"Point","coordinates":[79.82,10.27]},"properties":{"SECTOR_NAM":"NORTH TAMILNADU","SECTOR_ID":"SEC007","DIST_NAME":"Nagappattinam","LC_NAME":"Point Calimer","LONGITUDE":79.82,"LATITUDE":10.27,"STATUS":"NO"}},{"type":"Feature","geometry":{"type":"Point","coordinates":[79.84,10.28]},"properties":{"SECTOR_NAM":"NORTH TAMILNADU","SECTOR_ID":"SEC007","DIST_NAME":"Nagappattinam","LC_NAME":"Kodiyakarai","LONGITUDE":79.84,"LATITUDE":10.28,"STATUS":"NO"}},{"type":"Feature","geometry":{"type":"Point","coordinates":[79.87,10.38]},"properties":{"SECTOR_NAM":"NORTH TAMILNADU","SECTOR_ID":"SEC007","DIST_NAME":"Nagappattinam","LC_NAME":"Vedaranniyam","LONGITUDE":79.87,"LATITUDE":10.38,"STATUS":"NO"}},{"type":"Feature","geometry":{"type":"Point","coordinates":[79.87,10.39]},"properties":{"SECTOR_NAM":"NORTH TAMILNADU","SECTOR_ID":"SEC007","DIST_NAME":"Nagappattinam","LC_NAME":"Arkkattuthurai","LONGITUDE":79.87,"LATITUDE":10.39,"STATUS":"NO"}},{"type":"Feature","geometry":{"type":"Point","coordinates":[79.87,10.41]},"properties":{"SECTOR_NAM":"NORTH TAMILNADU","SECTOR_ID":"SEC007","DIST_NAME":"Nagappattinam","LC_NAME":"Topputturai","LONGITUDE":79.87,"LATITUDE":10.41,"STATUS":"NO"}},{"type":"Feature","geometry":{"type":"Point","coordinates":[79.86,10.46]},"properties":{"SECTOR_NAM":"NORTH TAMILNADU","SECTOR_ID":"SEC007","DIST_NAME":"Nagappattinam","LC_NAME":"Pushpavanam","LONGITUDE":79.86,"LATITUDE":10.46,"STATUS":"NO"}},{"type":"Feature","geometry":{"type":"Point","coordinates":[79.86,10.49]},"properties":{"SECTOR_NAM":"NORTH TAMILNADU","SECTOR_ID":"SEC007","DIST_NAME":"Nagappattinam","LC_NAME":"Kallinodu","LONGITUDE":79.86,"LATITUDE":10.49,"STATUS":"NO"}},{"type":"Feature","geometry":{"type":"Point","coordinates":[79.86,10.51]},"properties":{"SECTOR_NAM":"NORTH TAMILNADU","SECTOR_ID":"SEC007","DIST_NAME":"Nagappattinam","LC_NAME":"Vellapallam","LONGITUDE":79.86,"LATITUDE":10.51,"STATUS":"NO"}},{"type":"Feature","geometry":{"type":"Point","coordinates":[79.86,10.54]},"properties":{"SECTOR_NAM":"NORTH TAMILNADU","SECTOR_ID":"SEC007","DIST_NAME":"Nagappattinam","LC_NAME":"Vanavanmadevi","LONGITUDE":79.86,"LATITUDE":10.54,"STATUS":"NO"}},{"type":"Feature","geometry":{"type":"Point","coordinates":[79.86,10.57]},"properties":{"SECTOR_NAM":"NORTH TAMILNADU","SECTOR_ID":"SEC007","DIST_NAME":"Nagappattinam","LC_NAME":"Vettaikaranrippu","LONGITUDE":79.86,"LATITUDE":10.57,"STATUS":"NO"}},{"type":"Feature","geometry":{"type":"Point","coordinates":[79.86,10.6]},"properties":{"SECTOR_NAM":"NORTH TAMILNADU","SECTOR_ID":"SEC007","DIST_NAME":"Nagappattinam","LC_NAME":"Vilunthamavadi","LONGITUDE":79.86,"LATITUDE":10.6,"STATUS":"NO"}},{"type":"Feature","geometry":{"type":"Point","coordinates":[79.85,10.62]},"properties":{"SECTOR_NAM":"NORTH TAMILNADU","SECTOR_ID":"SEC007","DIST_NAME":"Nagappattinam","LC_NAME":"Kameshwaram","LONGITUDE":79.85,"LATITUDE":10.62,"STATUS":"NO"}},{"type":"Feature","geometry":{"type":"Point","coordinates":[79.85,10.67]},"properties":{"SECTOR_NAM":"NORTH TAMILNADU","SECTOR_ID":"SEC007","DIST_NAME":"Nagappattinam","LC_NAME":"Seruthur","LONGITUDE":79.85,"LATITUDE":10.67,"STATUS":"NO"}},{"type":"Feature","geometry":{"type":"Point","coordinates":[79.85,10.68]},"properties":{"SECTOR_NAM":"NORTH TAMILNADU","SECTOR_ID":"SEC007","DIST_NAME":"Nagappattinam","LC_NAME":"Velanganni","LONGITUDE":79.85,"LATITUDE":10.68,"STATUS":"NO"}},{"type":"Feature","geometry":{"type":"Point","coordinates":[79.85,10.76]},"properties":{"SECTOR_NAM":"NORTH TAMILNADU","SECTOR_ID":"SEC007","DIST_NAME":"Nagappattinam","LC_NAME":"Akkaraipettai","LONGITUDE":79.85,"LATITUDE":10.76,"STATUS":"NO"}},{"type":"Feature","geometry":{"type":"Point","coordinates":[79.85,10.77]},"properties":{"SECTOR_NAM":"NORTH TAMILNADU","SECTOR_ID":"SEC007","DIST_NAME":"Nagappattinam","LC_NAME":"Nagapattinam Harbour","LONGITUDE":79.85,"LATITUDE":10.77,"STATUS":"NO"}},{"type":"Feature","geometry":{"type":"Point","coordinates":[79.85,10.78]},"properties":{"SECTOR_NAM":"NORTH TAMILNADU","SECTOR_ID":"SEC007","DIST_NAME":"Nagappattinam","LC_NAME":"Nambiyar Nagar","LONGITUDE":79.85,"LATITUDE":10.78,"STATUS":"NO"}},{"type":"Feature","geometry":{"type":"Point","coordinates":[79.85,10.8]},"properties":{"SECTOR_NAM":"NORTH TAMILNADU","SECTOR_ID":"SEC007","DIST_NAME":"Nagappattinam","LC_NAME":"Samanthanpettai","LONGITUDE":79.85,"LATITUDE":10.8,"STATUS":"NO"}},{"type":"Feature","geometry":{"type":"Point","coordinates":[79.85,10.82]},"properties":{"SECTOR_NAM":"NORTH TAMILNADU","SECTOR_ID":"SEC007","DIST_NAME":"Nagappattinam","LC_NAME":"Nagore","LONGITUDE":79.85,"LATITUDE":10.82,"STATUS":"NO"}},{"type":"Feature","geometry":{"type":"Point","coordinates":[79.85,10.91]},"properties":{"SECTOR_NAM":"NORTH TAMILNADU","SECTOR_ID":"SEC007","DIST_NAME":"Karaikal","LC_NAME":"Karikal","LONGITUDE":79.85,"LATITUDE":10.91,"STATUS":"NO"}},{"type":"Feature","geometry":{"type":"Point","coordinates":[79.85,10.93]},"properties":{"SECTOR_NAM":"NORTH TAMILNADU","SECTOR_ID":"SEC007","DIST_NAME":"Karaikal","LC_NAME":"Pattinacherry","LONGITUDE":79.85,"LATITUDE":10.93,"STATUS":"NO"}},{"type":"Feature","geometry":{"type":"Point","coordinates":[79.85,10.99]},"properties":{"SECTOR_NAM":"NORTH TAMILNADU","SECTOR_ID":"SEC007","DIST_NAME":"Karaikal","LC_NAME":"Chinnorpettai","LONGITUDE":79.85,"LATITUDE":10.99,"STATUS":"NO"}},{"type":"Feature","geometry":{"type":"Point","coordinates":[79.85,11]},"properties":{"SECTOR_NAM":"NORTH TAMILNADU","SECTOR_ID":"SEC007","DIST_NAME":"Nagappattinam","LC_NAME":"Chandrappadi","LONGITUDE":79.85,"LATITUDE":11,"STATUS":"NO"}},{"type":"Feature","geometry":{"type":"Point","coordinates":[79.86,11.03]},"properties":{"SECTOR_NAM":"NORTH TAMILNADU","SECTOR_ID":"SEC007","DIST_NAME":"Nagappattinam","LC_NAME":"Tharangampadi","LONGITUDE":79.86,"LATITUDE":11.03,"STATUS":"NO"}},{"type":"Feature","geometry":{"type":"Point","coordinates":[79.86,11.04]},"properties":{"SECTOR_NAM":"NORTH TAMILNADU","SECTOR_ID":"SEC007","DIST_NAME":"Nagappattinam","LC_NAME":"Kuttiyandiyur","LONGITUDE":79.86,"LATITUDE":11.04,"STATUS":"NO"}},{"type":"Feature","geometry":{"type":"Point","coordinates":[79.86,11.05]},"properties":{"SECTOR_NAM":"NORTH TAMILNADU","SECTOR_ID":"SEC007","DIST_NAME":"Nagappattinam","LC_NAME":"Bommayanpettai (Vellakoil","LONGITUDE":79.86,"LATITUDE":11.05,"STATUS":"NO"}},{"type":"Feature","geometry":{"type":"Point","coordinates":[79.86,11.06]},"properties":{"SECTOR_NAM":"NORTH TAMILNADU","SECTOR_ID":"SEC007","DIST_NAME":"Nagappattinam","LC_NAME":"Perumalpettai","LONGITUDE":79.86,"LATITUDE":11.06,"STATUS":"NO"}},{"type":"Feature","geometry":{"type":"Point","coordinates":[79.86,11.06]},"properties":{"SECTOR_NAM":"NORTH TAMILNADU","SECTOR_ID":"SEC007","DIST_NAME":"Nagappattinam","LC_NAME":"Tranquebar","LONGITUDE":79.86,"LATITUDE":11.06,"STATUS":"NO"}},{"type":"Feature","geometry":{"type":"Point","coordinates":[79.86,11.07]},"properties":{"SECTOR_NAM":"NORTH TAMILNADU","SECTOR_ID":"SEC007","DIST_NAME":"Nagappattinam","LC_NAME":"Pudhupettai","LONGITUDE":79.86,"LATITUDE":11.07,"STATUS":"NO"}},{"type":"Feature","geometry":{"type":"Point","coordinates":[79.86,11.08]},"properties":{"SECTOR_NAM":"NORTH TAMILNADU","SECTOR_ID":"SEC007","DIST_NAME":"Nagappattinam","LC_NAME":"Thalampettai","LONGITUDE":79.86,"LATITUDE":11.08,"STATUS":"NO"}},{"type":"Feature","geometry":{"type":"Point","coordinates":[79.86,11.1]},"properties":{"SECTOR_NAM":"NORTH TAMILNADU","SECTOR_ID":"SEC007","DIST_NAME":"Nagappattinam","LC_NAME":"Chinnangudi","LONGITUDE":79.86,"LATITUDE":11.1,"STATUS":"NO"}},{"type":"Feature","geometry":{"type":"Point","coordinates":[79.86,11.13]},"properties":{"SECTOR_NAM":"NORTH TAMILNADU","SECTOR_ID":"SEC007","DIST_NAME":"Nagappattinam","LC_NAME":"Kaverippattinam","LONGITUDE":79.86,"LATITUDE":11.13,"STATUS":"NO"}},{"type":"Feature","geometry":{"type":"Point","coordinates":[79.86,11.13]},"properties":{"SECTOR_NAM":"NORTH TAMILNADU","SECTOR_ID":"SEC007","DIST_NAME":"Nagappattinam","LC_NAME":"Vanagiri","LONGITUDE":79.86,"LATITUDE":11.13,"STATUS":"NO"}},{"type":"Feature","geometry":{"type":"Point","coordinates":[79.86,11.14]},"properties":{"SECTOR_NAM":"NORTH TAMILNADU","SECTOR_ID":"SEC007","DIST_NAME":"Nagappattinam","LC_NAME":"Poombuhar","LONGITUDE":79.86,"LATITUDE":11.14,"STATUS":"NO"}},{"type":"Feature","geometry":{"type":"Point","coordinates":[79.86,11.17]},"properties":{"SECTOR_NAM":"NORTH TAMILNADU","SECTOR_ID":"SEC007","DIST_NAME":"Nagappattinam","LC_NAME":"Pudukuppam","LONGITUDE":79.86,"LATITUDE":11.17,"STATUS":"NO"}},{"type":"Feature","geometry":{"type":"Point","coordinates":[79.85,11.18]},"properties":{"SECTOR_NAM":"NORTH TAMILNADU","SECTOR_ID":"SEC007","DIST_NAME":"Nagappattinam","LC_NAME":"Madathukuppam","LONGITUDE":79.85,"LATITUDE":11.18,"STATUS":"NO"}},{"type":"Feature","geometry":{"type":"Point","coordinates":[79.85,11.19]},"properties":{"SECTOR_NAM":"NORTH TAMILNADU","SECTOR_ID":"SEC007","DIST_NAME":"Nagappattinam","LC_NAME":"Naickerkuppam","LONGITUDE":79.85,"LATITUDE":11.19,"STATUS":"NO"}},{"type":"Feature","geometry":{"type":"Point","coordinates":[79.85,11.21]},"properties":{"SECTOR_NAM":"NORTH TAMILNADU","SECTOR_ID":"SEC007","DIST_NAME":"Nagappattinam","LC_NAME":"Chavadikuppam","LONGITUDE":79.85,"LATITUDE":11.21,"STATUS":"NO"}},{"type":"Feature","geometry":{"type":"Point","coordinates":[79.85,11.22]},"properties":{"SECTOR_NAM":"NORTH TAMILNADU","SECTOR_ID":"SEC007","DIST_NAME":"Nagappattinam","LC_NAME":"Keezhamoovarkarai","LONGITUDE":79.85,"LATITUDE":11.22,"STATUS":"NO"}},{"type":"Feature","geometry":{"type":"Point","coordinates":[79.84,11.24]},"properties":{"SECTOR_NAM":"NORTH TAMILNADU","SECTOR_ID":"SEC007","DIST_NAME":"Nagappattinam","LC_NAME":"Tirumullaivasal","LONGITUDE":79.84,"LATITUDE":11.24,"STATUS":"NO"}},{"type":"Feature","geometry":{"type":"Point","coordinates":[79.84,11.27]},"properties":{"SECTOR_NAM":"NORTH TAMILNADU","SECTOR_ID":"SEC007","DIST_NAME":"Nagappattinam","LC_NAME":"Thoduvai","LONGITUDE":79.84,"LATITUDE":11.27,"STATUS":"NO"}},{"type":"Feature","geometry":{"type":"Point","coordinates":[79.84,11.28]},"properties":{"SECTOR_NAM":"NORTH TAMILNADU","SECTOR_ID":"SEC007","DIST_NAME":"Nagappattinam","LC_NAME":"Mudasalodai Village","LONGITUDE":79.84,"LATITUDE":11.28,"STATUS":"NO"}},{"type":"Feature","geometry":{"type":"Point","coordinates":[79.84,11.29]},"properties":{"SECTOR_NAM":"NORTH TAMILNADU","SECTOR_ID":"SEC007","DIST_NAME":"Nagappattinam","LC_NAME":"Koozhayar","LONGITUDE":79.84,"LATITUDE":11.29,"STATUS":"NO"}},{"type":"Feature","geometry":{"type":"Point","coordinates":[79.83,11.32]},"properties":{"SECTOR_NAM":"NORTH TAMILNADU","SECTOR_ID":"SEC007","DIST_NAME":"Nagappattinam","LC_NAME":"Kottaimedu","LONGITUDE":79.83,"LATITUDE":11.32,"STATUS":"NO"}},{"type":"Feature","geometry":{"type":"Point","coordinates":[79.84,11.33]},"properties":{"SECTOR_NAM":"NORTH TAMILNADU","SECTOR_ID":"SEC007","DIST_NAME":"Nagappattinam","LC_NAME":"Madavamedu","LONGITUDE":79.84,"LATITUDE":11.33,"STATUS":"NO"}},{"type":"Feature","geometry":{"type":"Point","coordinates":[79.83,11.35]},"properties":{"SECTOR_NAM":"NORTH TAMILNADU","SECTOR_ID":"SEC007","DIST_NAME":"Nagappattinam","LC_NAME":"Pazhayar","LONGITUDE":79.83,"LATITUDE":11.35,"STATUS":"NO"}},{"type":"Feature","geometry":{"type":"Point","coordinates":[79.8,11.44]},"properties":{"SECTOR_NAM":"NORTH TAMILNADU","SECTOR_ID":"SEC007","DIST_NAME":"Cuddalore","LC_NAME":"Killai","LONGITUDE":79.8,"LATITUDE":11.44,"STATUS":"NO"}},{"type":"Feature","geometry":{"type":"Point","coordinates":[79.79,11.47]},"properties":{"SECTOR_NAM":"NORTH TAMILNADU","SECTOR_ID":"SEC007","DIST_NAME":"Cuddalore","LC_NAME":"M.G.R. Thittu","LONGITUDE":79.79,"LATITUDE":11.47,"STATUS":"NO"}},{"type":"Feature","geometry":{"type":"Point","coordinates":[79.78,11.49]},"properties":{"SECTOR_NAM":"NORTH TAMILNADU","SECTOR_ID":"SEC007","DIST_NAME":"Cuddalore","LC_NAME":"Mudasalodai","LONGITUDE":79.78,"LATITUDE":11.49,"STATUS":"NO"}},{"type":"Feature","geometry":{"type":"Point","coordinates":[79.77,11.5]},"properties":{"SECTOR_NAM":"NORTH TAMILNADU","SECTOR_ID":"SEC007","DIST_NAME":"Cuddalore","LC_NAME":"Parangipettai","LONGITUDE":79.77,"LATITUDE":11.5,"STATUS":"NO"}},{"type":"Feature","geometry":{"type":"Point","coordinates":[79.77,11.5]},"properties":{"SECTOR_NAM":"NORTH TAMILNADU","SECTOR_ID":"SEC007","DIST_NAME":"Cuddalore","LC_NAME":"Portonovo","LONGITUDE":79.77,"LATITUDE":11.5,"STATUS":"NO"}},{"type":"Feature","geometry":{"type":"Point","coordinates":[79.77,11.52]},"properties":{"SECTOR_NAM":"NORTH TAMILNADU","SECTOR_ID":"SEC007","DIST_NAME":"Cuddalore","LC_NAME":"C Pudupettai","LONGITUDE":79.77,"LATITUDE":11.52,"STATUS":"NO"}},{"type":"Feature","geometry":{"type":"Point","coordinates":[79.77,11.53]},"properties":{"SECTOR_NAM":"NORTH TAMILNADU","SECTOR_ID":"SEC007","DIST_NAME":"Cuddalore","LC_NAME":"Pudukuppam","LONGITUDE":79.77,"LATITUDE":11.53,"STATUS":"NO"}},{"type":"Feature","geometry":{"type":"Point","coordinates":[79.76,11.54]},"properties":{"SECTOR_NAM":"NORTH TAMILNADU","SECTOR_ID":"SEC007","DIST_NAME":"Cuddalore","LC_NAME":"Veerampatinam","LONGITUDE":79.76,"LATITUDE":11.54,"STATUS":"NO"}},{"type":"Feature","geometry":{"type":"Point","coordinates":[79.76,11.55]},"properties":{"SECTOR_NAM":"NORTH TAMILNADU","SECTOR_ID":"SEC007","DIST_NAME":"Cuddalore","LC_NAME":"Samanthapettai","LONGITUDE":79.76,"LATITUDE":11.55,"STATUS":"NO"}},{"type":"Feature","geometry":{"type":"Point","coordinates":[79.76,11.55]},"properties":{"SECTOR_NAM":"NORTH TAMILNADU","SECTOR_ID":"SEC007","DIST_NAME":"Cuddalore","LC_NAME":"Samiyarpettai","LONGITUDE":79.76,"LATITUDE":11.55,"STATUS":"NO"}},{"type":"Feature","geometry":{"type":"Point","coordinates":[79.76,11.58]},"properties":{"SECTOR_NAM":"NORTH TAMILNADU","SECTOR_ID":"SEC007","DIST_NAME":"Cuddalore","LC_NAME":"Kumarapettai","LONGITUDE":79.76,"LATITUDE":11.58,"STATUS":"NO"}},{"type":"Feature","geometry":{"type":"Point","coordinates":[79.76,11.61]},"properties":{"SECTOR_NAM":"NORTH TAMILNADU","SECTOR_ID":"SEC007","DIST_NAME":"Cuddalore","LC_NAME":"Periyakuppam","LONGITUDE":79.76,"LATITUDE":11.61,"STATUS":"NO"}},{"type":"Feature","geometry":{"type":"Point","coordinates":[79.76,11.64]},"properties":{"SECTOR_NAM":"NORTH TAMILNADU","SECTOR_ID":"SEC007","DIST_NAME":"Cuddalore","LC_NAME":"Chithiraipettai","LONGITUDE":79.76,"LATITUDE":11.64,"STATUS":"NO"}},{"type":"Feature","geometry":{"type":"Point","coordinates":[79.77,11.68]},"properties":{"SECTOR_NAM":"NORTH TAMILNADU","SECTOR_ID":"SEC007","DIST_NAME":"Cuddalore","LC_NAME":"Rajappettai","LONGITUDE":79.77,"LATITUDE":11.68,"STATUS":"NO"}},{"type":"Feature","geometry":{"type":"Point","coordinates":[79.77,11.69]},"properties":{"SECTOR_NAM":"NORTH TAMILNADU","SECTOR_ID":"SEC007","DIST_NAME":"Cuddalore","LC_NAME":"Sothikuppam","LONGITUDE":79.77,"LATITUDE":11.69,"STATUS":"NO"}},{"type":"Feature","geometry":{"type":"Point","coordinates":[79.78,11.71]},"properties":{"SECTOR_NAM":"NORTH TAMILNADU","SECTOR_ID":"SEC007","DIST_NAME":"Cuddalore","LC_NAME":"Cuddalore Harbour","LONGITUDE":79.78,"LATITUDE":11.71,"STATUS":"NO"}},{"type":"Feature","geometry":{"type":"Point","coordinates":[79.78,11.72]},"properties":{"SECTOR_NAM":"NORTH TAMILNADU","SECTOR_ID":"SEC007","DIST_NAME":"Cuddalore","LC_NAME":"Sonaankuppam","LONGITUDE":79.78,"LATITUDE":11.72,"STATUS":"NO"}},{"type":"Feature","geometry":{"type":"Point","coordinates":[79.79,11.74]},"properties":{"SECTOR_NAM":"NORTH TAMILNADU","SECTOR_ID":"SEC007","DIST_NAME":"Cuddalore","LC_NAME":"Devanampattinam","LONGITUDE":79.79,"LATITUDE":11.74,"STATUS":"NO"}},{"type":"Feature","geometry":{"type":"Point","coordinates":[79.79,11.77]},"properties":{"SECTOR_NAM":"NORTH TAMILNADU","SECTOR_ID":"SEC007","DIST_NAME":"Cuddalore","LC_NAME":"Thazhanguda","LONGITUDE":79.79,"LATITUDE":11.77,"STATUS":"NO"}},{"type":"Feature","geometry":{"type":"Point","coordinates":[79.8,11.79]},"properties":{"SECTOR_NAM":"NORTH TAMILNADU","SECTOR_ID":"SEC007","DIST_NAME":"Puducherry","LC_NAME":"Moorthipudukuppam","LONGITUDE":79.8,"LATITUDE":11.79,"STATUS":"NO"}},{"type":"Feature","geometry":{"type":"Point","coordinates":[79.8,11.81]},"properties":{"SECTOR_NAM":"NORTH TAMILNADU","SECTOR_ID":"SEC007","DIST_NAME":"Puducherry","LC_NAME":"Panithittu","LONGITUDE":79.8,"LATITUDE":11.81,"STATUS":"NO"}},{"type":"Feature","geometry":{"type":"Point","coordinates":[79.8,11.82]},"properties":{"SECTOR_NAM":"NORTH TAMILNADU","SECTOR_ID":"SEC007","DIST_NAME":"Puducherry","LC_NAME":"Narambai","LONGITUDE":79.8,"LATITUDE":11.82,"STATUS":"NO"}},{"type":"Feature","geometry":{"type":"Point","coordinates":[79.82,11.87]},"properties":{"SECTOR_NAM":"NORTH TAMILNADU","SECTOR_ID":"SEC007","DIST_NAME":"Puducherry","LC_NAME":"Nallavadu","LONGITUDE":79.82,"LATITUDE":11.87,"STATUS":"NO"}},{"type":"Feature","geometry":{"type":"Point","coordinates":[79.81,11.87]},"properties":{"SECTOR_NAM":"NORTH TAMILNADU","SECTOR_ID":"SEC007","DIST_NAME":"Puducherry","LC_NAME":"P. Pudukuppam","LONGITUDE":79.81,"LATITUDE":11.87,"STATUS":"NO"}},{"type":"Feature","geometry":{"type":"Point","coordinates":[79.82,11.88]},"properties":{"SECTOR_NAM":"NORTH TAMILNADU","SECTOR_ID":"SEC007","DIST_NAME":"Puducherry","LC_NAME":"Chinna Veerampattinam","LONGITUDE":79.82,"LATITUDE":11.88,"STATUS":"NO"}},{"type":"Feature","geometry":{"type":"Point","coordinates":[79.83,11.89]},"properties":{"SECTOR_NAM":"NORTH TAMILNADU","SECTOR_ID":"SEC007","DIST_NAME":"Puducherry","LC_NAME":"Veerampattinam","LONGITUDE":79.83,"LATITUDE":11.89,"STATUS":"NO"}},{"type":"Feature","geometry":{"type":"Point","coordinates":[79.82,11.91]},"properties":{"SECTOR_NAM":"NORTH TAMILNADU","SECTOR_ID":"SEC007","DIST_NAME":"Puducherry","LC_NAME":"Thengaithittu","LONGITUDE":79.82,"LATITUDE":11.91,"STATUS":"NO"}},{"type":"Feature","geometry":{"type":"Point","coordinates":[79.83,11.91]},"properties":{"SECTOR_NAM":"NORTH TAMILNADU","SECTOR_ID":"SEC007","DIST_NAME":"Puducherry","LC_NAME":"Pondicherry","LONGITUDE":79.83,"LATITUDE":11.91,"STATUS":"NO"}},{"type":"Feature","geometry":{"type":"Point","coordinates":[79.84,11.95]},"properties":{"SECTOR_NAM":"NORTH TAMILNADU","SECTOR_ID":"SEC007","DIST_NAME":"Puducherry","LC_NAME":"Vaithikuppam","LONGITUDE":79.84,"LATITUDE":11.95,"STATUS":"NO"}},{"type":"Feature","geometry":{"type":"Point","coordinates":[79.84,11.95]},"properties":{"SECTOR_NAM":"NORTH TAMILNADU","SECTOR_ID":"SEC007","DIST_NAME":"Puducherry","LC_NAME":"Solainagar North","LONGITUDE":79.84,"LATITUDE":11.95,"STATUS":"NO"}},{"type":"Feature","geometry":{"type":"Point","coordinates":[79.84,11.96]},"properties":{"SECTOR_NAM":"NORTH TAMILNADU","SECTOR_ID":"SEC007","DIST_NAME":"Viluppuram","LC_NAME":"Sodhanaikuppam","LONGITUDE":79.84,"LATITUDE":11.96,"STATUS":"NO"}},{"type":"Feature","geometry":{"type":"Point","coordinates":[79.84,11.96]},"properties":{"SECTOR_NAM":"NORTH TAMILNADU","SECTOR_ID":"SEC007","DIST_NAME":"Viluppuram","LC_NAME":"Nadukuppam","LONGITUDE":79.84,"LATITUDE":11.96,"STATUS":"NO"}},{"type":"Feature","geometry":{"type":"Point","coordinates":[79.84,11.97]},"properties":{"SECTOR_NAM":"NORTH TAMILNADU","SECTOR_ID":"SEC007","DIST_NAME":"Viluppuram","LC_NAME":"Thandhirayankuppam","LONGITUDE":79.84,"LATITUDE":11.97,"STATUS":"NO"}},{"type":"Feature","geometry":{"type":"Point","coordinates":[79.85,11.98]},"properties":{"SECTOR_NAM":"NORTH TAMILNADU","SECTOR_ID":"SEC007","DIST_NAME":"Viluppuram","LC_NAME":"Chinna mudaliarchavadi","LONGITUDE":79.85,"LATITUDE":11.98,"STATUS":"NO"}},{"type":"Feature","geometry":{"type":"Point","coordinates":[79.85,11.99]},"properties":{"SECTOR_NAM":"NORTH TAMILNADU","SECTOR_ID":"SEC007","DIST_NAME":"Viluppuram","LC_NAME":"Bommaiyarpalyam","LONGITUDE":79.85,"LATITUDE":11.99,"STATUS":"NO"}},{"type":"Feature","geometry":{"type":"Point","coordinates":[79.86,12.01]},"properties":{"SECTOR_NAM":"NORTH TAMILNADU","SECTOR_ID":"SEC007","DIST_NAME":"Puducherry","LC_NAME":"Pillaichavadi","LONGITUDE":79.86,"LATITUDE":12.01,"STATUS":"NO"}},{"type":"Feature","geometry":{"type":"Point","coordinates":[79.87,12.03]},"properties":{"SECTOR_NAM":"NORTH TAMILNADU","SECTOR_ID":"SEC007","DIST_NAME":"Puducherry","LC_NAME":"Periya Kalapet","LONGITUDE":79.87,"LATITUDE":12.03,"STATUS":"NO"}},{"type":"Feature","geometry":{"type":"Point","coordinates":[79.87,12.04]},"properties":{"SECTOR_NAM":"NORTH TAMILNADU","SECTOR_ID":"SEC007","DIST_NAME":"Puducherry","LC_NAME":"Ganapathichettikulam","LONGITUDE":79.87,"LATITUDE":12.04,"STATUS":"NO"}},{"type":"Feature","geometry":{"type":"Point","coordinates":[79.88,12.05]},"properties":{"SECTOR_NAM":"NORTH TAMILNADU","SECTOR_ID":"SEC007","DIST_NAME":"Viluppuram","LC_NAME":"Pudhukuppam","LONGITUDE":79.88,"LATITUDE":12.05,"STATUS":"NO"}},{"type":"Feature","geometry":{"type":"Point","coordinates":[79.88,12.06]},"properties":{"SECTOR_NAM":"NORTH TAMILNADU","SECTOR_ID":"SEC007","DIST_NAME":"Viluppuram","LC_NAME":"Anichankuppam","LONGITUDE":79.88,"LATITUDE":12.06,"STATUS":"NO"}},{"type":"Feature","geometry":{"type":"Point","coordinates":[79.88,12.06]},"properties":{"SECTOR_NAM":"NORTH TAMILNADU","SECTOR_ID":"SEC007","DIST_NAME":"Viluppuram","LC_NAME":"Mudaliarkuppam","LONGITUDE":79.88,"LATITUDE":12.06,"STATUS":"NO"}},{"type":"Feature","geometry":{"type":"Point","coordinates":[79.89,12.07]},"properties":{"SECTOR_NAM":"NORTH TAMILNADU","SECTOR_ID":"SEC007","DIST_NAME":"Viluppuram","LC_NAME":"Nochikuppam","LONGITUDE":79.89,"LATITUDE":12.07,"STATUS":"NO"}},{"type":"Feature","geometry":{"type":"Point","coordinates":[79.9,12.09]},"properties":{"SECTOR_NAM":"NORTH TAMILNADU","SECTOR_ID":"SEC007","DIST_NAME":"Viluppuram","LC_NAME":"Koonimedu Kuppam","LONGITUDE":79.9,"LATITUDE":12.09,"STATUS":"NO"}},{"type":"Feature","geometry":{"type":"Point","coordinates":[79.91,12.1]},"properties":{"SECTOR_NAM":"NORTH TAMILNADU","SECTOR_ID":"SEC007","DIST_NAME":"Viluppuram","LC_NAME":"Chettinagar","LONGITUDE":79.91,"LATITUDE":12.1,"STATUS":"NO"}},{"type":"Feature","geometry":{"type":"Point","coordinates":[79.92,12.12]},"properties":{"SECTOR_NAM":"NORTH TAMILNADU","SECTOR_ID":"SEC007","DIST_NAME":"Viluppuram","LC_NAME":"Anumandhaikuppam","LONGITUDE":79.92,"LATITUDE":12.12,"STATUS":"NO"}},{"type":"Feature","geometry":{"type":"Point","coordinates":[79.93,12.13]},"properties":{"SECTOR_NAM":"NORTH TAMILNADU","SECTOR_ID":"SEC007","DIST_NAME":"Viluppuram","LC_NAME":"Komuttichavadikuppam","LONGITUDE":79.93,"LATITUDE":12.13,"STATUS":"NO"}},{"type":"Feature","geometry":{"type":"Point","coordinates":[79.95,12.16]},"properties":{"SECTOR_NAM":"NORTH TAMILNADU","SECTOR_ID":"SEC007","DIST_NAME":"Viluppuram","LC_NAME":"Mandavai Pudukuppam","LONGITUDE":79.95,"LATITUDE":12.16,"STATUS":"NO"}},{"type":"Feature","geometry":{"type":"Point","coordinates":[79.96,12.18]},"properties":{"SECTOR_NAM":"NORTH TAMILNADU","SECTOR_ID":"SEC007","DIST_NAME":"Viluppuram","LC_NAME":"Ekkiyarkuppam","LONGITUDE":79.96,"LATITUDE":12.18,"STATUS":"NO"}},{"type":"Feature","geometry":{"type":"Point","coordinates":[79.96,12.18]},"properties":{"SECTOR_NAM":"NORTH TAMILNADU","SECTOR_ID":"SEC007","DIST_NAME":"Viluppuram","LC_NAME":"Marakkanam","LONGITUDE":79.96,"LATITUDE":12.18,"STATUS":"NO"}},{"type":"Feature","geometry":{"type":"Point","coordinates":[79.98,12.22]},"properties":{"SECTOR_NAM":"NORTH TAMILNADU","SECTOR_ID":"SEC007","DIST_NAME":"Viluppuram","LC_NAME":"Kaippanikuppam","LONGITUDE":79.98,"LATITUDE":12.22,"STATUS":"NO"}},{"type":"Feature","geometry":{"type":"Point","coordinates":[79.99,12.23]},"properties":{"SECTOR_NAM":"NORTH TAMILNADU","SECTOR_ID":"SEC007","DIST_NAME":"Viluppuram","LC_NAME":"Vasavankuppam","LONGITUDE":79.99,"LATITUDE":12.23,"STATUS":"NO"}},{"type":"Feature","geometry":{"type":"Point","coordinates":[80,12.24]},"properties":{"SECTOR_NAM":"NORTH TAMILNADU","SECTOR_ID":"SEC007","DIST_NAME":"Viluppuram","LC_NAME":"Muttukaduazhagankuppam","LONGITUDE":80,"LATITUDE":12.24,"STATUS":"NO"}},{"type":"Feature","geometry":{"type":"Point","coordinates":[80.01,12.27]},"properties":{"SECTOR_NAM":"NORTH TAMILNADU","SECTOR_ID":"SEC007","DIST_NAME":"Kancheepuram","LC_NAME":"Alambaraikuppam","LONGITUDE":80.01,"LATITUDE":12.27,"STATUS":"NO"}},{"type":"Feature","geometry":{"type":"Point","coordinates":[80.02,12.27]},"properties":{"SECTOR_NAM":"NORTH TAMILNADU","SECTOR_ID":"SEC007","DIST_NAME":"Kancheepuram","LC_NAME":"Kadappakam","LONGITUDE":80.02,"LATITUDE":12.27,"STATUS":"NO"}},{"type":"Feature","geometry":{"type":"Point","coordinates":[80.03,12.3]},"properties":{"SECTOR_NAM":"NORTH TAMILNADU","SECTOR_ID":"SEC007","DIST_NAME":"Kancheepuram","LC_NAME":"Panaiyur Periya Kuppam","LONGITUDE":80.03,"LATITUDE":12.3,"STATUS":"NO"}},{"type":"Feature","geometry":{"type":"Point","coordinates":[80.04,12.31]},"properties":{"SECTOR_NAM":"NORTH TAMILNADU","SECTOR_ID":"SEC007","DIST_NAME":"Kancheepuram","LC_NAME":"Panaiyur Chinnakuppam","LONGITUDE":80.04,"LATITUDE":12.31,"STATUS":"NO"}},{"type":"Feature","geometry":{"type":"Point","coordinates":[80.04,12.31]},"properties":{"SECTOR_NAM":"NORTH TAMILNADU","SECTOR_ID":"SEC007","DIST_NAME":"Kancheepuram","LC_NAME":"Mudaliyar Kuppam","LONGITUDE":80.04,"LATITUDE":12.31,"STATUS":"NO"}},{"type":"Feature","geometry":{"type":"Point","coordinates":[80.05,12.33]},"properties":{"SECTOR_NAM":"NORTH TAMILNADU","SECTOR_ID":"SEC007","DIST_NAME":"Kancheepuram","LC_NAME":"Cheyyur","LONGITUDE":80.05,"LATITUDE":12.33,"STATUS":"NO"}},{"type":"Feature","geometry":{"type":"Point","coordinates":[80.07,12.35]},"properties":{"SECTOR_NAM":"NORTH TAMILNADU","SECTOR_ID":"SEC007","DIST_NAME":"Kancheepuram","LC_NAME":"Paramankeni","LONGITUDE":80.07,"LATITUDE":12.35,"STATUS":"NO"}},{"type":"Feature","geometry":{"type":"Point","coordinates":[80.09,12.38]},"properties":{"SECTOR_NAM":"NORTH TAMILNADU","SECTOR_ID":"SEC007","DIST_NAME":"Kancheepuram","LC_NAME":"Perun Thuravu Kuppam","LONGITUDE":80.09,"LATITUDE":12.38,"STATUS":"NO"}},{"type":"Feature","geometry":{"type":"Point","coordinates":[80.12,12.42]},"properties":{"SECTOR_NAM":"NORTH TAMILNADU","SECTOR_ID":"SEC007","DIST_NAME":"Kancheepuram","LC_NAME":"Pudhunadukuppam","LONGITUDE":80.12,"LATITUDE":12.42,"STATUS":"NO"}},{"type":"Feature","geometry":{"type":"Point","coordinates":[80.13,12.42]},"properties":{"SECTOR_NAM":"NORTH TAMILNADU","SECTOR_ID":"SEC007","DIST_NAME":"Kancheepuram","LC_NAME":"Pazhayanadukuppam","LONGITUDE":80.13,"LATITUDE":12.42,"STATUS":"NO"}},{"type":"Feature","geometry":{"type":"Point","coordinates":[80.13,12.43]},"properties":{"SECTOR_NAM":"NORTH TAMILNADU","SECTOR_ID":"SEC007","DIST_NAME":"Kancheepuram","LC_NAME":"Angalamman Kuppam","LONGITUDE":80.13,"LATITUDE":12.43,"STATUS":"NO"}},{"type":"Feature","geometry":{"type":"Point","coordinates":[80.14,12.44]},"properties":{"SECTOR_NAM":"NORTH TAMILNADU","SECTOR_ID":"SEC007","DIST_NAME":"Kancheepuram","LC_NAME":"Kadalore Ali Kuppam","LONGITUDE":80.14,"LATITUDE":12.44,"STATUS":"NO"}},{"type":"Feature","geometry":{"type":"Point","coordinates":[80.14,12.44]},"properties":{"SECTOR_NAM":"NORTH TAMILNADU","SECTOR_ID":"SEC007","DIST_NAME":"Kancheepuram","LC_NAME":"Padalore Periya Kuppam","LONGITUDE":80.14,"LATITUDE":12.44,"STATUS":"NO"}},{"type":"Feature","geometry":{"type":"Point","coordinates":[80.14,12.45]},"properties":{"SECTOR_NAM":"NORTH TAMILNADU","SECTOR_ID":"SEC007","DIST_NAME":"Kancheepuram","LC_NAME":"Kadalore Chinna Kuppam","LONGITUDE":80.14,"LATITUDE":12.45,"STATUS":"NO"}},{"type":"Feature","geometry":{"type":"Point","coordinates":[80.16,12.49]},"properties":{"SECTOR_NAM":"NORTH TAMILNADU","SECTOR_ID":"SEC007","DIST_NAME":"Kancheepuram","LC_NAME":"Uyyalikuppam","LONGITUDE":80.16,"LATITUDE":12.49,"STATUS":"NO"}},{"type":"Feature","geometry":{"type":"Point","coordinates":[80.16,12.49]},"properties":{"SECTOR_NAM":"NORTH TAMILNADU","SECTOR_ID":"SEC007","DIST_NAME":"Kancheepuram","LC_NAME":"Sadras","LONGITUDE":80.16,"LATITUDE":12.49,"STATUS":"NO"}},{"type":"Feature","geometry":{"type":"Point","coordinates":[80.16,12.5]},"properties":{"SECTOR_NAM":"NORTH TAMILNADU","SECTOR_ID":"SEC007","DIST_NAME":"Kancheepuram","LC_NAME":"Pudupattinam","LONGITUDE":80.16,"LATITUDE":12.5,"STATUS":"NO"}},{"type":"Feature","geometry":{"type":"Point","coordinates":[80.17,12.52]},"properties":{"SECTOR_NAM":"NORTH TAMILNADU","SECTOR_ID":"SEC007","DIST_NAME":"Kancheepuram","LC_NAME":"Sathurangapattinam","LONGITUDE":80.17,"LATITUDE":12.52,"STATUS":"NO"}},{"type":"Feature","geometry":{"type":"Point","coordinates":[80.17,12.53]},"properties":{"SECTOR_NAM":"NORTH TAMILNADU","SECTOR_ID":"SEC007","DIST_NAME":"Kancheepuram","LC_NAME":"Umarikuppam","LONGITUDE":80.17,"LATITUDE":12.53,"STATUS":"NO"}},{"type":"Feature","geometry":{"type":"Point","coordinates":[80.17,12.53]},"properties":{"SECTOR_NAM":"NORTH TAMILNADU","SECTOR_ID":"SEC007","DIST_NAME":"Kancheepuram","LC_NAME":"Meyyurkuppam","LONGITUDE":80.17,"LATITUDE":12.53,"STATUS":"NO"}},{"type":"Feature","geometry":{"type":"Point","coordinates":[80.19,12.59]},"properties":{"SECTOR_NAM":"NORTH TAMILNADU","SECTOR_ID":"SEC007","DIST_NAME":"Kancheepuram","LC_NAME":"Kokilamedu","LONGITUDE":80.19,"LATITUDE":12.59,"STATUS":"NO"}},{"type":"Feature","geometry":{"type":"Point","coordinates":[80.19,12.6]},"properties":{"SECTOR_NAM":"NORTH TAMILNADU","SECTOR_ID":"SEC007","DIST_NAME":"Kancheepuram","LC_NAME":"Venpursham","LONGITUDE":80.19,"LATITUDE":12.6,"STATUS":"NO"}},{"type":"Feature","geometry":{"type":"Point","coordinates":[80.2,12.62]},"properties":{"SECTOR_NAM":"NORTH TAMILNADU","SECTOR_ID":"SEC007","DIST_NAME":"Kancheepuram","LC_NAME":"Mamallapuram","LONGITUDE":80.2,"LATITUDE":12.62,"STATUS":"NO"}},{"type":"Feature","geometry":{"type":"Point","coordinates":[80.2,12.62]},"properties":{"SECTOR_NAM":"NORTH TAMILNADU","SECTOR_ID":"SEC007","DIST_NAME":"Kancheepuram","LC_NAME":"Mahabalipuram","LONGITUDE":80.2,"LATITUDE":12.62,"STATUS":"NO"}},{"type":"Feature","geometry":{"type":"Point","coordinates":[80.21,12.65]},"properties":{"SECTOR_NAM":"NORTH TAMILNADU","SECTOR_ID":"SEC007","DIST_NAME":"Kancheepuram","LC_NAME":"Devaneri","LONGITUDE":80.21,"LATITUDE":12.65,"STATUS":"NO"}},{"type":"Feature","geometry":{"type":"Point","coordinates":[80.21,12.65]},"properties":{"SECTOR_NAM":"NORTH TAMILNADU","SECTOR_ID":"SEC007","DIST_NAME":"Kancheepuram","LC_NAME":"Salavankuppam","LONGITUDE":80.21,"LATITUDE":12.65,"STATUS":"NO"}},{"type":"Feature","geometry":{"type":"Point","coordinates":[80.21,12.66]},"properties":{"SECTOR_NAM":"NORTH TAMILNADU","SECTOR_ID":"SEC007","DIST_NAME":"Kancheepuram","LC_NAME":"Pudu Nemeli Kuppam","LONGITUDE":80.21,"LATITUDE":12.66,"STATUS":"NO"}},{"type":"Feature","geometry":{"type":"Point","coordinates":[80.22,12.69]},"properties":{"SECTOR_NAM":"NORTH TAMILNADU","SECTOR_ID":"SEC007","DIST_NAME":"Kancheepuram","LC_NAME":"Pattipulam","LONGITUDE":80.22,"LATITUDE":12.69,"STATUS":"NO"}},{"type":"Feature","geometry":{"type":"Point","coordinates":[80.23,12.7]},"properties":{"SECTOR_NAM":"NORTH TAMILNADU","SECTOR_ID":"SEC007","DIST_NAME":"Kancheepuram","LC_NAME":"Soolerikattukuppam","LONGITUDE":80.23,"LATITUDE":12.7,"STATUS":"NO"}},{"type":"Feature","geometry":{"type":"Point","coordinates":[80.23,12.72]},"properties":{"SECTOR_NAM":"NORTH TAMILNADU","SECTOR_ID":"SEC007","DIST_NAME":"Kancheepuram","LC_NAME":"Nemmelikuppam","LONGITUDE":80.23,"LATITUDE":12.72,"STATUS":"NO"}},{"type":"Feature","geometry":{"type":"Point","coordinates":[80.24,12.73]},"properties":{"SECTOR_NAM":"NORTH TAMILNADU","SECTOR_ID":"SEC007","DIST_NAME":"Kancheepuram","LC_NAME":"Pudhukalpakkam","LONGITUDE":80.24,"LATITUDE":12.73,"STATUS":"NO"}},{"type":"Feature","geometry":{"type":"Point","coordinates":[80.25,12.78]},"properties":{"SECTOR_NAM":"NORTH TAMILNADU","SECTOR_ID":"SEC007","DIST_NAME":"Kancheepuram","LC_NAME":"Chemacherry","LONGITUDE":80.25,"LATITUDE":12.78,"STATUS":"NO"}},{"type":"Feature","geometry":{"type":"Point","coordinates":[80.25,12.79]},"properties":{"SECTOR_NAM":"NORTH TAMILNADU","SECTOR_ID":"SEC007","DIST_NAME":"Kancheepuram","LC_NAME":"Covelong (Kovalam)","LONGITUDE":80.25,"LATITUDE":12.79,"STATUS":"NO"}},{"type":"Feature","geometry":{"type":"Point","coordinates":[80.25,12.82]},"properties":{"SECTOR_NAM":"NORTH TAMILNADU","SECTOR_ID":"SEC007","DIST_NAME":"Kancheepuram","LC_NAME":"Egattur Karikattukuppam","LONGITUDE":80.25,"LATITUDE":12.82,"STATUS":"NO"}},{"type":"Feature","geometry":{"type":"Point","coordinates":[80.25,12.85]},"properties":{"SECTOR_NAM":"NORTH TAMILNADU","SECTOR_ID":"SEC007","DIST_NAME":"Kancheepuram","LC_NAME":"Kanathur Reddy Kuppam","LONGITUDE":80.25,"LATITUDE":12.85,"STATUS":"NO"}},{"type":"Feature","geometry":{"type":"Point","coordinates":[80.25,12.86]},"properties":{"SECTOR_NAM":"NORTH TAMILNADU","SECTOR_ID":"SEC007","DIST_NAME":"Kancheepuram","LC_NAME":"Kanathur","LONGITUDE":80.25,"LATITUDE":12.86,"STATUS":"NO"}},{"type":"Feature","geometry":{"type":"Point","coordinates":[80.25,12.87]},"properties":{"SECTOR_NAM":"NORTH TAMILNADU","SECTOR_ID":"SEC007","DIST_NAME":"Kancheepuram","LC_NAME":"Nainarkuppam","LONGITUDE":80.25,"LATITUDE":12.87,"STATUS":"NO"}},{"type":"Feature","geometry":{"type":"Point","coordinates":[80.25,12.89]},"properties":{"SECTOR_NAM":"NORTH TAMILNADU","SECTOR_ID":"SEC007","DIST_NAME":"Kancheepuram","LC_NAME":"Panaiyurkuppam","LONGITUDE":80.25,"LATITUDE":12.89,"STATUS":"NO"}},{"type":"Feature","geometry":{"type":"Point","coordinates":[80.26,12.92]},"properties":{"SECTOR_NAM":"NORTH TAMILNADU","SECTOR_ID":"SEC007","DIST_NAME":"Kancheepuram","LC_NAME":"Injampakkam","LONGITUDE":80.26,"LATITUDE":12.92,"STATUS":"NO"}},{"type":"Feature","geometry":{"type":"Point","coordinates":[80.26,12.93]},"properties":{"SECTOR_NAM":"NORTH TAMILNADU","SECTOR_ID":"SEC007","DIST_NAME":"Kancheepuram","LC_NAME":"Chinnandikuppam","LONGITUDE":80.26,"LATITUDE":12.93,"STATUS":"NO"}},{"type":"Feature","geometry":{"type":"Point","coordinates":[80.26,12.94]},"properties":{"SECTOR_NAM":"NORTH TAMILNADU","SECTOR_ID":"SEC007","DIST_NAME":"Kancheepuram","LC_NAME":"Periya Neelankarai","LONGITUDE":80.26,"LATITUDE":12.94,"STATUS":"NO"}},{"type":"Feature","geometry":{"type":"Point","coordinates":[80.26,12.95]},"properties":{"SECTOR_NAM":"NORTH TAMILNADU","SECTOR_ID":"SEC007","DIST_NAME":"Kancheepuram","LC_NAME":"Chinna Neelankarai","LONGITUDE":80.26,"LATITUDE":12.95,"STATUS":"NO"}},{"type":"Feature","geometry":{"type":"Point","coordinates":[80.26,12.96]},"properties":{"SECTOR_NAM":"NORTH TAMILNADU","SECTOR_ID":"SEC007","DIST_NAME":"Kancheepuram","LC_NAME":"Palavakkam","LONGITUDE":80.26,"LATITUDE":12.96,"STATUS":"NO"}},{"type":"Feature","geometry":{"type":"Point","coordinates":[80.27,12.97]},"properties":{"SECTOR_NAM":"NORTH TAMILNADU","SECTOR_ID":"SEC007","DIST_NAME":"Kancheepuram","LC_NAME":"Kottivakkam","LONGITUDE":80.27,"LATITUDE":12.97,"STATUS":"NO"}},{"type":"Feature","geometry":{"type":"Point","coordinates":[80.27,12.98]},"properties":{"SECTOR_NAM":"NORTH TAMILNADU","SECTOR_ID":"SEC007","DIST_NAME":"Kancheepuram","LC_NAME":"Thiruvanmiyur","LONGITUDE":80.27,"LATITUDE":12.98,"STATUS":"NO"}},{"type":"Feature","geometry":{"type":"Point","coordinates":[80.27,13]},"properties":{"SECTOR_NAM":"NORTH TAMILNADU","SECTOR_ID":"SEC007","DIST_NAME":"Chennai","LC_NAME":"Odaikuppam","LONGITUDE":80.27,"LATITUDE":13,"STATUS":"NO"}},{"type":"Feature","geometry":{"type":"Point","coordinates":[80.27,13]},"properties":{"SECTOR_NAM":"NORTH TAMILNADU","SECTOR_ID":"SEC007","DIST_NAME":"Chennai","LC_NAME":"Orurkuppam","LONGITUDE":80.27,"LATITUDE":13,"STATUS":"NO"}},{"type":"Feature","geometry":{"type":"Point","coordinates":[80.28,13.02]},"properties":{"SECTOR_NAM":"NORTH TAMILNADU","SECTOR_ID":"SEC007","DIST_NAME":"Chennai","LC_NAME":"Srinivasapuram","LONGITUDE":80.28,"LATITUDE":13.02,"STATUS":"NO"}},{"type":"Feature","geometry":{"type":"Point","coordinates":[80.28,13.03]},"properties":{"SECTOR_NAM":"NORTH TAMILNADU","SECTOR_ID":"SEC007","DIST_NAME":"Chennai","LC_NAME":"Mullimanagar","LONGITUDE":80.28,"LATITUDE":13.03,"STATUS":"NO"}},{"type":"Feature","geometry":{"type":"Point","coordinates":[80.28,13.03]},"properties":{"SECTOR_NAM":"NORTH TAMILNADU","SECTOR_ID":"SEC007","DIST_NAME":"Chennai","LC_NAME":"Pattinampakkam","LONGITUDE":80.28,"LATITUDE":13.03,"STATUS":"NO"}},{"type":"Feature","geometry":{"type":"Point","coordinates":[80.28,13.04]},"properties":{"SECTOR_NAM":"NORTH TAMILNADU","SECTOR_ID":"SEC007","DIST_NAME":"Chennai","LC_NAME":"Nochikuppam","LONGITUDE":80.28,"LATITUDE":13.04,"STATUS":"NO"}},{"type":"Feature","geometry":{"type":"Point","coordinates":[80.28,13.04]},"properties":{"SECTOR_NAM":"NORTH TAMILNADU","SECTOR_ID":"SEC007","DIST_NAME":"Chennai","LC_NAME":"Cathedral (Chennai)","LONGITUDE":80.28,"LATITUDE":13.04,"STATUS":"NO"}},{"type":"Feature","geometry":{"type":"Point","coordinates":[80.28,13.05]},"properties":{"SECTOR_NAM":"NORTH TAMILNADU","SECTOR_ID":"SEC007","DIST_NAME":"Chennai","LC_NAME":"Nadukuppam","LONGITUDE":80.28,"LATITUDE":13.05,"STATUS":"NO"}},{"type":"Feature","geometry":{"type":"Point","coordinates":[80.28,13.05]},"properties":{"SECTOR_NAM":"NORTH TAMILNADU","SECTOR_ID":"SEC007","DIST_NAME":"Chennai","LC_NAME":"Ayothikuppam","LONGITUDE":80.28,"LATITUDE":13.05,"STATUS":"NO"}},{"type":"Feature","geometry":{"type":"Point","coordinates":[80.29,13.06]},"properties":{"SECTOR_NAM":"NORTH TAMILNADU","SECTOR_ID":"SEC007","DIST_NAME":"Chennai","LC_NAME":"Mattankuppam","LONGITUDE":80.29,"LATITUDE":13.06,"STATUS":"NO"}},{"type":"Feature","geometry":{"type":"Point","coordinates":[80.3,13.12]},"properties":{"SECTOR_NAM":"NORTH TAMILNADU","SECTOR_ID":"SEC007","DIST_NAME":"Chennai","LC_NAME":"Chennai","LONGITUDE":80.3,"LATITUDE":13.12,"STATUS":"NO"}},{"type":"Feature","geometry":{"type":"Point","coordinates":[80.3,13.13]},"properties":{"SECTOR_NAM":"NORTH TAMILNADU","SECTOR_ID":"SEC007","DIST_NAME":"Chennai","LC_NAME":"Lakshmipuram Odaikuppam","LONGITUDE":80.3,"LATITUDE":13.13,"STATUS":"NO"}},{"type":"Feature","geometry":{"type":"Point","coordinates":[80.3,13.13]},"properties":{"SECTOR_NAM":"NORTH TAMILNADU","SECTOR_ID":"SEC007","DIST_NAME":"Chennai","LC_NAME":"Royapuram","LONGITUDE":80.3,"LATITUDE":13.13,"STATUS":"NO"}},{"type":"Feature","geometry":{"type":"Point","coordinates":[80.3,13.13]},"properties":{"SECTOR_NAM":"NORTH TAMILNADU","SECTOR_ID":"SEC007","DIST_NAME":"Chennai","LC_NAME":"Ondikuppam","LONGITUDE":80.3,"LATITUDE":13.13,"STATUS":"NO"}},{"type":"Feature","geometry":{"type":"Point","coordinates":[80.3,13.13]},"properties":{"SECTOR_NAM":"NORTH TAMILNADU","SECTOR_ID":"SEC007","DIST_NAME":"Chennai","LC_NAME":"Nallathanneer Odaikuppam","LONGITUDE":80.3,"LATITUDE":13.13,"STATUS":"NO"}},{"type":"Feature","geometry":{"type":"Point","coordinates":[80.3,13.15]},"properties":{"SECTOR_NAM":"NORTH TAMILNADU","SECTOR_ID":"SEC007","DIST_NAME":"Thiruvallur","LC_NAME":"Thiruchinnankuppam","LONGITUDE":80.3,"LATITUDE":13.15,"STATUS":"NO"}},{"type":"Feature","geometry":{"type":"Point","coordinates":[80.31,13.16]},"properties":{"SECTOR_NAM":"NORTH TAMILNADU","SECTOR_ID":"SEC007","DIST_NAME":"Thiruvallur","LC_NAME":"Kasiviswanathar koil Kuppam","LONGITUDE":80.31,"LATITUDE":13.16,"STATUS":"NO"}},{"type":"Feature","geometry":{"type":"Point","coordinates":[80.31,13.17]},"properties":{"SECTOR_NAM":"NORTH TAMILNADU","SECTOR_ID":"SEC007","DIST_NAME":"Thiruvallur","LC_NAME":"Palagaithottikuppam","LONGITUDE":80.31,"LATITUDE":13.17,"STATUS":"NO"}},{"type":"Feature","geometry":{"type":"Point","coordinates":[80.31,13.17]},"properties":{"SECTOR_NAM":"NORTH TAMILNADU","SECTOR_ID":"SEC007","DIST_NAME":"Thiruvallur","LC_NAME":"Kasikoilkuppam","LONGITUDE":80.31,"LATITUDE":13.17,"STATUS":"NO"}},{"type":"Feature","geometry":{"type":"Point","coordinates":[80.32,13.2]},"properties":{"SECTOR_NAM":"NORTH TAMILNADU","SECTOR_ID":"SEC007","DIST_NAME":"Thiruvallur","LC_NAME":"Ernavoorkuppam","LONGITUDE":80.32,"LATITUDE":13.2,"STATUS":"NO"}},{"type":"Feature","geometry":{"type":"Point","coordinates":[80.32,13.21]},"properties":{"SECTOR_NAM":"NORTH TAMILNADU","SECTOR_ID":"SEC007","DIST_NAME":"Thiruvallur","LC_NAME":"Kathivakkam Chinnakuppam","LONGITUDE":80.32,"LATITUDE":13.21,"STATUS":"NO"}},{"type":"Feature","geometry":{"type":"Point","coordinates":[79.31,9.28]},"properties":{"SECTOR_NAM":"SOUTH TAMILNADU","SECTOR_ID":"SEC006","DIST_NAME":"Virudunagar","LC_NAME":"Rameshwaram Harbour","LONGITUDE":79.31,"LATITUDE":9.28,"STATUS":"NO"}},{"type":"Feature","geometry":{"type":"Point","coordinates":[79.33,9.32]},"properties":{"SECTOR_NAM":"SOUTH TAMILNADU","SECTOR_ID":"SEC006","DIST_NAME":"Virudunagar","LC_NAME":"Olaikuda","LONGITUDE":79.33,"LATITUDE":9.32,"STATUS":"NO"}},{"type":"Feature","geometry":{"type":"Point","coordinates":[79.26,9.29]},"properties":{"SECTOR_NAM":"SOUTH TAMILNADU","SECTOR_ID":"SEC006","DIST_NAME":"Virudunagar","LC_NAME":"Villundi","LONGITUDE":79.26,"LATITUDE":9.29,"STATUS":"NO"}},{"type":"Feature","geometry":{"type":"Point","coordinates":[79.26,9.29]},"properties":{"SECTOR_NAM":"SOUTH TAMILNADU","SECTOR_ID":"SEC006","DIST_NAME":"Virudunagar","LC_NAME":"Thangachimadam","LONGITUDE":79.26,"LATITUDE":9.29,"STATUS":"NO"}},{"type":"Feature","geometry":{"type":"Point","coordinates":[79.22,9.29]},"properties":{"SECTOR_NAM":"SOUTH TAMILNADU","SECTOR_ID":"SEC006","DIST_NAME":"Virudunagar","LC_NAME":"Pamban Light House","LONGITUDE":79.22,"LATITUDE":9.29,"STATUS":"NO"}},{"type":"Feature","geometry":{"type":"Point","coordinates":[79.15,9.29]},"properties":{"SECTOR_NAM":"SOUTH TAMILNADU","SECTOR_ID":"SEC006","DIST_NAME":"Ramanathapuram","LC_NAME":"Mandpam (North)","LONGITUDE":79.15,"LATITUDE":9.29,"STATUS":"NO"}},{"type":"Feature","geometry":{"type":"Point","coordinates":[79.14,9.29]},"properties":{"SECTOR_NAM":"SOUTH TAMILNADU","SECTOR_ID":"SEC006","DIST_NAME":"Ramanathapuram","LC_NAME":"Munaikadu","LONGITUDE":79.14,"LATITUDE":9.29,"STATUS":"NO"}},{"type":"Feature","geometry":{"type":"Point","coordinates":[78.99,9.35]},"properties":{"SECTOR_NAM":"SOUTH TAMILNADU","SECTOR_ID":"SEC006","DIST_NAME":"Ramanathapuram","LC_NAME":"Atrangarai","LONGITUDE":78.99,"LATITUDE":9.35,"STATUS":"NO"}},{"type":"Feature","geometry":{"type":"Point","coordinates":[78.98,9.37]},"properties":{"SECTOR_NAM":"SOUTH TAMILNADU","SECTOR_ID":"SEC006","DIST_NAME":"Ramanathapuram","LC_NAME":"Alagankulam","LONGITUDE":78.98,"LATITUDE":9.37,"STATUS":"NO"}},{"type":"Feature","geometry":{"type":"Point","coordinates":[78.97,9.38]},"properties":{"SECTOR_NAM":"SOUTH TAMILNADU","SECTOR_ID":"SEC006","DIST_NAME":"Ramanathapuram","LC_NAME":"Pudukkudi","LONGITUDE":78.97,"LATITUDE":9.38,"STATUS":"NO"}},{"type":"Feature","geometry":{"type":"Point","coordinates":[78.96,9.38]},"properties":{"SECTOR_NAM":"SOUTH TAMILNADU","SECTOR_ID":"SEC006","DIST_NAME":"Ramanathapuram","LC_NAME":"Panaikulam","LONGITUDE":78.96,"LATITUDE":9.38,"STATUS":"NO"}},{"type":"Feature","geometry":{"type":"Point","coordinates":[78.95,9.4]},"properties":{"SECTOR_NAM":"SOUTH TAMILNADU","SECTOR_ID":"SEC006","DIST_NAME":"Ramanathapuram","LC_NAME":"Pudhuvalasaichathiram","LONGITUDE":78.95,"LATITUDE":9.4,"STATUS":"NO"}},{"type":"Feature","geometry":{"type":"Point","coordinates":[78.93,9.42]},"properties":{"SECTOR_NAM":"SOUTH TAMILNADU","SECTOR_ID":"SEC006","DIST_NAME":"Ramanathapuram","LC_NAME":"Palanivalasai","LONGITUDE":78.93,"LATITUDE":9.42,"STATUS":"NO"}},{"type":"Feature","geometry":{"type":"Point","coordinates":[78.92,9.43]},"properties":{"SECTOR_NAM":"SOUTH TAMILNADU","SECTOR_ID":"SEC006","DIST_NAME":"Ramanathapuram","LC_NAME":"Mudiveeranpattinam","LONGITUDE":78.92,"LATITUDE":9.43,"STATUS":"NO"}},{"type":"Feature","geometry":{"type":"Point","coordinates":[78.9,9.47]},"properties":{"SECTOR_NAM":"SOUTH TAMILNADU","SECTOR_ID":"SEC006","DIST_NAME":"Ramanathapuram","LC_NAME":"Devipattinam South","LONGITUDE":78.9,"LATITUDE":9.47,"STATUS":"NO"}},{"type":"Feature","geometry":{"type":"Point","coordinates":[78.9,9.48]},"properties":{"SECTOR_NAM":"SOUTH TAMILNADU","SECTOR_ID":"SEC006","DIST_NAME":"Ramanathapuram","LC_NAME":"Devipattinam","LONGITUDE":78.9,"LATITUDE":9.48,"STATUS":"NO"}},{"type":"Feature","geometry":{"type":"Point","coordinates":[78.92,9.51]},"properties":{"SECTOR_NAM":"SOUTH TAMILNADU","SECTOR_ID":"SEC006","DIST_NAME":"Ramanathapuram","LC_NAME":"Pathanendal","LONGITUDE":78.92,"LATITUDE":9.51,"STATUS":"NO"}},{"type":"Feature","geometry":{"type":"Point","coordinates":[78.92,9.55]},"properties":{"SECTOR_NAM":"SOUTH TAMILNADU","SECTOR_ID":"SEC006","DIST_NAME":"Ramanathapuram","LC_NAME":"Thirupalaikudi North","LONGITUDE":78.92,"LATITUDE":9.55,"STATUS":"NO"}},{"type":"Feature","geometry":{"type":"Point","coordinates":[78.94,9.61]},"properties":{"SECTOR_NAM":"SOUTH TAMILNADU","SECTOR_ID":"SEC006","DIST_NAME":"Ramanathapuram","LC_NAME":"Moreppanai","LONGITUDE":78.94,"LATITUDE":9.61,"STATUS":"NO"}},{"type":"Feature","geometry":{"type":"Point","coordinates":[78.96,9.64]},"properties":{"SECTOR_NAM":"SOUTH TAMILNADU","SECTOR_ID":"SEC006","DIST_NAME":"Ramanathapuram","LC_NAME":"Karankadu","LONGITUDE":78.96,"LATITUDE":9.64,"STATUS":"NO"}},{"type":"Feature","geometry":{"type":"Point","coordinates":[78.97,9.66]},"properties":{"SECTOR_NAM":"SOUTH TAMILNADU","SECTOR_ID":"SEC006","DIST_NAME":"Ramanathapuram","LC_NAME":"Mullimanai","LONGITUDE":78.97,"LATITUDE":9.66,"STATUS":"NO"}},{"type":"Feature","geometry":{"type":"Point","coordinates":[78.98,9.68]},"properties":{"SECTOR_NAM":"SOUTH TAMILNADU","SECTOR_ID":"SEC006","DIST_NAME":"Ramanathapuram","LC_NAME":"Pudhupattinam","LONGITUDE":78.98,"LATITUDE":9.68,"STATUS":"NO"}},{"type":"Feature","geometry":{"type":"Point","coordinates":[78.99,9.7]},"properties":{"SECTOR_NAM":"SOUTH TAMILNADU","SECTOR_ID":"SEC006","DIST_NAME":"Ramanathapuram","LC_NAME":"Tiruvettriyur","LONGITUDE":78.99,"LATITUDE":9.7,"STATUS":"NO"}},{"type":"Feature","geometry":{"type":"Point","coordinates":[78.99,9.71]},"properties":{"SECTOR_NAM":"SOUTH TAMILNADU","SECTOR_ID":"SEC006","DIST_NAME":"Ramanathapuram","LC_NAME":"Soliyakudi Harbour","LONGITUDE":78.99,"LATITUDE":9.71,"STATUS":"NO"}},{"type":"Feature","geometry":{"type":"Point","coordinates":[79.01,9.72]},"properties":{"SECTOR_NAM":"SOUTH TAMILNADU","SECTOR_ID":"SEC006","DIST_NAME":"Ramanathapuram","LC_NAME":"Nambuthalai","LONGITUDE":79.01,"LATITUDE":9.72,"STATUS":"NO"}},{"type":"Feature","geometry":{"type":"Point","coordinates":[79.02,9.74]},"properties":{"SECTOR_NAM":"SOUTH TAMILNADU","SECTOR_ID":"SEC006","DIST_NAME":"Ramanathapuram","LC_NAME":"Tondi","LONGITUDE":79.02,"LATITUDE":9.74,"STATUS":"NO"}},{"type":"Feature","geometry":{"type":"Point","coordinates":[79.04,9.76]},"properties":{"SECTOR_NAM":"SOUTH TAMILNADU","SECTOR_ID":"SEC006","DIST_NAME":"Ramanathapuram","LC_NAME":"M.R.Pattinam","LONGITUDE":79.04,"LATITUDE":9.76,"STATUS":"NO"}},{"type":"Feature","geometry":{"type":"Point","coordinates":[79.04,9.77]},"properties":{"SECTOR_NAM":"SOUTH TAMILNADU","SECTOR_ID":"SEC006","DIST_NAME":"Ramanathapuram","LC_NAME":"Valasapatinam(P.V.Pattinam","LONGITUDE":79.04,"LATITUDE":9.77,"STATUS":"NO"}},{"type":"Feature","geometry":{"type":"Point","coordinates":[79.05,9.77]},"properties":{"SECTOR_NAM":"SOUTH TAMILNADU","SECTOR_ID":"SEC006","DIST_NAME":"Ramanathapuram","LC_NAME":"Narendhal","LONGITUDE":79.05,"LATITUDE":9.77,"STATUS":"NO"}},{"type":"Feature","geometry":{"type":"Point","coordinates":[79.07,9.79]},"properties":{"SECTOR_NAM":"SOUTH TAMILNADU","SECTOR_ID":"SEC006","DIST_NAME":"Ramanathapuram","LC_NAME":"Dhamotharanpattinam","LONGITUDE":79.07,"LATITUDE":9.79,"STATUS":"NO"}},{"type":"Feature","geometry":{"type":"Point","coordinates":[79.08,9.81]},"properties":{"SECTOR_NAM":"SOUTH TAMILNADU","SECTOR_ID":"SEC006","DIST_NAME":"Ramanathapuram","LC_NAME":"Pasipattinam","LONGITUDE":79.08,"LATITUDE":9.81,"STATUS":"NO"}},{"type":"Feature","geometry":{"type":"Point","coordinates":[79.09,9.83]},"properties":{"SECTOR_NAM":"SOUTH TAMILNADU","SECTOR_ID":"SEC006","DIST_NAME":"Ramanathapuram","LC_NAME":"Theerthaandathanam","LONGITUDE":79.09,"LATITUDE":9.83,"STATUS":"NO"}},{"type":"Feature","geometry":{"type":"Point","coordinates":[79.1,9.84]},"properties":{"SECTOR_NAM":"SOUTH TAMILNADU","SECTOR_ID":"SEC006","DIST_NAME":"Ramanathapuram","LC_NAME":"Sundarapandiyanpatta","LONGITUDE":79.1,"LATITUDE":9.84,"STATUS":"NO"}},{"type":"Feature","geometry":{"type":"Point","coordinates":[79.12,9.87]},"properties":{"SECTOR_NAM":"SOUTH TAMILNADU","SECTOR_ID":"SEC006","DIST_NAME":"Pudukkottai","LC_NAME":"Muthukuda","LONGITUDE":79.12,"LATITUDE":9.87,"STATUS":"NO"}},{"type":"Feature","geometry":{"type":"Point","coordinates":[79.14,9.91]},"properties":{"SECTOR_NAM":"SOUTH TAMILNADU","SECTOR_ID":"SEC006","DIST_NAME":"Pudukkottai","LC_NAME":"R.Pudhupattinam","LONGITUDE":79.14,"LATITUDE":9.91,"STATUS":"NO"}},{"type":"Feature","geometry":{"type":"Point","coordinates":[79.15,9.92]},"properties":{"SECTOR_NAM":"SOUTH TAMILNADU","SECTOR_ID":"SEC006","DIST_NAME":"Pudukkottai","LC_NAME":"Gopalapattinam","LONGITUDE":79.15,"LATITUDE":9.92,"STATUS":"NO"}},{"type":"Feature","geometry":{"type":"Point","coordinates":[79.18,9.96]},"properties":{"SECTOR_NAM":"SOUTH TAMILNADU","SECTOR_ID":"SEC006","DIST_NAME":"Pudukkottai","LC_NAME":"Muthanenthal","LONGITUDE":79.18,"LATITUDE":9.96,"STATUS":"NO"}},{"type":"Feature","geometry":{"type":"Point","coordinates":[79.18,9.96]},"properties":{"SECTOR_NAM":"SOUTH TAMILNADU","SECTOR_ID":"SEC006","DIST_NAME":"Pudukkottai","LC_NAME":"Ayyampattinam","LONGITUDE":79.18,"LATITUDE":9.96,"STATUS":"NO"}},{"type":"Feature","geometry":{"type":"Point","coordinates":[79.2,9.98]},"properties":{"SECTOR_NAM":"SOUTH TAMILNADU","SECTOR_ID":"SEC006","DIST_NAME":"Pudukkottai","LC_NAME":"Kottaippattanam","LONGITUDE":79.2,"LATITUDE":9.98,"STATUS":"NO"}},{"type":"Feature","geometry":{"type":"Point","coordinates":[79.21,9.99]},"properties":{"SECTOR_NAM":"SOUTH TAMILNADU","SECTOR_ID":"SEC006","DIST_NAME":"Pudukkottai","LC_NAME":"Pudhukkudi South","LONGITUDE":79.21,"LATITUDE":9.99,"STATUS":"NO"}},{"type":"Feature","geometry":{"type":"Point","coordinates":[79.22,10]},"properties":{"SECTOR_NAM":"SOUTH TAMILNADU","SECTOR_ID":"SEC006","DIST_NAME":"Pudukkottai","LC_NAME":"Pudhukkudi North","LONGITUDE":79.22,"LATITUDE":10,"STATUS":"NO"}},{"type":"Feature","geometry":{"type":"Point","coordinates":[79.24,10.02]},"properties":{"SECTOR_NAM":"SOUTH TAMILNADU","SECTOR_ID":"SEC006","DIST_NAME":"Pudukkottai","LC_NAME":"Anthoniyarpuram","LONGITUDE":79.24,"LATITUDE":10.02,"STATUS":"NO"}},{"type":"Feature","geometry":{"type":"Point","coordinates":[79.25,10.03]},"properties":{"SECTOR_NAM":"SOUTH TAMILNADU","SECTOR_ID":"SEC006","DIST_NAME":"Pudukkottai","LC_NAME":"Ponagaram","LONGITUDE":79.25,"LATITUDE":10.03,"STATUS":"NO"}},{"type":"Feature","geometry":{"type":"Point","coordinates":[79.26,10.03]},"properties":{"SECTOR_NAM":"SOUTH TAMILNADU","SECTOR_ID":"SEC006","DIST_NAME":"Pudukkottai","LC_NAME":"Manamelkudi","LONGITUDE":79.26,"LATITUDE":10.03,"STATUS":"NO"}},{"type":"Feature","geometry":{"type":"Point","coordinates":[79.27,10.04]},"properties":{"SECTOR_NAM":"SOUTH TAMILNADU","SECTOR_ID":"SEC006","DIST_NAME":"Pudukkottai","LC_NAME":"Keelakudiyiruppu","LONGITUDE":79.27,"LATITUDE":10.04,"STATUS":"NO"}},{"type":"Feature","geometry":{"type":"Point","coordinates":[79.25,10.05]},"properties":{"SECTOR_NAM":"SOUTH TAMILNADU","SECTOR_ID":"SEC006","DIST_NAME":"Pudukkottai","LC_NAME":"Vadakku Amapattinam","LONGITUDE":79.25,"LATITUDE":10.05,"STATUS":"NO"}},{"type":"Feature","geometry":{"type":"Point","coordinates":[79.24,10.08]},"properties":{"SECTOR_NAM":"SOUTH TAMILNADU","SECTOR_ID":"SEC006","DIST_NAME":"Pudukkottai","LC_NAME":"Seetharampattinam","LONGITUDE":79.24,"LATITUDE":10.08,"STATUS":"NO"}},{"type":"Feature","geometry":{"type":"Point","coordinates":[79.23,10.1]},"properties":{"SECTOR_NAM":"SOUTH TAMILNADU","SECTOR_ID":"SEC006","DIST_NAME":"Pudukkottai","LC_NAME":"Krishnajipattinam","LONGITUDE":79.23,"LATITUDE":10.1,"STATUS":"NO"}},{"type":"Feature","geometry":{"type":"Point","coordinates":[79.23,10.12]},"properties":{"SECTOR_NAM":"SOUTH TAMILNADU","SECTOR_ID":"SEC006","DIST_NAME":"Pudukkottai","LC_NAME":"Prathaparamanpattinam","LONGITUDE":79.23,"LATITUDE":10.12,"STATUS":"NO"}},{"type":"Feature","geometry":{"type":"Point","coordinates":[79.23,10.13]},"properties":{"SECTOR_NAM":"SOUTH TAMILNADU","SECTOR_ID":"SEC006","DIST_NAME":"Pudukkottai","LC_NAME":"Kattumavadi","LONGITUDE":79.23,"LATITUDE":10.13,"STATUS":"NO"}},{"type":"Feature","geometry":{"type":"Point","coordinates":[79.23,10.14]},"properties":{"SECTOR_NAM":"SOUTH TAMILNADU","SECTOR_ID":"SEC006","DIST_NAME":"Pudukkottai","LC_NAME":"Sembiyanmadevipattinam","LONGITUDE":79.23,"LATITUDE":10.14,"STATUS":"NO"}},{"type":"Feature","geometry":{"type":"Point","coordinates":[79.23,10.14]},"properties":{"SECTOR_NAM":"NORTH TAMILNADU","SECTOR_ID":"SEC007","DIST_NAME":"Thanjavur","LC_NAME":"Ganesapuram","LONGITUDE":79.23,"LATITUDE":10.14,"STATUS":"NO"}},{"type":"Feature","geometry":{"type":"Point","coordinates":[79.23,10.15]},"properties":{"SECTOR_NAM":"NORTH TAMILNADU","SECTOR_ID":"SEC007","DIST_NAME":"Thanjavur","LC_NAME":"Vallavanpattinam","LONGITUDE":79.23,"LATITUDE":10.15,"STATUS":"NO"}},{"type":"Feature","geometry":{"type":"Point","coordinates":[79.24,10.15]},"properties":{"SECTOR_NAM":"NORTH TAMILNADU","SECTOR_ID":"SEC007","DIST_NAME":"Thanjavur","LC_NAME":"Subbamachatram","LONGITUDE":79.24,"LATITUDE":10.15,"STATUS":"NO"}},{"type":"Feature","geometry":{"type":"Point","coordinates":[79.24,10.16]},"properties":{"SECTOR_NAM":"NORTH TAMILNADU","SECTOR_ID":"SEC007","DIST_NAME":"Thanjavur","LC_NAME":"Somanathanpattinam","LONGITUDE":79.24,"LATITUDE":10.16,"STATUS":"NO"}},{"type":"Feature","geometry":{"type":"Point","coordinates":[79.24,10.17]},"properties":{"SECTOR_NAM":"NORTH TAMILNADU","SECTOR_ID":"SEC007","DIST_NAME":"Thanjavur","LC_NAME":"Annanagar Pudhutheru","LONGITUDE":79.24,"LATITUDE":10.17,"STATUS":"NO"}},{"type":"Feature","geometry":{"type":"Point","coordinates":[79.24,10.17]},"properties":{"SECTOR_NAM":"NORTH TAMILNADU","SECTOR_ID":"SEC007","DIST_NAME":"Thanjavur","LC_NAME":"Mandhiripattinam","LONGITUDE":79.24,"LATITUDE":10.17,"STATUS":"NO"}},{"type":"Feature","geometry":{"type":"Point","coordinates":[79.25,10.19]},"properties":{"SECTOR_NAM":"NORTH TAMILNADU","SECTOR_ID":"SEC007","DIST_NAME":"Thanjavur","LC_NAME":"Senthalaivayal","LONGITUDE":79.25,"LATITUDE":10.19,"STATUS":"NO"}},{"type":"Feature","geometry":{"type":"Point","coordinates":[79.26,10.19]},"properties":{"SECTOR_NAM":"NORTH TAMILNADU","SECTOR_ID":"SEC007","DIST_NAME":"Thanjavur","LC_NAME":"Adaikkadevan","LONGITUDE":79.26,"LATITUDE":10.19,"STATUS":"NO"}},{"type":"Feature","geometry":{"type":"Point","coordinates":[80.32,13.21]},"properties":{"SECTOR_NAM":"NORTH TAMILNADU","SECTOR_ID":"SEC007","DIST_NAME":"Thiruvallur","LC_NAME":"Kathivakkam Periakuppam","LONGITUDE":80.32,"LATITUDE":13.21,"STATUS":"NO"}},{"type":"Feature","geometry":{"type":"Point","coordinates":[80.32,13.22]},"properties":{"SECTOR_NAM":"NORTH TAMILNADU","SECTOR_ID":"SEC007","DIST_NAME":"Thiruvallur","LC_NAME":"Thazankuppam","LONGITUDE":80.32,"LATITUDE":13.22,"STATUS":"NO"}},{"type":"Feature","geometry":{"type":"Point","coordinates":[80.32,13.23]},"properties":{"SECTOR_NAM":"NORTH TAMILNADU","SECTOR_ID":"SEC007","DIST_NAME":"Thiruvallur","LC_NAME":"Ennore Mugathuvarakuppan","LONGITUDE":80.32,"LATITUDE":13.23,"STATUS":"NO"}},{"type":"Feature","geometry":{"type":"Point","coordinates":[80.32,13.23]},"properties":{"SECTOR_NAM":"NORTH TAMILNADU","SECTOR_ID":"SEC007","DIST_NAME":"Thiruvallur","LC_NAME":"Ennorekuppam","LONGITUDE":80.32,"LATITUDE":13.23,"STATUS":"NO"}},{"type":"Feature","geometry":{"type":"Point","coordinates":[80.33,13.42]},"properties":{"SECTOR_NAM":"NORTH TAMILNADU","SECTOR_ID":"SEC007","DIST_NAME":"Thiruvallur","LC_NAME":"Pulicat","LONGITUDE":80.33,"LATITUDE":13.42,"STATUS":"NO"}},{"type":"Feature","geometry":{"type":"Point","coordinates":[80.31,13.45]},"properties":{"SECTOR_NAM":"NORTH TAMILNADU","SECTOR_ID":"SEC007","DIST_NAME":"Thiruvallur","LC_NAME":"Coromandel","LONGITUDE":80.31,"LATITUDE":13.45,"STATUS":"NO"}},{"type":"Feature","geometry":{"type":"Point","coordinates":[80.3,13.47]},"properties":{"SECTOR_NAM":"NORTH TAMILNADU","SECTOR_ID":"SEC007","DIST_NAME":"Thiruvallur","LC_NAME":"Annamalaichery","LONGITUDE":80.3,"LATITUDE":13.47,"STATUS":"NO"}},{"type":"Feature","geometry":{"type":"Point","coordinates":[80.29,13.5]},"properties":{"SECTOR_NAM":"NORTH TAMILNADU","SECTOR_ID":"SEC007","DIST_NAME":"Thiruvallur","LC_NAME":"Periyamangodu","LONGITUDE":80.29,"LATITUDE":13.5,"STATUS":"NO"}},{"type":"Feature","geometry":{"type":"Point","coordinates":[80.27,13.56]},"properties":{"SECTOR_NAM":"NORTH TAMILNADU","SECTOR_ID":"SEC007","DIST_NAME":"Thiruvallur","LC_NAME":"Arambakkam","LONGITUDE":80.27,"LATITUDE":13.56,"STATUS":"NO"}},{"type":"Feature","geometry":{"type":"Point","coordinates":[80.24,13.61]},"properties":{"SECTOR_NAM":"SOUTH ANDHRAPRADESH","SECTOR_ID":"SEC008","DIST_NAME":"Sri Potti Sriramulu Nello","LC_NAME":"Pulinjerikuppam","LONGITUDE":80.24,"LATITUDE":13.61,"STATUS":"NO"}},{"type":"Feature","geometry":{"type":"Point","coordinates":[80.16,13.98]},"properties":{"SECTOR_NAM":"SOUTH ANDHRAPRADESH","SECTOR_ID":"SEC008","DIST_NAME":"Sri Potti Sriramulu Nello","LC_NAME":"Durgarajupatnam","LONGITUDE":80.16,"LATITUDE":13.98,"STATUS":"NO"}},{"type":"Feature","geometry":{"type":"Point","coordinates":[80.14,14.02]},"properties":{"SECTOR_NAM":"SOUTH ANDHRAPRADESH","SECTOR_ID":"SEC008","DIST_NAME":"Sri Potti Sriramulu Nello","LC_NAME":"Kondur","LONGITUDE":80.14,"LATITUDE":14.02,"STATUS":"NO"}},{"type":"Feature","geometry":{"type":"Point","coordinates":[80.14,14.07]},"properties":{"SECTOR_NAM":"SOUTH ANDHRAPRADESH","SECTOR_ID":"SEC008","DIST_NAME":"Sri Potti Sriramulu Nello","LC_NAME":"Arkatapalem","LONGITUDE":80.14,"LATITUDE":14.07,"STATUS":"NO"}},{"type":"Feature","geometry":{"type":"Point","coordinates":[80.12,14.12]},"properties":{"SECTOR_NAM":"SOUTH ANDHRAPRADESH","SECTOR_ID":"SEC008","DIST_NAME":"Sri Potti Sriramulu Nello","LC_NAME":"Kottapatnam","LONGITUDE":80.12,"LATITUDE":14.12,"STATUS":"NO"}},{"type":"Feature","geometry":{"type":"Point","coordinates":[80.13,14.23]},"properties":{"SECTOR_NAM":"SOUTH ANDHRAPRADESH","SECTOR_ID":"SEC008","DIST_NAME":"Sri Potti Sriramulu Nello","LC_NAME":"Tammenapatnam","LONGITUDE":80.13,"LATITUDE":14.23,"STATUS":"NO"}},{"type":"Feature","geometry":{"type":"Point","coordinates":[80.12,14.25]},"properties":{"SECTOR_NAM":"SOUTH ANDHRAPRADESH","SECTOR_ID":"SEC008","DIST_NAME":"Sri Potti Sriramulu Nello","LC_NAME":"Krishnapatnam(Upputeru)","LONGITUDE":80.12,"LATITUDE":14.25,"STATUS":"NO"}},{"type":"Feature","geometry":{"type":"Point","coordinates":[80.12,14.28]},"properties":{"SECTOR_NAM":"SOUTH ANDHRAPRADESH","SECTOR_ID":"SEC008","DIST_NAME":"Sri Potti Sriramulu Nello","LC_NAME":"Krishnapatnam","LONGITUDE":80.12,"LATITUDE":14.28,"STATUS":"NO"}},{"type":"Feature","geometry":{"type":"Point","coordinates":[80.17,14.39]},"properties":{"SECTOR_NAM":"SOUTH ANDHRAPRADESH","SECTOR_ID":"SEC008","DIST_NAME":"Sri Potti Sriramulu Nello","LC_NAME":"Pathapalem","LONGITUDE":80.17,"LATITUDE":14.39,"STATUS":"NO"}},{"type":"Feature","geometry":{"type":"Point","coordinates":[80.18,14.51]},"properties":{"SECTOR_NAM":"SOUTH ANDHRAPRADESH","SECTOR_ID":"SEC008","DIST_NAME":"Sri Potti Sriramulu Nello","LC_NAME":"Maipadu","LONGITUDE":80.18,"LATITUDE":14.51,"STATUS":"NO"}},{"type":"Feature","geometry":{"type":"Point","coordinates":[80.16,14.64]},"properties":{"SECTOR_NAM":"SOUTH ANDHRAPRADESH","SECTOR_ID":"SEC008","DIST_NAME":"Sri Potti Sriramulu Nello","LC_NAME":"Pattapupalem","LONGITUDE":80.16,"LATITUDE":14.64,"STATUS":"NO"}},{"type":"Feature","geometry":{"type":"Point","coordinates":[80.15,14.66]},"properties":{"SECTOR_NAM":"SOUTH ANDHRAPRADESH","SECTOR_ID":"SEC008","DIST_NAME":"Sri Potti Sriramulu Nello","LC_NAME":"Utukuru","LONGITUDE":80.15,"LATITUDE":14.66,"STATUS":"NO"}},{"type":"Feature","geometry":{"type":"Point","coordinates":[80.11,14.74]},"properties":{"SECTOR_NAM":"SOUTH ANDHRAPRADESH","SECTOR_ID":"SEC008","DIST_NAME":"Sri Potti Sriramulu Nello","LC_NAME":"Isakapalle","LONGITUDE":80.11,"LATITUDE":14.74,"STATUS":"NO"}},{"type":"Feature","geometry":{"type":"Point","coordinates":[80.09,14.81]},"properties":{"SECTOR_NAM":"SOUTH ANDHRAPRADESH","SECTOR_ID":"SEC008","DIST_NAME":"Sri Potti Sriramulu Nello","LC_NAME":"Zuvvaladinne","LONGITUDE":80.09,"LATITUDE":14.81,"STATUS":"NO"}},{"type":"Feature","geometry":{"type":"Point","coordinates":[80.09,14.85]},"properties":{"SECTOR_NAM":"SOUTH ANDHRAPRADESH","SECTOR_ID":"SEC008","DIST_NAME":"Sri Potti Sriramulu Nello","LC_NAME":"Vatturupallepalem","LONGITUDE":80.09,"LATITUDE":14.85,"STATUS":"NO"}},{"type":"Feature","geometry":{"type":"Point","coordinates":[80.05,15.04]},"properties":{"SECTOR_NAM":"SOUTH ANDHRAPRADESH","SECTOR_ID":"SEC008","DIST_NAME":"Prakasam","LC_NAME":"Ramayapatnam","LONGITUDE":80.05,"LATITUDE":15.04,"STATUS":"NO"}},{"type":"Feature","geometry":{"type":"Point","coordinates":[80.05,15.11]},"properties":{"SECTOR_NAM":"SOUTH ANDHRAPRADESH","SECTOR_ID":"SEC008","DIST_NAME":"Prakasam","LC_NAME":"Chakicherla","LONGITUDE":80.05,"LATITUDE":15.11,"STATUS":"NO"}},{"type":"Feature","geometry":{"type":"Point","coordinates":[80.12,15.37]},"properties":{"SECTOR_NAM":"SOUTH ANDHRAPRADESH","SECTOR_ID":"SEC008","DIST_NAME":"Prakasam","LC_NAME":"Itamukkala","LONGITUDE":80.12,"LATITUDE":15.37,"STATUS":"NO"}},{"type":"Feature","geometry":{"type":"Point","coordinates":[80.18,15.44]},"properties":{"SECTOR_NAM":"SOUTH ANDHRAPRADESH","SECTOR_ID":"SEC008","DIST_NAME":"Prakasam","LC_NAME":"Allurukottapatnam","LONGITUDE":80.18,"LATITUDE":15.44,"STATUS":"NO"}},{"type":"Feature","geometry":{"type":"Point","coordinates":[73.12,17.76]},"properties":{"SECTOR_NAM":"MAHARASHTRA","SECTOR_ID":"SEC002","DIST_NAME":"Ratnagiri","LC_NAME":"Murud","LONGITUDE":73.12,"LATITUDE":17.76,"STATUS":"NO"}},{"type":"Feature","geometry":{"type":"Point","coordinates":[72.93,18.37]},"properties":{"SECTOR_NAM":"MAHARASHTRA","SECTOR_ID":"SEC002","DIST_NAME":"Raigarh","LC_NAME":"Mazgaon","LONGITUDE":72.93,"LATITUDE":18.37,"FORECAST_D":"2024-04-27T18:30:00Z","VALIDITY_D":"2024-04-28T18:30:00Z","STATUS":"YES"}},{"type":"Feature","geometry":{"type":"Point","coordinates":[73.53,15.94]},"properties":{"SECTOR_NAM":"MAHARASHTRA","SECTOR_ID":"SEC002","DIST_NAME":"Sindhudurg","LC_NAME":"Kochara-Nivati","LONGITUDE":73.53,"LATITUDE":15.94,"FORECAST_D":"2024-04-27T18:30:00Z","VALIDITY_D":"2024-04-28T18:30:00Z","STATUS":"YES"}},{"type":"Feature","geometry":{"type":"Point","coordinates":[73,18.05]},"properties":{"SECTOR_NAM":"MAHARASHTRA","SECTOR_ID":"SEC002","DIST_NAME":"Raigarh","LC_NAME":"Srivardhan","LONGITUDE":73,"LATITUDE":18.05,"FORECAST_D":"2024-04-27T18:30:00Z","VALIDITY_D":"2024-04-28T18:30:00Z","STATUS":"YES"}},{"type":"Feature","geometry":{"type":"Point","coordinates":[73.32,16.82]},"properties":{"SECTOR_NAM":"MAHARASHTRA","SECTOR_ID":"SEC002","DIST_NAME":"Ratnagiri","LC_NAME":"Sakhri-Natye","LONGITUDE":73.32,"LATITUDE":16.82,"FORECAST_D":"2024-04-27T18:30:00Z","VALIDITY_D":"2024-04-28T18:30:00Z","STATUS":"YES"}},{"type":"Feature","geometry":{"type":"Point","coordinates":[72.97,18.27]},"properties":{"SECTOR_NAM":"MAHARASHTRA","SECTOR_ID":"SEC002","DIST_NAME":"Raigarh","LC_NAME":"Dighi(Savari)","LONGITUDE":72.97,"LATITUDE":18.27,"FORECAST_D":"2024-04-27T18:30:00Z","VALIDITY_D":"2024-04-28T18:30:00Z","STATUS":"YES"}},{"type":"Feature","geometry":{"type":"Point","coordinates":[72.98,18.19]},"properties":{"SECTOR_NAM":"MAHARASHTRA","SECTOR_ID":"SEC002","DIST_NAME":"Raigarh","LC_NAME":"Bhardkhol-Diveagar","LONGITUDE":72.98,"LATITUDE":18.19,"FORECAST_D":"2024-04-27T18:30:00Z","VALIDITY_D":"2024-04-28T18:30:00Z","STATUS":"YES"}},{"type":"Feature","geometry":{"type":"Point","coordinates":[73.05,17.99]},"properties":{"SECTOR_NAM":"MAHARASHTRA","SECTOR_ID":"SEC002","DIST_NAME":"Raigarh","LC_NAME":"Bagmandla","LONGITUDE":73.05,"LATITUDE":17.99,"FORECAST_D":"2024-04-27T18:30:00Z","VALIDITY_D":"2024-04-28T18:30:00Z","STATUS":"YES"}},{"type":"Feature","geometry":{"type":"Point","coordinates":[73.39,16.34]},"properties":{"SECTOR_NAM":"MAHARASHTRA","SECTOR_ID":"SEC002","DIST_NAME":"Sindhudurg","LC_NAME":"Kunkeshwar","LONGITUDE":73.39,"LATITUDE":16.34,"FORECAST_D":"2024-04-27T18:30:00Z","VALIDITY_D":"2024-04-28T18:30:00Z","STATUS":"YES"}},{"type":"Feature","geometry":{"type":"Point","coordinates":[73.33,16.56]},"properties":{"SECTOR_NAM":"MAHARASHTRA","SECTOR_ID":"SEC002","DIST_NAME":"Sindhudurg","LC_NAME":"Vijayadurg Hr","LONGITUDE":73.33,"LATITUDE":16.56,"FORECAST_D":"2024-04-27T18:30:00Z","VALIDITY_D":"2024-04-28T18:30:00Z","STATUS":"YES"}},{"type":"Feature","geometry":{"type":"Point","coordinates":[72.7,19.73]},"properties":{"SECTOR_NAM":"MAHARASHTRA","SECTOR_ID":"SEC002","DIST_NAME":"Thane","LC_NAME":"Satpati(N)","LONGITUDE":72.7,"LATITUDE":19.73,"FORECAST_D":"2024-04-27T18:30:00Z","VALIDITY_D":"2024-04-28T18:30:00Z","STATUS":"YES"}},{"type":"Feature","geometry":{"type":"Point","coordinates":[72.98,18.12]},"properties":{"SECTOR_NAM":"MAHARASHTRA","SECTOR_ID":"SEC002","DIST_NAME":"Raigarh","LC_NAME":"Shekhadi(Khalchi)","LONGITUDE":72.98,"LATITUDE":18.12,"FORECAST_D":"2024-04-27T18:30:00Z","VALIDITY_D":"2024-04-28T18:30:00Z","STATUS":"YES"}},{"type":"Feature","geometry":{"type":"Point","coordinates":[72.91,18.54]},"properties":{"SECTOR_NAM":"MAHARASHTRA","SECTOR_ID":"SEC002","DIST_NAME":"Raigarh","LC_NAME":"Revadanda","LONGITUDE":72.91,"LATITUDE":18.54,"FORECAST_D":"2024-04-27T18:30:00Z","VALIDITY_D":"2024-04-28T18:30:00Z","STATUS":"YES"}},{"type":"Feature","geometry":{"type":"Point","coordinates":[72.83,19.1]},"properties":{"SECTOR_NAM":"MAHARASHTRA","SECTOR_ID":"SEC002","DIST_NAME":"Mumbai Suburban","LC_NAME":"JuhuTara","LONGITUDE":72.83,"LATITUDE":19.1,"FORECAST_D":"2024-04-27T18:30:00Z","VALIDITY_D":"2024-04-28T18:30:00Z","STATUS":"YES"}},{"type":"Feature","geometry":{"type":"Point","coordinates":[73.33,16.65]},"properties":{"SECTOR_NAM":"MAHARASHTRA","SECTOR_ID":"SEC002","DIST_NAME":"Ratnagiri","LC_NAME":"Sakharinate","LONGITUDE":73.33,"LATITUDE":16.65,"FORECAST_D":"2024-04-27T18:30:00Z","VALIDITY_D":"2024-04-28T18:30:00Z","STATUS":"YES"}},{"type":"Feature","geometry":{"type":"Point","coordinates":[72.78,19.28]},"properties":{"SECTOR_NAM":"MAHARASHTRA","SECTOR_ID":"SEC002","DIST_NAME":"Thane","LC_NAME":"Uttan","LONGITUDE":72.78,"LATITUDE":19.28,"FORECAST_D":"2024-04-27T18:30:00Z","VALIDITY_D":"2024-04-28T18:30:00Z","STATUS":"YES"}},{"type":"Feature","geometry":{"type":"Point","coordinates":[73.32,16.96]},"properties":{"SECTOR_NAM":"MAHARASHTRA","SECTOR_ID":"SEC002","DIST_NAME":"Ratnagiri","LC_NAME":"Someshvar","LONGITUDE":73.32,"LATITUDE":16.96,"FORECAST_D":"2024-04-27T18:30:00Z","VALIDITY_D":"2024-04-28T18:30:00Z","STATUS":"YES"}},{"type":"Feature","geometry":{"type":"Point","coordinates":[72.83,19.02]},"properties":{"SECTOR_NAM":"MAHARASHTRA","SECTOR_ID":"SEC002","DIST_NAME":"Mumbai","LC_NAME":"Naigaon","LONGITUDE":72.83,"LATITUDE":19.02,"FORECAST_D":"2024-04-27T18:30:00Z","VALIDITY_D":"2024-04-28T18:30:00Z","STATUS":"YES"}},{"type":"Feature","geometry":{"type":"Point","coordinates":[72.96,18.31]},"properties":{"SECTOR_NAM":"MAHARASHTRA","SECTOR_ID":"SEC002","DIST_NAME":"Raigarh","LC_NAME":"Murud","LONGITUDE":72.96,"LATITUDE":18.31,"FORECAST_D":"2024-04-27T18:30:00Z","VALIDITY_D":"2024-04-28T18:30:00Z","STATUS":"YES"}},{"type":"Feature","geometry":{"type":"Point","coordinates":[73.32,16.64]},"properties":{"SECTOR_NAM":"MAHARASHTRA","SECTOR_ID":"SEC002","DIST_NAME":"Ratnagiri","LC_NAME":"Ambolgad","LONGITUDE":73.32,"LATITUDE":16.64,"FORECAST_D":"2024-04-27T18:30:00Z","VALIDITY_D":"2024-04-28T18:30:00Z","STATUS":"YES"}},{"type":"Feature","geometry":{"type":"Point","coordinates":[72.7,19.74]},"properties":{"SECTOR_NAM":"MAHARASHTRA","SECTOR_ID":"SEC002","DIST_NAME":"Thane","LC_NAME":"Murbe","LONGITUDE":72.7,"LATITUDE":19.74,"FORECAST_D":"2024-04-27T18:30:00Z","VALIDITY_D":"2024-04-28T18:30:00Z","STATUS":"YES"}},{"type":"Feature","geometry":{"type":"Point","coordinates":[72.7,19.72]},"properties":{"SECTOR_NAM":"MAHARASHTRA","SECTOR_ID":"SEC002","DIST_NAME":"Thane","LC_NAME":"Satpati(M/S)","LONGITUDE":72.7,"LATITUDE":19.72,"FORECAST_D":"2024-04-27T18:30:00Z","VALIDITY_D":"2024-04-28T18:30:00Z","STATUS":"YES"}},{"type":"Feature","geometry":{"type":"Point","coordinates":[72.79,19.31]},"properties":{"SECTOR_NAM":"MAHARASHTRA","SECTOR_ID":"SEC002","DIST_NAME":"Thane","LC_NAME":"Dongi Point","LONGITUDE":72.79,"LATITUDE":19.31,"FORECAST_D":"2024-04-27T18:30:00Z","VALIDITY_D":"2024-04-28T18:30:00Z","STATUS":"YES"}},{"type":"Feature","geometry":{"type":"Point","coordinates":[73.22,17.29]},"properties":{"SECTOR_NAM":"MAHARASHTRA","SECTOR_ID":"SEC002","DIST_NAME":"Ratnagiri","LC_NAME":"Jaigad","LONGITUDE":73.22,"LATITUDE":17.29,"FORECAST_D":"2024-04-27T18:30:00Z","VALIDITY_D":"2024-04-28T18:30:00Z","STATUS":"YES"}},{"type":"Feature","geometry":{"type":"Point","coordinates":[72.81,19.13]},"properties":{"SECTOR_NAM":"MAHARASHTRA","SECTOR_ID":"SEC002","DIST_NAME":"Mumbai Suburban","LC_NAME":"Varsova","LONGITUDE":72.81,"LATITUDE":19.13,"FORECAST_D":"2024-04-27T18:30:00Z","VALIDITY_D":"2024-04-28T18:30:00Z","STATUS":"YES"}},{"type":"Feature","geometry":{"type":"Point","coordinates":[73.24,17.19]},"properties":{"SECTOR_NAM":"MAHARASHTRA","SECTOR_ID":"SEC002","DIST_NAME":"Ratnagiri","LC_NAME":"Kharviwada","LONGITUDE":73.24,"LATITUDE":17.19,"FORECAST_D":"2024-04-27T18:30:00Z","VALIDITY_D":"2024-04-28T18:30:00Z","STATUS":"YES"}},{"type":"Feature","geometry":{"type":"Point","coordinates":[73.06,17.92]},"properties":{"SECTOR_NAM":"MAHARASHTRA","SECTOR_ID":"SEC002","DIST_NAME":"Ratnagiri","LC_NAME":"Kelshi","LONGITUDE":73.06,"LATITUDE":17.92,"FORECAST_D":"2024-04-27T18:30:00Z","VALIDITY_D":"2024-04-28T18:30:00Z","STATUS":"YES"}},{"type":"Feature","geometry":{"type":"Point","coordinates":[73.3,17.04]},"properties":{"SECTOR_NAM":"MAHARASHTRA","SECTOR_ID":"SEC002","DIST_NAME":"Ratnagiri","LC_NAME":"SakhartarKasarveli","LONGITUDE":73.3,"LATITUDE":17.04,"FORECAST_D":"2024-04-27T18:30:00Z","VALIDITY_D":"2024-04-28T18:30:00Z","STATUS":"YES"}},{"type":"Feature","geometry":{"type":"Point","coordinates":[73.29,17.05]},"properties":{"SECTOR_NAM":"MAHARASHTRA","SECTOR_ID":"SEC002","DIST_NAME":"Ratnagiri","LC_NAME":"Kalabadevi","LONGITUDE":73.29,"LATITUDE":17.05,"FORECAST_D":"2024-04-27T18:30:00Z","VALIDITY_D":"2024-04-28T18:30:00Z","STATUS":"YES"}},{"type":"Feature","geometry":{"type":"Point","coordinates":[72.82,19.33]},"properties":{"SECTOR_NAM":"MAHARASHTRA","SECTOR_ID":"SEC002","DIST_NAME":"Thane","LC_NAME":"Vasai","LONGITUDE":72.82,"LATITUDE":19.33,"FORECAST_D":"2024-04-27T18:30:00Z","VALIDITY_D":"2024-04-28T18:30:00Z","STATUS":"YES"}},{"type":"Feature","geometry":{"type":"Point","coordinates":[72.72,19.97]},"properties":{"SECTOR_NAM":"MAHARASHTRA","SECTOR_ID":"SEC002","DIST_NAME":"Thane","LC_NAME":"Khondha Cr","LONGITUDE":72.72,"LATITUDE":19.97,"FORECAST_D":"2024-04-27T18:30:00Z","VALIDITY_D":"2024-04-28T18:30:00Z","STATUS":"YES"}},{"type":"Feature","geometry":{"type":"Point","coordinates":[73.03,17.97]},"properties":{"SECTOR_NAM":"MAHARASHTRA","SECTOR_ID":"SEC002","DIST_NAME":"Ratnagiri","LC_NAME":"Bankot","LONGITUDE":73.03,"LATITUDE":17.97,"FORECAST_D":"2024-04-27T18:30:00Z","VALIDITY_D":"2024-04-28T18:30:00Z","STATUS":"YES"}},{"type":"Feature","geometry":{"type":"Point","coordinates":[73.38,16.38]},"properties":{"SECTOR_NAM":"MAHARASHTRA","SECTOR_ID":"SEC002","DIST_NAME":"Sindhudurg","LC_NAME":"Anandwadi(Devgad)","LONGITUDE":73.38,"LATITUDE":16.38,"FORECAST_D":"2024-04-27T18:30:00Z","VALIDITY_D":"2024-04-28T18:30:00Z","STATUS":"YES"}},{"type":"Feature","geometry":{"type":"Point","coordinates":[72.73,19.61]},"properties":{"SECTOR_NAM":"MAHARASHTRA","SECTOR_ID":"SEC002","DIST_NAME":"Thane","LC_NAME":"Kelwa/KelwaDadar","LONGITUDE":72.73,"LATITUDE":19.61,"FORECAST_D":"2024-04-27T18:30:00Z","VALIDITY_D":"2024-04-28T18:30:00Z","STATUS":"YES"}},{"type":"Feature","geometry":{"type":"Point","coordinates":[72.67,19.85]},"properties":{"SECTOR_NAM":"MAHARASHTRA","SECTOR_ID":"SEC002","DIST_NAME":"Thane","LC_NAME":"Ghivali","LONGITUDE":72.67,"LATITUDE":19.85,"FORECAST_D":"2024-04-27T18:30:00Z","VALIDITY_D":"2024-04-28T18:30:00Z","STATUS":"YES"}},{"type":"Feature","geometry":{"type":"Point","coordinates":[73.01,18.72]},"properties":{"SECTOR_NAM":"MAHARASHTRA","SECTOR_ID":"SEC002","DIST_NAME":"Raigarh","LC_NAME":"Dharmtar Dhakka","LONGITUDE":73.01,"LATITUDE":18.72,"FORECAST_D":"2024-04-27T18:30:00Z","VALIDITY_D":"2024-04-28T18:30:00Z","STATUS":"YES"}},{"type":"Feature","geometry":{"type":"Point","coordinates":[72.97,18.54]},"properties":{"SECTOR_NAM":"MAHARASHTRA","SECTOR_ID":"SEC002","DIST_NAME":"Raigarh","LC_NAME":"Boghar","LONGITUDE":72.97,"LATITUDE":18.54,"FORECAST_D":"2024-04-27T18:30:00Z","VALIDITY_D":"2024-04-28T18:30:00Z","STATUS":"YES"}},{"type":"Feature","geometry":{"type":"Point","coordinates":[73.05,18.29]},"properties":{"SECTOR_NAM":"MAHARASHTRA","SECTOR_ID":"SEC002","DIST_NAME":"Raigarh","LC_NAME":"Mandad","LONGITUDE":73.05,"LATITUDE":18.29,"FORECAST_D":"2024-04-27T18:30:00Z","VALIDITY_D":"2024-04-28T18:30:00Z","STATUS":"YES"}},{"type":"Feature","geometry":{"type":"Point","coordinates":[72.8,19.14]},"properties":{"SECTOR_NAM":"MAHARASHTRA","SECTOR_ID":"SEC002","DIST_NAME":"Mumbai Suburban","LC_NAME":"Vesava","LONGITUDE":72.8,"LATITUDE":19.14,"FORECAST_D":"2024-04-27T18:30:00Z","VALIDITY_D":"2024-04-28T18:30:00Z","STATUS":"YES"}},{"type":"Feature","geometry":{"type":"Point","coordinates":[73.18,17.58]},"properties":{"SECTOR_NAM":"MAHARASHTRA","SECTOR_ID":"SEC002","DIST_NAME":"Ratnagiri","LC_NAME":"Veldur/Navanagar/Dhopave","LONGITUDE":73.18,"LATITUDE":17.58,"FORECAST_D":"2024-04-27T18:30:00Z","VALIDITY_D":"2024-04-28T18:30:00Z","STATUS":"YES"}},{"type":"Feature","geometry":{"type":"Point","coordinates":[72.71,19.97]},"properties":{"SECTOR_NAM":"MAHARASHTRA","SECTOR_ID":"SEC002","DIST_NAME":"Thane","LC_NAME":"DhaktiDahanu/Gungawada","LONGITUDE":72.71,"LATITUDE":19.97,"FORECAST_D":"2024-04-27T18:30:00Z","VALIDITY_D":"2024-04-28T18:30:00Z","STATUS":"YES"}},{"type":"Feature","geometry":{"type":"Point","coordinates":[72.8,19.19]},"properties":{"SECTOR_NAM":"MAHARASHTRA","SECTOR_ID":"SEC002","DIST_NAME":"Mumbai Suburban","LC_NAME":"Marve/Malvani","LONGITUDE":72.8,"LATITUDE":19.19,"FORECAST_D":"2024-04-27T18:30:00Z","VALIDITY_D":"2024-04-28T18:30:00Z","STATUS":"YES"}},{"type":"Feature","geometry":{"type":"Point","coordinates":[73.26,17.03]},"properties":{"SECTOR_NAM":"MAHARASHTRA","SECTOR_ID":"SEC002","DIST_NAME":"Ratnagiri","LC_NAME":"JakiMirya","LONGITUDE":73.26,"LATITUDE":17.03,"FORECAST_D":"2024-04-27T18:30:00Z","VALIDITY_D":"2024-04-28T18:30:00Z","STATUS":"YES"}},{"type":"Feature","geometry":{"type":"Point","coordinates":[72.94,18.28]},"properties":{"SECTOR_NAM":"MAHARASHTRA","SECTOR_ID":"SEC002","DIST_NAME":"Raigarh","LC_NAME":"Nanwell Pt","LONGITUDE":72.94,"LATITUDE":18.28,"FORECAST_D":"2024-04-27T18:30:00Z","VALIDITY_D":"2024-04-28T18:30:00Z","STATUS":"YES"}},{"type":"Feature","geometry":{"type":"Point","coordinates":[73.17,17.4]},"properties":{"SECTOR_NAM":"MAHARASHTRA","SECTOR_ID":"SEC002","DIST_NAME":"Ratnagiri","LC_NAME":"Kondkarul","LONGITUDE":73.17,"LATITUDE":17.4,"FORECAST_D":"2024-04-27T18:30:00Z","VALIDITY_D":"2024-04-28T18:30:00Z","STATUS":"YES"}},{"type":"Feature","geometry":{"type":"Point","coordinates":[73.18,17.41]},"properties":{"SECTOR_NAM":"MAHARASHTRA","SECTOR_ID":"SEC002","DIST_NAME":"Ratnagiri","LC_NAME":"Budhal","LONGITUDE":73.18,"LATITUDE":17.41,"FORECAST_D":"2024-04-27T18:30:00Z","VALIDITY_D":"2024-04-28T18:30:00Z","STATUS":"YES"}},{"type":"Feature","geometry":{"type":"Point","coordinates":[73.09,17.81]},"properties":{"SECTOR_NAM":"MAHARASHTRA","SECTOR_ID":"SEC002","DIST_NAME":"Ratnagiri","LC_NAME":"HarnePort","LONGITUDE":73.09,"LATITUDE":17.81,"FORECAST_D":"2024-04-27T18:30:00Z","VALIDITY_D":"2024-04-28T18:30:00Z","STATUS":"YES"}},{"type":"Feature","geometry":{"type":"Point","coordinates":[72.79,18.94]},"properties":{"SECTOR_NAM":"MAHARASHTRA","SECTOR_ID":"SEC002","DIST_NAME":"Mumbai","LC_NAME":"Malabar Port (Mumbai)","LONGITUDE":72.79,"LATITUDE":18.94,"FORECAST_D":"2024-04-27T18:30:00Z","VALIDITY_D":"2024-04-28T18:30:00Z","STATUS":"YES"}},{"type":"Feature","geometry":{"type":"Point","coordinates":[72.72,20.01]},"properties":{"SECTOR_NAM":"MAHARASHTRA","SECTOR_ID":"SEC002","DIST_NAME":"Thane","LC_NAME":"Narpad/DahanuAgar","LONGITUDE":72.72,"LATITUDE":20.01,"FORECAST_D":"2024-04-27T18:30:00Z","VALIDITY_D":"2024-04-28T18:30:00Z","STATUS":"YES"}},{"type":"Feature","geometry":{"type":"Point","coordinates":[73.66,15.78]},"properties":{"SECTOR_NAM":"MAHARASHTRA","SECTOR_ID":"SEC002","DIST_NAME":"Sindhudurg","LC_NAME":"Shiroda","LONGITUDE":73.66,"LATITUDE":15.78,"FORECAST_D":"2024-04-27T18:30:00Z","VALIDITY_D":"2024-04-28T18:30:00Z","STATUS":"YES"}},{"type":"Feature","geometry":{"type":"Point","coordinates":[72.78,19.27]},"properties":{"SECTOR_NAM":"MAHARASHTRA","SECTOR_ID":"SEC002","DIST_NAME":"Thane","LC_NAME":"Uttan(Bhatye)","LONGITUDE":72.78,"LATITUDE":19.27,"FORECAST_D":"2024-04-27T18:30:00Z","VALIDITY_D":"2024-04-28T18:30:00Z","STATUS":"YES"}},{"type":"Feature","geometry":{"type":"Point","coordinates":[73.36,16.44]},"properties":{"SECTOR_NAM":"MAHARASHTRA","SECTOR_ID":"SEC002","DIST_NAME":"Sindhudurg","LC_NAME":"Kalamaiwadi","LONGITUDE":73.36,"LATITUDE":16.44,"FORECAST_D":"2024-04-27T18:30:00Z","VALIDITY_D":"2024-04-28T18:30:00Z","STATUS":"YES"}},{"type":"Feature","geometry":{"type":"Point","coordinates":[92.82,12.82]},"properties":{"SECTOR_NAM":"ANDAMAN","SECTOR_ID":"SEC012","DIST_NAME":"Andaman Islands","LC_NAME":"Tugapur,Mayabunder","LONGITUDE":92.82,"LATITUDE":12.82,"STATUS":"NO"}},{"type":"Feature","geometry":{"type":"Point","coordinates":[92.95,12.6]},"properties":{"SECTOR_NAM":"ANDAMAN","SECTOR_ID":"SEC012","DIST_NAME":"Andaman Islands","LC_NAME":"Betapur(RRO)","LONGITUDE":92.95,"LATITUDE":12.6,"STATUS":"NO"}},{"type":"Feature","geometry":{"type":"Point","coordinates":[92.96,12.49]},"properties":{"SECTOR_NAM":"ANDAMAN","SECTOR_ID":"SEC012","DIST_NAME":"Andaman Islands","LC_NAME":"Rangat Bay","LONGITUDE":92.96,"LATITUDE":12.49,"STATUS":"NO"}},{"type":"Feature","geometry":{"type":"Point","coordinates":[92.82,12.52]},"properties":{"SECTOR_NAM":"ANDAMAN","SECTOR_ID":"SEC012","DIST_NAME":"Andaman Islands","LC_NAME":"KaushalyaNagar","LONGITUDE":92.82,"LATITUDE":12.52,"STATUS":"NO"}},{"type":"Feature","geometry":{"type":"Point","coordinates":[92.9,12.48]},"properties":{"SECTOR_NAM":"ANDAMAN","SECTOR_ID":"SEC012","DIST_NAME":"Andaman Islands","LC_NAME":"Dashratpur","LONGITUDE":92.9,"LATITUDE":12.48,"STATUS":"NO"}},{"type":"Feature","geometry":{"type":"Point","coordinates":[92.9,12.45]},"properties":{"SECTOR_NAM":"ANDAMAN","SECTOR_ID":"SEC012","DIST_NAME":"Andaman Islands","LC_NAME":"Yerrata","LONGITUDE":92.9,"LATITUDE":12.45,"STATUS":"NO"}},{"type":"Feature","geometry":{"type":"Point","coordinates":[92.92,12.37]},"properties":{"SECTOR_NAM":"ANDAMAN","SECTOR_ID":"SEC012","DIST_NAME":"Andaman Islands","LC_NAME":"Long Island","LONGITUDE":92.92,"LATITUDE":12.37,"STATUS":"NO"}},{"type":"Feature","geometry":{"type":"Point","coordinates":[92.9,12.32]},"properties":{"SECTOR_NAM":"ANDAMAN","SECTOR_ID":"SEC012","DIST_NAME":"Andaman Islands","LC_NAME":"Elphinstone Hr","LONGITUDE":92.9,"LATITUDE":12.32,"STATUS":"NO"}},{"type":"Feature","geometry":{"type":"Point","coordinates":[92.8,12.3]},"properties":{"SECTOR_NAM":"ANDAMAN","SECTOR_ID":"SEC012","DIST_NAME":"Andaman Islands","LC_NAME":"Uttara","LONGITUDE":92.8,"LATITUDE":12.3,"STATUS":"NO"}},{"type":"Feature","geometry":{"type":"Point","coordinates":[92.76,12.17]},"properties":{"SECTOR_NAM":"ANDAMAN","SECTOR_ID":"SEC012","DIST_NAME":"Andaman Islands","LC_NAME":"OralKatcha","LONGITUDE":92.76,"LATITUDE":12.17,"STATUS":"NO"}},{"type":"Feature","geometry":{"type":"Point","coordinates":[93.85,12.28]},"properties":{"SECTOR_NAM":"ANDAMAN","SECTOR_ID":"SEC012","DIST_NAME":"Andaman Islands","LC_NAME":"Barren","LONGITUDE":93.85,"LATITUDE":12.28,"STATUS":"NO"}},{"type":"Feature","geometry":{"type":"Point","coordinates":[92.97,12.03]},"properties":{"SECTOR_NAM":"ANDAMAN","SECTOR_ID":"SEC012","DIST_NAME":"Andaman Islands","LC_NAME":"Havelock","LONGITUDE":92.97,"LATITUDE":12.03,"STATUS":"NO"}},{"type":"Feature","geometry":{"type":"Point","coordinates":[92.79,12.08]},"properties":{"SECTOR_NAM":"ANDAMAN","SECTOR_ID":"SEC012","DIST_NAME":"Andaman Islands","LC_NAME":"Middle Strait","LONGITUDE":92.79,"LATITUDE":12.08,"STATUS":"NO"}},{"type":"Feature","geometry":{"type":"Point","coordinates":[92.8,11.87]},"properties":{"SECTOR_NAM":"ANDAMAN","SECTOR_ID":"SEC012","DIST_NAME":"Andaman Islands","LC_NAME":"ShoalBay","LONGITUDE":92.8,"LATITUDE":11.87,"STATUS":"NO"}},{"type":"Feature","geometry":{"type":"Point","coordinates":[92.78,11.79]},"properties":{"SECTOR_NAM":"ANDAMAN","SECTOR_ID":"SEC012","DIST_NAME":"Andaman Islands","LC_NAME":"Wrightmyo","LONGITUDE":92.78,"LATITUDE":11.79,"STATUS":"NO"}},{"type":"Feature","geometry":{"type":"Point","coordinates":[93.02,11.83]},"properties":{"SECTOR_NAM":"ANDAMAN","SECTOR_ID":"SEC012","DIST_NAME":"Andaman Islands","LC_NAME":"Neil Island","LONGITUDE":93.02,"LATITUDE":11.83,"STATUS":"NO"}},{"type":"Feature","geometry":{"type":"Point","coordinates":[92.76,11.7]},"properties":{"SECTOR_NAM":"ANDAMAN","SECTOR_ID":"SEC012","DIST_NAME":"Andaman Islands","LC_NAME":"Port Blair","LONGITUDE":92.76,"LATITUDE":11.7,"STATUS":"NO"}},{"type":"Feature","geometry":{"type":"Point","coordinates":[92.71,11.7]},"properties":{"SECTOR_NAM":"ANDAMAN","SECTOR_ID":"SEC012","DIST_NAME":"Andaman Islands","LC_NAME":"Bambooflat","LONGITUDE":92.71,"LATITUDE":11.7,"STATUS":"NO"}},{"type":"Feature","geometry":{"type":"Point","coordinates":[92.7,11.69]},"properties":{"SECTOR_NAM":"ANDAMAN","SECTOR_ID":"SEC012","DIST_NAME":"Andaman Islands","LC_NAME":"Haddo","LONGITUDE":92.7,"LATITUDE":11.69,"STATUS":"NO"}},{"type":"Feature","geometry":{"type":"Point","coordinates":[92.71,11.69]},"properties":{"SECTOR_NAM":"ANDAMAN","SECTOR_ID":"SEC012","DIST_NAME":"Andaman Islands","LC_NAME":"Hope Town","LONGITUDE":92.71,"LATITUDE":11.69,"STATUS":"NO"}},{"type":"Feature","geometry":{"type":"Point","coordinates":[92.71,11.68]},"properties":{"SECTOR_NAM":"ANDAMAN","SECTOR_ID":"SEC012","DIST_NAME":"Andaman Islands","LC_NAME":"Dunduspoint","LONGITUDE":92.71,"LATITUDE":11.68,"STATUS":"NO"}},{"type":"Feature","geometry":{"type":"Point","coordinates":[92.72,11.67]},"properties":{"SECTOR_NAM":"ANDAMAN","SECTOR_ID":"SEC012","DIST_NAME":"Andaman Islands","LC_NAME":"Phoenix Bay","LONGITUDE":92.72,"LATITUDE":11.67,"STATUS":"NO"}},{"type":"Feature","geometry":{"type":"Point","coordinates":[92.73,11.66]},"properties":{"SECTOR_NAM":"ANDAMAN","SECTOR_ID":"SEC012","DIST_NAME":"Andaman Islands","LC_NAME":"Junglighat","LONGITUDE":92.73,"LATITUDE":11.66,"STATUS":"NO"}},{"type":"Feature","geometry":{"type":"Point","coordinates":[92.7,11.66]},"properties":{"SECTOR_NAM":"ANDAMAN","SECTOR_ID":"SEC012","DIST_NAME":"Andaman Islands","LC_NAME":"Dignabad","LONGITUDE":92.7,"LATITUDE":11.66,"STATUS":"NO"}},{"type":"Feature","geometry":{"type":"Point","coordinates":[92.75,11.64]},"properties":{"SECTOR_NAM":"ANDAMAN","SECTOR_ID":"SEC012","DIST_NAME":"Andaman Islands","LC_NAME":"Mt Haughton","LONGITUDE":92.75,"LATITUDE":11.64,"STATUS":"NO"}},{"type":"Feature","geometry":{"type":"Point","coordinates":[92.64,11.63]},"properties":{"SECTOR_NAM":"ANDAMAN","SECTOR_ID":"SEC012","DIST_NAME":"Andaman Islands","LC_NAME":"Lohabarrack","LONGITUDE":92.64,"LATITUDE":11.63,"STATUS":"NO"}},{"type":"Feature","geometry":{"type":"Point","coordinates":[92.65,11.63]},"properties":{"SECTOR_NAM":"ANDAMAN","SECTOR_ID":"SEC012","DIST_NAME":"Andaman Islands","LC_NAME":"Chouldari","LONGITUDE":92.65,"LATITUDE":11.63,"STATUS":"NO"}},{"type":"Feature","geometry":{"type":"Point","coordinates":[92.61,11.58]},"properties":{"SECTOR_NAM":"ANDAMAN","SECTOR_ID":"SEC012","DIST_NAME":"Andaman Islands","LC_NAME":"Wandoor","LONGITUDE":92.61,"LATITUDE":11.58,"STATUS":"NO"}},{"type":"Feature","geometry":{"type":"Point","coordinates":[92.7,11.5]},"properties":{"SECTOR_NAM":"ANDAMAN","SECTOR_ID":"SEC012","DIST_NAME":"Andaman Islands","LC_NAME":"Chidiyatapu","LONGITUDE":92.7,"LATITUDE":11.5,"STATUS":"NO"}},{"type":"Feature","geometry":{"type":"Point","coordinates":[92.61,11.34]},"properties":{"SECTOR_NAM":"ANDAMAN","SECTOR_ID":"SEC012","DIST_NAME":"Andaman Islands","LC_NAME":"Rutland","LONGITUDE":92.61,"LATITUDE":11.34,"STATUS":"NO"}},{"type":"Feature","geometry":{"type":"Point","coordinates":[92.73,11.32]},"properties":{"SECTOR_NAM":"ANDAMAN","SECTOR_ID":"SEC012","DIST_NAME":"Andaman Islands","LC_NAME":"Cinque Island","LONGITUDE":92.73,"LATITUDE":11.32,"STATUS":"NO"}},{"type":"Feature","geometry":{"type":"Point","coordinates":[92.59,10.81]},"properties":{"SECTOR_NAM":"ANDAMAN","SECTOR_ID":"SEC012","DIST_NAME":"Andaman Islands","LC_NAME":"Tambe-e-bul","LONGITUDE":92.59,"LATITUDE":10.81,"STATUS":"NO"}},{"type":"Feature","geometry":{"type":"Point","coordinates":[92.57,10.73]},"properties":{"SECTOR_NAM":"ANDAMAN","SECTOR_ID":"SEC012","DIST_NAME":"Andaman Islands","LC_NAME":"Vivekanandpur,LittleAndaman","LONGITUDE":92.57,"LATITUDE":10.73,"STATUS":"NO"}},{"type":"Feature","geometry":{"type":"Point","coordinates":[92.58,10.72]},"properties":{"SECTOR_NAM":"ANDAMAN","SECTOR_ID":"SEC012","DIST_NAME":"Andaman Islands","LC_NAME":"RamaKrishnaPur,","LONGITUDE":92.58,"LATITUDE":10.72,"STATUS":"NO"}},{"type":"Feature","geometry":{"type":"Point","coordinates":[92.56,10.61]},"properties":{"SECTOR_NAM":"ANDAMAN","SECTOR_ID":"SEC012","DIST_NAME":"Andaman Islands","LC_NAME":"Kwate-tu-Kwage","LONGITUDE":92.56,"LATITUDE":10.61,"STATUS":"NO"}},{"type":"Feature","geometry":{"type":"Point","coordinates":[92.55,10.58]},"properties":{"SECTOR_NAM":"ANDAMAN","SECTOR_ID":"SEC012","DIST_NAME":"Andaman Islands","LC_NAME":"Harminder Bay","LONGITUDE":92.55,"LATITUDE":10.58,"STATUS":"NO"}},{"type":"Feature","geometry":{"type":"Point","coordinates":[92.55,10.59]},"properties":{"SECTOR_NAM":"ANDAMAN","SECTOR_ID":"SEC012","DIST_NAME":"Andaman Islands","LC_NAME":"Machidera(Hutbay),","LONGITUDE":92.55,"LATITUDE":10.59,"STATUS":"NO"}},{"type":"Feature","geometry":{"type":"Point","coordinates":[92.5,10.51]},"properties":{"SECTOR_NAM":"ANDAMAN","SECTOR_ID":"SEC012","DIST_NAME":"Andaman Islands","LC_NAME":"Benyaboi","LONGITUDE":92.5,"LATITUDE":10.51,"STATUS":"NO"}},{"type":"Feature","geometry":{"type":"Point","coordinates":[92.42,10.63]},"properties":{"SECTOR_NAM":"ANDAMAN","SECTOR_ID":"SEC012","DIST_NAME":"Andaman Islands","LC_NAME":"Tula","LONGITUDE":92.42,"LATITUDE":10.63,"STATUS":"NO"}},{"type":"Feature","geometry":{"type":"Point","coordinates":[92.38,10.74]},"properties":{"SECTOR_NAM":"ANDAMAN","SECTOR_ID":"SEC012","DIST_NAME":"Andaman Islands","LC_NAME":"Tochangeou","LONGITUDE":92.38,"LATITUDE":10.74,"STATUS":"NO"}},{"type":"Feature","geometry":{"type":"Point","coordinates":[92.78,9.25]},"properties":{"SECTOR_NAM":"NICOBAR","SECTOR_ID":"SEC013","DIST_NAME":"Nicobar Islands","LC_NAME":"Keating Pt (Car Nicobar)","LONGITUDE":92.78,"LATITUDE":9.25,"STATUS":"NO"}},{"type":"Feature","geometry":{"type":"Point","coordinates":[92.77,9.23]},"properties":{"SECTOR_NAM":"NICOBAR","SECTOR_ID":"SEC013","DIST_NAME":"Nicobar Islands","LC_NAME":"Mus,CarNicobar","LONGITUDE":92.77,"LATITUDE":9.23,"STATUS":"NO"}},{"type":"Feature","geometry":{"type":"Point","coordinates":[92.72,9.21]},"properties":{"SECTOR_NAM":"NICOBAR","SECTOR_ID":"SEC013","DIST_NAME":"Nicobar Islands","LC_NAME":"Sawai (Car Nicobar)","LONGITUDE":92.72,"LATITUDE":9.21,"STATUS":"NO"}},{"type":"Feature","geometry":{"type":"Point","coordinates":[92.74,9.21]},"properties":{"SECTOR_NAM":"NICOBAR","SECTOR_ID":"SEC013","DIST_NAME":"Nicobar Islands","LC_NAME":"Teetop,CarNicobar","LONGITUDE":92.74,"LATITUDE":9.21,"STATUS":"NO"}},{"type":"Feature","geometry":{"type":"Point","coordinates":[92.75,9.21]},"properties":{"SECTOR_NAM":"NICOBAR","SECTOR_ID":"SEC013","DIST_NAME":"Nicobar Islands","LC_NAME":"Passa, Car Nicobar","LONGITUDE":92.75,"LATITUDE":9.21,"STATUS":"NO"}},{"type":"Feature","geometry":{"type":"Point","coordinates":[92.72,9.17]},"properties":{"SECTOR_NAM":"NICOBAR","SECTOR_ID":"SEC013","DIST_NAME":"Nicobar Islands","LC_NAME":"Arrong (Car Nicobar)","LONGITUDE":92.72,"LATITUDE":9.17,"STATUS":"NO"}},{"type":"Feature","geometry":{"type":"Point","coordinates":[92.77,9.12]},"properties":{"SECTOR_NAM":"NICOBAR","SECTOR_ID":"SEC013","DIST_NAME":"Nicobar Islands","LC_NAME":"Malacca,CarNicobar","LONGITUDE":92.77,"LATITUDE":9.12,"STATUS":"NO"}},{"type":"Feature","geometry":{"type":"Point","coordinates":[92.74,9.12]},"properties":{"SECTOR_NAM":"NICOBAR","SECTOR_ID":"SEC013","DIST_NAME":"Nicobar Islands","LC_NAME":"Batti Malv","LONGITUDE":92.74,"LATITUDE":9.12,"STATUS":"NO"}},{"type":"Feature","geometry":{"type":"Point","coordinates":[93.13,8.35]},"properties":{"SECTOR_NAM":"NICOBAR","SECTOR_ID":"SEC013","DIST_NAME":"Nicobar Islands","LC_NAME":"Chowra","LONGITUDE":93.13,"LATITUDE":8.35,"STATUS":"NO"}},{"type":"Feature","geometry":{"type":"Point","coordinates":[93.1,8.26]},"properties":{"SECTOR_NAM":"NICOBAR","SECTOR_ID":"SEC013","DIST_NAME":"Nicobar Islands","LC_NAME":"Aoang","LONGITUDE":93.1,"LATITUDE":8.26,"STATUS":"NO"}},{"type":"Feature","geometry":{"type":"Point","coordinates":[93.16,8.21]},"properties":{"SECTOR_NAM":"NICOBAR","SECTOR_ID":"SEC013","DIST_NAME":"Nicobar Islands","LC_NAME":"Laksi","LONGITUDE":93.16,"LATITUDE":8.21,"STATUS":"NO"}},{"type":"Feature","geometry":{"type":"Point","coordinates":[93.24,8.22]},"properties":{"SECTOR_NAM":"NICOBAR","SECTOR_ID":"SEC013","DIST_NAME":"Nicobar Islands","LC_NAME":"Bampoka","LONGITUDE":93.24,"LATITUDE":8.22,"STATUS":"NO"}},{"type":"Feature","geometry":{"type":"Point","coordinates":[93.47,8.18]},"properties":{"SECTOR_NAM":"NICOBAR","SECTOR_ID":"SEC013","DIST_NAME":"Nicobar Islands","LC_NAME":"Kai-Hoa","LONGITUDE":93.47,"LATITUDE":8.18,"STATUS":"NO"}},{"type":"Feature","geometry":{"type":"Point","coordinates":[93.53,8.24]},"properties":{"SECTOR_NAM":"NICOBAR","SECTOR_ID":"SEC013","DIST_NAME":"Nicobar Islands","LC_NAME":"Takaroach","LONGITUDE":93.53,"LATITUDE":8.24,"STATUS":"NO"}},{"type":"Feature","geometry":{"type":"Point","coordinates":[93.57,8.03]},"properties":{"SECTOR_NAM":"NICOBAR","SECTOR_ID":"SEC013","DIST_NAME":"Nicobar Islands","LC_NAME":"Trinket,Nancowry","LONGITUDE":93.57,"LATITUDE":8.03,"STATUS":"NO"}},{"type":"Feature","geometry":{"type":"Point","coordinates":[93.53,8.03]},"properties":{"SECTOR_NAM":"NICOBAR","SECTOR_ID":"SEC013","DIST_NAME":"Nicobar Islands","LC_NAME":"Kamorta,Nancowry","LONGITUDE":93.53,"LATITUDE":8.03,"STATUS":"NO"}},{"type":"Feature","geometry":{"type":"Point","coordinates":[93.52,8.02]},"properties":{"SECTOR_NAM":"NICOBAR","SECTOR_ID":"SEC013","DIST_NAME":"Nicobar Islands","LC_NAME":"Hitui,Nancowry","LONGITUDE":93.52,"LATITUDE":8.02,"STATUS":"NO"}},{"type":"Feature","geometry":{"type":"Point","coordinates":[93.53,8.02]},"properties":{"SECTOR_NAM":"NICOBAR","SECTOR_ID":"SEC013","DIST_NAME":"Nicobar Islands","LC_NAME":"Champion,Nancowry","LONGITUDE":93.53,"LATITUDE":8.02,"STATUS":"NO"}},{"type":"Feature","geometry":{"type":"Point","coordinates":[93.56,8]},"properties":{"SECTOR_NAM":"NICOBAR","SECTOR_ID":"SEC013","DIST_NAME":"Nicobar Islands","LC_NAME":"Balubasti, Nancowry Island","LONGITUDE":93.56,"LATITUDE":8,"STATUS":"NO"}},{"type":"Feature","geometry":{"type":"Point","coordinates":[93.57,7.98]},"properties":{"SECTOR_NAM":"NICOBAR","SECTOR_ID":"SEC013","DIST_NAME":"Nicobar Islands","LC_NAME":"Attabiak, Nancowry Island","LONGITUDE":93.57,"LATITUDE":7.98,"STATUS":"NO"}},{"type":"Feature","geometry":{"type":"Point","coordinates":[93.57,7.97]},"properties":{"SECTOR_NAM":"NICOBAR","SECTOR_ID":"SEC013","DIST_NAME":"Nicobar Islands","LC_NAME":"Tapong, Nancowry Island","LONGITUDE":93.57,"LATITUDE":7.97,"STATUS":"NO"}},{"type":"Feature","geometry":{"type":"Point","coordinates":[93.58,7.93]},"properties":{"SECTOR_NAM":"NICOBAR","SECTOR_ID":"SEC013","DIST_NAME":"Nicobar Islands","LC_NAME":"Cape Connaught","LONGITUDE":93.58,"LATITUDE":7.93,"STATUS":"NO"}},{"type":"Feature","geometry":{"type":"Point","coordinates":[80.21,15.48]},"properties":{"SECTOR_NAM":"SOUTH ANDHRAPRADESH","SECTOR_ID":"SEC008","DIST_NAME":"Prakasam","LC_NAME":"Adavipallipalem","LONGITUDE":80.21,"LATITUDE":15.48,"STATUS":"NO"}},{"type":"Feature","geometry":{"type":"Point","coordinates":[80.33,15.74]},"properties":{"SECTOR_NAM":"SOUTH ANDHRAPRADESH","SECTOR_ID":"SEC008","DIST_NAME":"Prakasam","LC_NAME":"Vetapalem","LONGITUDE":80.33,"LATITUDE":15.74,"STATUS":"NO"}},{"type":"Feature","geometry":{"type":"Point","coordinates":[69.2,22.84]},"properties":{"SECTOR_NAM":"GUJARAT","SECTOR_ID":"SEC001","DIST_NAME":"Kachchh","LC_NAME":"Bhada","LONGITUDE":69.2,"LATITUDE":22.84,"FORECAST_D":"2024-04-27T18:30:00Z","VALIDITY_D":"2024-04-28T18:30:00Z","STATUS":"YES"}},{"type":"Feature","geometry":{"type":"Point","coordinates":[69.37,21.83]},"properties":{"SECTOR_NAM":"GUJARAT","SECTOR_ID":"SEC001","DIST_NAME":"Jamnagar","LC_NAME":"Miyani","LONGITUDE":69.37,"LATITUDE":21.83,"FORECAST_D":"2024-04-27T18:30:00Z","VALIDITY_D":"2024-04-28T18:30:00Z","STATUS":"YES"}},{"type":"Feature","geometry":{"type":"Point","coordinates":[69.28,22.83]},"properties":{"SECTOR_NAM":"GUJARAT","SECTOR_ID":"SEC001","DIST_NAME":"Kachchh","LC_NAME":"Kanthada","LONGITUDE":69.28,"LATITUDE":22.83,"FORECAST_D":"2024-04-27T18:30:00Z","VALIDITY_D":"2024-04-28T18:30:00Z","STATUS":"YES"}},{"type":"Feature","geometry":{"type":"Point","coordinates":[71.2,20.79]},"properties":{"SECTOR_NAM":"GUJARAT","SECTOR_ID":"SEC001","DIST_NAME":"Junagadh","LC_NAME":"Saiyad Rajpara","LONGITUDE":71.2,"LATITUDE":20.79,"FORECAST_D":"2024-04-27T18:30:00Z","VALIDITY_D":"2024-04-28T18:30:00Z","STATUS":"YES"}},{"type":"Feature","geometry":{"type":"Point","coordinates":[71.53,20.9]},"properties":{"SECTOR_NAM":"GUJARAT","SECTOR_ID":"SEC001","DIST_NAME":"Amreli","LC_NAME":"Pipavav","LONGITUDE":71.53,"LATITUDE":20.9,"FORECAST_D":"2024-04-27T18:30:00Z","VALIDITY_D":"2024-04-28T18:30:00Z","STATUS":"YES"}},{"type":"Feature","geometry":{"type":"Point","coordinates":[71.08,20.74]},"properties":{"SECTOR_NAM":"GUJARAT","SECTOR_ID":"SEC001","DIST_NAME":"Junagadh","LC_NAME":"Nava Bandar","LONGITUDE":71.08,"LATITUDE":20.74,"FORECAST_D":"2024-04-27T18:30:00Z","VALIDITY_D":"2024-04-28T18:30:00Z","STATUS":"YES"}},{"type":"Feature","geometry":{"type":"Point","coordinates":[70.38,20.9]},"properties":{"SECTOR_NAM":"GUJARAT","SECTOR_ID":"SEC001","DIST_NAME":"Junagadh","LC_NAME":"Veraval","LONGITUDE":70.38,"LATITUDE":20.9,"FORECAST_D":"2024-04-27T18:30:00Z","VALIDITY_D":"2024-04-28T18:30:00Z","STATUS":"YES"}},{"type":"Feature","geometry":{"type":"Point","coordinates":[68.82,23.06]},"properties":{"SECTOR_NAM":"GUJARAT","SECTOR_ID":"SEC001","DIST_NAME":"Kachchh","LC_NAME":"Kadoli","LONGITUDE":68.82,"LATITUDE":23.06,"FORECAST_D":"2024-04-27T18:30:00Z","VALIDITY_D":"2024-04-28T18:30:00Z","STATUS":"YES"}},{"type":"Feature","geometry":{"type":"Point","coordinates":[69.96,21.25]},"properties":{"SECTOR_NAM":"GUJARAT","SECTOR_ID":"SEC001","DIST_NAME":"Porbandar","LC_NAME":"Madhavpur","LONGITUDE":69.96,"LATITUDE":21.25,"FORECAST_D":"2024-04-27T18:30:00Z","VALIDITY_D":"2024-04-28T18:30:00Z","STATUS":"YES"}},{"type":"Feature","geometry":{"type":"Point","coordinates":[70.03,21.18]},"properties":{"SECTOR_NAM":"GUJARAT","SECTOR_ID":"SEC001","DIST_NAME":"Junagadh","LC_NAME":"Shil","LONGITUDE":70.03,"LATITUDE":21.18,"FORECAST_D":"2024-04-27T18:30:00Z","VALIDITY_D":"2024-04-28T18:30:00Z","STATUS":"YES"}},{"type":"Feature","geometry":{"type":"Point","coordinates":[69.59,21.64]},"properties":{"SECTOR_NAM":"GUJARAT","SECTOR_ID":"SEC001","DIST_NAME":"Porbandar","LC_NAME":"Porbandar","LONGITUDE":69.59,"LATITUDE":21.64,"FORECAST_D":"2024-04-27T18:30:00Z","VALIDITY_D":"2024-04-28T18:30:00Z","STATUS":"YES"}},{"type":"Feature","geometry":{"type":"Point","coordinates":[68.68,23.23]},"properties":{"SECTOR_NAM":"GUJARAT","SECTOR_ID":"SEC001","DIST_NAME":"Kachchh","LC_NAME":"Jakhau","LONGITUDE":68.68,"LATITUDE":23.23,"FORECAST_D":"2024-04-27T18:30:00Z","VALIDITY_D":"2024-04-28T18:30:00Z","STATUS":"YES"}},{"type":"Feature","geometry":{"type":"Point","coordinates":[70.83,20.69]},"properties":{"SECTOR_NAM":"GUJARAT","SECTOR_ID":"SEC001","DIST_NAME":"Amreli","LC_NAME":"Madhvad Lighthouse","LONGITUDE":70.83,"LATITUDE":20.69,"FORECAST_D":"2024-04-27T18:30:00Z","VALIDITY_D":"2024-04-28T18:30:00Z","STATUS":"YES"}},{"type":"Feature","geometry":{"type":"Point","coordinates":[70.99,20.71]},"properties":{"SECTOR_NAM":"GUJARAT","SECTOR_ID":"SEC001","DIST_NAME":"Diu","LC_NAME":"Diu Island","LONGITUDE":70.99,"LATITUDE":20.71,"FORECAST_D":"2024-04-27T18:30:00Z","VALIDITY_D":"2024-04-28T18:30:00Z","STATUS":"YES"}},{"type":"Feature","geometry":{"type":"Point","coordinates":[70.87,20.71]},"properties":{"SECTOR_NAM":"GUJARAT","SECTOR_ID":"SEC001","DIST_NAME":"Amreli","LC_NAME":"Kotda","LONGITUDE":70.87,"LATITUDE":20.71,"FORECAST_D":"2024-04-27T18:30:00Z","VALIDITY_D":"2024-04-28T18:30:00Z","STATUS":"YES"}},{"type":"Feature","geometry":{"type":"Point","coordinates":[69.42,21.78]},"properties":{"SECTOR_NAM":"GUJARAT","SECTOR_ID":"SEC001","DIST_NAME":"Porbandar","LC_NAME":"Tukda Miyani","LONGITUDE":69.42,"LATITUDE":21.78,"FORECAST_D":"2024-04-27T18:30:00Z","VALIDITY_D":"2024-04-28T18:30:00Z","STATUS":"YES"}},{"type":"Feature","geometry":{"type":"Point","coordinates":[69.07,22.91]},"properties":{"SECTOR_NAM":"GUJARAT","SECTOR_ID":"SEC001","DIST_NAME":"Kachchh","LC_NAME":"Bambhdai","LONGITUDE":69.07,"LATITUDE":22.91,"FORECAST_D":"2024-04-27T18:30:00Z","VALIDITY_D":"2024-04-28T18:30:00Z","STATUS":"YES"}},{"type":"Feature","geometry":{"type":"Point","coordinates":[70.28,20.96]},"properties":{"SECTOR_NAM":"GUJARAT","SECTOR_ID":"SEC001","DIST_NAME":"Junagadh","LC_NAME":"Adri","LONGITUDE":70.28,"LATITUDE":20.96,"FORECAST_D":"2024-04-27T18:30:00Z","VALIDITY_D":"2024-04-28T18:30:00Z","STATUS":"YES"}},{"type":"Feature","geometry":{"type":"Point","coordinates":[70.52,20.81]},"properties":{"SECTOR_NAM":"GUJARAT","SECTOR_ID":"SEC001","DIST_NAME":"Junagadh","LC_NAME":"Vadodra","LONGITUDE":70.52,"LATITUDE":20.81,"FORECAST_D":"2024-04-27T18:30:00Z","VALIDITY_D":"2024-04-28T18:30:00Z","STATUS":"YES"}},{"type":"Feature","geometry":{"type":"Point","coordinates":[69,22.95]},"properties":{"SECTOR_NAM":"GUJARAT","SECTOR_ID":"SEC001","DIST_NAME":"Kachchh","LC_NAME":"Chhachhi","LONGITUDE":69,"LATITUDE":22.95,"FORECAST_D":"2024-04-27T18:30:00Z","VALIDITY_D":"2024-04-28T18:30:00Z","STATUS":"YES"}},{"type":"Feature","geometry":{"type":"Point","coordinates":[68.94,22.98]},"properties":{"SECTOR_NAM":"GUJARAT","SECTOR_ID":"SEC001","DIST_NAME":"Kachchh","LC_NAME":"Khuada","LONGITUDE":68.94,"LATITUDE":22.98,"FORECAST_D":"2024-04-27T18:30:00Z","VALIDITY_D":"2024-04-28T18:30:00Z","STATUS":"YES"}},{"type":"Feature","geometry":{"type":"Point","coordinates":[69.23,22.84]},"properties":{"SECTOR_NAM":"GUJARAT","SECTOR_ID":"SEC001","DIST_NAME":"Kachchh","LC_NAME":"Nana Layja","LONGITUDE":69.23,"LATITUDE":22.84,"FORECAST_D":"2024-04-27T18:30:00Z","VALIDITY_D":"2024-04-28T18:30:00Z","STATUS":"YES"}},{"type":"Feature","geometry":{"type":"Point","coordinates":[70.13,21.08]},"properties":{"SECTOR_NAM":"GUJARAT","SECTOR_ID":"SEC001","DIST_NAME":"Junagadh","LC_NAME":"Mangrol Bara","LONGITUDE":70.13,"LATITUDE":21.08,"FORECAST_D":"2024-04-27T18:30:00Z","VALIDITY_D":"2024-04-28T18:30:00Z","STATUS":"YES"}},{"type":"Feature","geometry":{"type":"Point","coordinates":[69.2,21.98]},"properties":{"SECTOR_NAM":"GUJARAT","SECTOR_ID":"SEC001","DIST_NAME":"Jamnagar","LC_NAME":"Bhogat","LONGITUDE":69.2,"LATITUDE":21.98,"FORECAST_D":"2024-04-27T18:30:00Z","VALIDITY_D":"2024-04-28T18:30:00Z","STATUS":"YES"}},{"type":"Feature","geometry":{"type":"Point","coordinates":[68.98,22.4]},"properties":{"SECTOR_NAM":"GUJARAT","SECTOR_ID":"SEC001","DIST_NAME":"Jamnagar","LC_NAME":"Mithapur","LONGITUDE":68.98,"LATITUDE":22.4,"FORECAST_D":"2024-04-27T18:30:00Z","VALIDITY_D":"2024-04-28T18:30:00Z","STATUS":"YES"}},{"type":"Feature","geometry":{"type":"Point","coordinates":[69.67,21.57]},"properties":{"SECTOR_NAM":"GUJARAT","SECTOR_ID":"SEC001","DIST_NAME":"Porbandar","LC_NAME":"odadar","LONGITUDE":69.67,"LATITUDE":21.57,"FORECAST_D":"2024-04-27T18:30:00Z","VALIDITY_D":"2024-04-28T18:30:00Z","STATUS":"YES"}},{"type":"Feature","geometry":{"type":"Point","coordinates":[71.37,20.87]},"properties":{"SECTOR_NAM":"GUJARAT","SECTOR_ID":"SEC001","DIST_NAME":"Amreli","LC_NAME":"Jafarabad","LONGITUDE":71.37,"LATITUDE":20.87,"FORECAST_D":"2024-04-27T18:30:00Z","VALIDITY_D":"2024-04-28T18:30:00Z","STATUS":"YES"}},{"type":"Feature","geometry":{"type":"Point","coordinates":[70.23,21]},"properties":{"SECTOR_NAM":"GUJARAT","SECTOR_ID":"SEC001","DIST_NAME":"Junagadh","LC_NAME":"Chorwad","LONGITUDE":70.23,"LATITUDE":21,"FORECAST_D":"2024-04-27T18:30:00Z","VALIDITY_D":"2024-04-28T18:30:00Z","STATUS":"YES"}},{"type":"Feature","geometry":{"type":"Point","coordinates":[69.49,21.73]},"properties":{"SECTOR_NAM":"GUJARAT","SECTOR_ID":"SEC001","DIST_NAME":"Porbandar","LC_NAME":"Raatadi","LONGITUDE":69.49,"LATITUDE":21.73,"FORECAST_D":"2024-04-27T18:30:00Z","VALIDITY_D":"2024-04-28T18:30:00Z","STATUS":"YES"}},{"type":"Feature","geometry":{"type":"Point","coordinates":[68.6,23.38]},"properties":{"SECTOR_NAM":"GUJARAT","SECTOR_ID":"SEC001","DIST_NAME":"Kachchh","LC_NAME":"Moti Akri","LONGITUDE":68.6,"LATITUDE":23.38,"FORECAST_D":"2024-04-27T18:30:00Z","VALIDITY_D":"2024-04-28T18:30:00Z","STATUS":"YES"}},{"type":"Feature","geometry":{"type":"Point","coordinates":[68.61,23.24]},"properties":{"SECTOR_NAM":"GUJARAT","SECTOR_ID":"SEC001","DIST_NAME":"Kachchh","LC_NAME":"Mitha Port (Jakhau)","LONGITUDE":68.61,"LATITUDE":23.24,"FORECAST_D":"2024-04-27T18:30:00Z","VALIDITY_D":"2024-04-28T18:30:00Z","STATUS":"YES"}},{"type":"Feature","geometry":{"type":"Point","coordinates":[69.15,22.03]},"properties":{"SECTOR_NAM":"GUJARAT","SECTOR_ID":"SEC001","DIST_NAME":"Jamnagar","LC_NAME":"Kuranga","LONGITUDE":69.15,"LATITUDE":22.03,"FORECAST_D":"2024-04-27T18:30:00Z","VALIDITY_D":"2024-04-28T18:30:00Z","STATUS":"YES"}},{"type":"Feature","geometry":{"type":"Point","coordinates":[68.96,22.26]},"properties":{"SECTOR_NAM":"GUJARAT","SECTOR_ID":"SEC001","DIST_NAME":"Jamnagar","LC_NAME":"Rupen","LONGITUDE":68.96,"LATITUDE":22.26,"FORECAST_D":"2024-04-27T18:30:00Z","VALIDITY_D":"2024-04-28T18:30:00Z","STATUS":"YES"}},{"type":"Feature","geometry":{"type":"Point","coordinates":[70.45,20.85]},"properties":{"SECTOR_NAM":"GUJARAT","SECTOR_ID":"SEC001","DIST_NAME":"Junagadh","LC_NAME":"Kadwar","LONGITUDE":70.45,"LATITUDE":20.85,"FORECAST_D":"2024-04-27T18:30:00Z","VALIDITY_D":"2024-04-28T18:30:00Z","STATUS":"YES"}},{"type":"Feature","geometry":{"type":"Point","coordinates":[69.72,21.52]},"properties":{"SECTOR_NAM":"GUJARAT","SECTOR_ID":"SEC001","DIST_NAME":"Porbandar","LC_NAME":"Navibandar","LONGITUDE":69.72,"LATITUDE":21.52,"FORECAST_D":"2024-04-27T18:30:00Z","VALIDITY_D":"2024-04-28T18:30:00Z","STATUS":"YES"}},{"type":"Feature","geometry":{"type":"Point","coordinates":[69.55,21.67]},"properties":{"SECTOR_NAM":"GUJARAT","SECTOR_ID":"SEC001","DIST_NAME":"Porbandar","LC_NAME":"Kuchhadi","LONGITUDE":69.55,"LATITUDE":21.67,"FORECAST_D":"2024-04-27T18:30:00Z","VALIDITY_D":"2024-04-28T18:30:00Z","STATUS":"YES"}},{"type":"Feature","geometry":{"type":"Point","coordinates":[69.37,21.83]},"properties":{"SECTOR_NAM":"GUJARAT","SECTOR_ID":"SEC001","DIST_NAME":"Porbandar","LC_NAME":"Harshad Miyani","LONGITUDE":69.37,"LATITUDE":21.83,"FORECAST_D":"2024-04-27T18:30:00Z","VALIDITY_D":"2024-04-28T18:30:00Z","STATUS":"YES"}},{"type":"Feature","geometry":{"type":"Point","coordinates":[70.44,20.85]},"properties":{"SECTOR_NAM":"GUJARAT","SECTOR_ID":"SEC001","DIST_NAME":"Junagadh","LC_NAME":"Hirakot","LONGITUDE":70.44,"LATITUDE":20.85,"FORECAST_D":"2024-04-27T18:30:00Z","VALIDITY_D":"2024-04-28T18:30:00Z","STATUS":"YES"}},{"type":"Feature","geometry":{"type":"Point","coordinates":[70.61,20.78]},"properties":{"SECTOR_NAM":"GUJARAT","SECTOR_ID":"SEC001","DIST_NAME":"Junagadh","LC_NAME":"Dhamlej","LONGITUDE":70.61,"LATITUDE":20.78,"FORECAST_D":"2024-04-27T18:30:00Z","VALIDITY_D":"2024-04-28T18:30:00Z","STATUS":"YES"}},{"type":"Feature","geometry":{"type":"Point","coordinates":[71.15,20.77]},"properties":{"SECTOR_NAM":"GUJARAT","SECTOR_ID":"SEC001","DIST_NAME":"Diu","LC_NAME":"Simar","LONGITUDE":71.15,"LATITUDE":20.77,"FORECAST_D":"2024-04-27T18:30:00Z","VALIDITY_D":"2024-04-28T18:30:00Z","STATUS":"YES"}},{"type":"Feature","geometry":{"type":"Point","coordinates":[68.96,22.24]},"properties":{"SECTOR_NAM":"GUJARAT","SECTOR_ID":"SEC001","DIST_NAME":"Jamnagar","LC_NAME":"Dwarka","LONGITUDE":68.96,"LATITUDE":22.24,"FORECAST_D":"2024-04-27T18:30:00Z","VALIDITY_D":"2024-04-28T18:30:00Z","STATUS":"YES"}},{"type":"Feature","geometry":{"type":"Point","coordinates":[69.35,22.83]},"properties":{"SECTOR_NAM":"GUJARAT","SECTOR_ID":"SEC001","DIST_NAME":"Kachchh","LC_NAME":"Mandvi","LONGITUDE":69.35,"LATITUDE":22.83,"FORECAST_D":"2024-04-27T18:30:00Z","VALIDITY_D":"2024-04-28T18:30:00Z","STATUS":"YES"}},{"type":"Feature","geometry":{"type":"Point","coordinates":[70.47,20.84]},"properties":{"SECTOR_NAM":"GUJARAT","SECTOR_ID":"SEC001","DIST_NAME":"Junagadh","LC_NAME":"Sutrapada","LONGITUDE":70.47,"LATITUDE":20.84,"FORECAST_D":"2024-04-27T18:30:00Z","VALIDITY_D":"2024-04-28T18:30:00Z","STATUS":"YES"}},{"type":"Feature","geometry":{"type":"Point","coordinates":[68.94,22.33]},"properties":{"SECTOR_NAM":"GUJARAT","SECTOR_ID":"SEC001","DIST_NAME":"Jamnagar","LC_NAME":"Kachchigadh","LONGITUDE":68.94,"LATITUDE":22.33,"FORECAST_D":"2024-04-27T18:30:00Z","VALIDITY_D":"2024-04-28T18:30:00Z","STATUS":"YES"}},{"type":"Feature","geometry":{"type":"Point","coordinates":[68.49,23.54]},"properties":{"SECTOR_NAM":"GUJARAT","SECTOR_ID":"SEC001","DIST_NAME":"Kachchh","LC_NAME":"Bhutau","LONGITUDE":68.49,"LATITUDE":23.54,"FORECAST_D":"2024-04-27T18:30:00Z","VALIDITY_D":"2024-04-28T18:30:00Z","STATUS":"YES"}},{"type":"Feature","geometry":{"type":"Point","coordinates":[69.89,21.33]},"properties":{"SECTOR_NAM":"GUJARAT","SECTOR_ID":"SEC001","DIST_NAME":"Porbandar","LC_NAME":"Gorsar","LONGITUDE":69.89,"LATITUDE":21.33,"FORECAST_D":"2024-04-27T18:30:00Z","VALIDITY_D":"2024-04-28T18:30:00Z","STATUS":"YES"}},{"type":"Feature","geometry":{"type":"Point","coordinates":[71.51,20.91]},"properties":{"SECTOR_NAM":"GUJARAT","SECTOR_ID":"SEC001","DIST_NAME":"Amreli","LC_NAME":"Shiyalbet","LONGITUDE":71.51,"LATITUDE":20.91,"FORECAST_D":"2024-04-27T18:30:00Z","VALIDITY_D":"2024-04-28T18:30:00Z","STATUS":"YES"}},{"type":"Feature","geometry":{"type":"Point","coordinates":[71.26,20.82]},"properties":{"SECTOR_NAM":"GUJARAT","SECTOR_ID":"SEC001","DIST_NAME":"Amreli","LC_NAME":"Rohisha","LONGITUDE":71.26,"LATITUDE":20.82,"FORECAST_D":"2024-04-27T18:30:00Z","VALIDITY_D":"2024-04-28T18:30:00Z","STATUS":"YES"}},{"type":"Feature","geometry":{"type":"Point","coordinates":[70.65,20.76]},"properties":{"SECTOR_NAM":"GUJARAT","SECTOR_ID":"SEC001","DIST_NAME":"Amreli","LC_NAME":"Mul Dwarka","LONGITUDE":70.65,"LATITUDE":20.76,"FORECAST_D":"2024-04-27T18:30:00Z","VALIDITY_D":"2024-04-28T18:30:00Z","STATUS":"YES"}},{"type":"Feature","geometry":{"type":"Point","coordinates":[69.24,21.94]},"properties":{"SECTOR_NAM":"GUJARAT","SECTOR_ID":"SEC001","DIST_NAME":"Jamnagar","LC_NAME":"Navadra","LONGITUDE":69.24,"LATITUDE":21.94,"FORECAST_D":"2024-04-27T18:30:00Z","VALIDITY_D":"2024-04-28T18:30:00Z","STATUS":"YES"}},{"type":"Feature","geometry":{"type":"Point","coordinates":[70.1,21.11]},"properties":{"SECTOR_NAM":"GUJARAT","SECTOR_ID":"SEC001","DIST_NAME":"Junagadh","LC_NAME":"Mangrol","LONGITUDE":70.1,"LATITUDE":21.11,"FORECAST_D":"2024-04-27T18:30:00Z","VALIDITY_D":"2024-04-28T18:30:00Z","STATUS":"YES"}},{"type":"Feature","geometry":{"type":"Point","coordinates":[73,18.78]},"properties":{"SECTOR_NAM":"MAHARASHTRA","SECTOR_ID":"SEC002","DIST_NAME":"Raigarh","LC_NAME":"Bhalpada","LONGITUDE":73,"LATITUDE":18.78,"FORECAST_D":"2024-04-27T18:30:00Z","VALIDITY_D":"2024-04-28T18:30:00Z","STATUS":"YES"}},{"type":"Feature","geometry":{"type":"Point","coordinates":[72.78,19.16]},"properties":{"SECTOR_NAM":"MAHARASHTRA","SECTOR_ID":"SEC002","DIST_NAME":"Mumbai Suburban","LC_NAME":"YerangalBhati","LONGITUDE":72.78,"LATITUDE":19.16,"FORECAST_D":"2024-04-27T18:30:00Z","VALIDITY_D":"2024-04-28T18:30:00Z","STATUS":"YES"}},{"type":"Feature","geometry":{"type":"Point","coordinates":[82.81,17.39]},"properties":{"SECTOR_NAM":"NORTH ANDHRAPRADESH","SECTOR_ID":"SEC009","DIST_NAME":"Visakhapatnam","LC_NAME":"Revu Polavaram","LONGITUDE":82.81,"LATITUDE":17.39,"STATUS":"NO"}},{"type":"Feature","geometry":{"type":"Point","coordinates":[82.94,17.45]},"properties":{"SECTOR_NAM":"NORTH ANDHRAPRADESH","SECTOR_ID":"SEC009","DIST_NAME":"Visakhapatnam","LC_NAME":"Rambilli","LONGITUDE":82.94,"LATITUDE":17.45,"STATUS":"NO"}},{"type":"Feature","geometry":{"type":"Point","coordinates":[83,17.49]},"properties":{"SECTOR_NAM":"NORTH ANDHRAPRADESH","SECTOR_ID":"SEC009","DIST_NAME":"Visakhapatnam","LC_NAME":"Pudimadaka","LONGITUDE":83,"LATITUDE":17.49,"STATUS":"NO"}},{"type":"Feature","geometry":{"type":"Point","coordinates":[83.29,17.67]},"properties":{"SECTOR_NAM":"NORTH ANDHRAPRADESH","SECTOR_ID":"SEC009","DIST_NAME":"Visakhapatnam","LC_NAME":"Visakhapatnam","LONGITUDE":83.29,"LATITUDE":17.67,"STATUS":"NO"}},{"type":"Feature","geometry":{"type":"Point","coordinates":[83.45,17.89]},"properties":{"SECTOR_NAM":"NORTH ANDHRAPRADESH","SECTOR_ID":"SEC009","DIST_NAME":"Visakhapatnam","LC_NAME":"Bhimunipatnam","LONGITUDE":83.45,"LATITUDE":17.89,"STATUS":"NO"}},{"type":"Feature","geometry":{"type":"Point","coordinates":[83.56,17.99]},"properties":{"SECTOR_NAM":"NORTH ANDHRAPRADESH","SECTOR_ID":"SEC009","DIST_NAME":"Vizianagaram","LC_NAME":"Mukkam","LONGITUDE":83.56,"LATITUDE":17.99,"STATUS":"NO"}},{"type":"Feature","geometry":{"type":"Point","coordinates":[83.58,18.02]},"properties":{"SECTOR_NAM":"NORTH ANDHRAPRADESH","SECTOR_ID":"SEC009","DIST_NAME":"Vizianagaram","LC_NAME":"Konada","LONGITUDE":83.58,"LATITUDE":18.02,"STATUS":"NO"}},{"type":"Feature","geometry":{"type":"Point","coordinates":[83.66,18.07]},"properties":{"SECTOR_NAM":"NORTH ANDHRAPRADESH","SECTOR_ID":"SEC009","DIST_NAME":"Vizianagaram","LC_NAME":"Chintapalli","LONGITUDE":83.66,"LATITUDE":18.07,"STATUS":"NO"}},{"type":"Feature","geometry":{"type":"Point","coordinates":[83.72,18.11]},"properties":{"SECTOR_NAM":"NORTH ANDHRAPRADESH","SECTOR_ID":"SEC009","DIST_NAME":"Srikakulam","LC_NAME":"Ramachandrapuram","LONGITUDE":83.72,"LATITUDE":18.11,"STATUS":"NO"}},{"type":"Feature","geometry":{"type":"Point","coordinates":[83.74,18.12]},"properties":{"SECTOR_NAM":"NORTH ANDHRAPRADESH","SECTOR_ID":"SEC009","DIST_NAME":"Srikakulam","LC_NAME":"Allivalasa","LONGITUDE":83.74,"LATITUDE":18.12,"STATUS":"NO"}},{"type":"Feature","geometry":{"type":"Point","coordinates":[83.84,18.17]},"properties":{"SECTOR_NAM":"NORTH ANDHRAPRADESH","SECTOR_ID":"SEC009","DIST_NAME":"Srikakulam","LC_NAME":"Kuppili","LONGITUDE":83.84,"LATITUDE":18.17,"STATUS":"NO"}},{"type":"Feature","geometry":{"type":"Point","coordinates":[84.01,18.25]},"properties":{"SECTOR_NAM":"NORTH ANDHRAPRADESH","SECTOR_ID":"SEC009","DIST_NAME":"Srikakulam","LC_NAME":"Srikurmam","LONGITUDE":84.01,"LATITUDE":18.25,"STATUS":"NO"}},{"type":"Feature","geometry":{"type":"Point","coordinates":[84.13,18.32]},"properties":{"SECTOR_NAM":"NORTH ANDHRAPRADESH","SECTOR_ID":"SEC009","DIST_NAME":"Srikakulam","LC_NAME":"Bandaruvanipeta","LONGITUDE":84.13,"LATITUDE":18.32,"STATUS":"NO"}},{"type":"Feature","geometry":{"type":"Point","coordinates":[84.12,18.34]},"properties":{"SECTOR_NAM":"NORTH ANDHRAPRADESH","SECTOR_ID":"SEC009","DIST_NAME":"Srikakulam","LC_NAME":"Kalingapatnam","LONGITUDE":84.12,"LATITUDE":18.34,"STATUS":"NO"}},{"type":"Feature","geometry":{"type":"Point","coordinates":[84.18,18.41]},"properties":{"SECTOR_NAM":"NORTH ANDHRAPRADESH","SECTOR_ID":"SEC009","DIST_NAME":"Srikakulam","LC_NAME":"Guppidipeta","LONGITUDE":84.18,"LATITUDE":18.41,"STATUS":"NO"}},{"type":"Feature","geometry":{"type":"Point","coordinates":[84.21,18.44]},"properties":{"SECTOR_NAM":"NORTH ANDHRAPRADESH","SECTOR_ID":"SEC009","DIST_NAME":"Srikakulam","LC_NAME":"Jagannadhapuram","LONGITUDE":84.21,"LATITUDE":18.44,"STATUS":"NO"}},{"type":"Feature","geometry":{"type":"Point","coordinates":[84.27,18.49]},"properties":{"SECTOR_NAM":"NORTH ANDHRAPRADESH","SECTOR_ID":"SEC009","DIST_NAME":"Srikakulam","LC_NAME":"Maruvada","LONGITUDE":84.27,"LATITUDE":18.49,"STATUS":"NO"}},{"type":"Feature","geometry":{"type":"Point","coordinates":[84.32,18.55]},"properties":{"SECTOR_NAM":"NORTH ANDHRAPRADESH","SECTOR_ID":"SEC009","DIST_NAME":"Srikakulam","LC_NAME":"Kotta Naupada","LONGITUDE":84.32,"LATITUDE":18.55,"STATUS":"NO"}},{"type":"Feature","geometry":{"type":"Point","coordinates":[84.36,18.59]},"properties":{"SECTOR_NAM":"NORTH ANDHRAPRADESH","SECTOR_ID":"SEC009","DIST_NAME":"Srikakulam","LC_NAME":"Bavanapadu","LONGITUDE":84.36,"LATITUDE":18.59,"STATUS":"NO"}},{"type":"Feature","geometry":{"type":"Point","coordinates":[84.44,18.68]},"properties":{"SECTOR_NAM":"NORTH ANDHRAPRADESH","SECTOR_ID":"SEC009","DIST_NAME":"Srikakulam","LC_NAME":"Nuvvalarevu","LONGITUDE":84.44,"LATITUDE":18.68,"STATUS":"NO"}},{"type":"Feature","geometry":{"type":"Point","coordinates":[84.51,18.76]},"properties":{"SECTOR_NAM":"NORTH ANDHRAPRADESH","SECTOR_ID":"SEC009","DIST_NAME":"Srikakulam","LC_NAME":"Metturu","LONGITUDE":84.51,"LATITUDE":18.76,"STATUS":"NO"}},{"type":"Feature","geometry":{"type":"Point","coordinates":[84.54,18.78]},"properties":{"SECTOR_NAM":"NORTH ANDHRAPRADESH","SECTOR_ID":"SEC009","DIST_NAME":"Srikakulam","LC_NAME":"Ganguvada","LONGITUDE":84.54,"LATITUDE":18.78,"STATUS":"NO"}},{"type":"Feature","geometry":{"type":"Point","coordinates":[84.59,18.88]},"properties":{"SECTOR_NAM":"NORTH ANDHRAPRADESH","SECTOR_ID":"SEC009","DIST_NAME":"Srikakulam","LC_NAME":"Baruva","LONGITUDE":84.59,"LATITUDE":18.88,"STATUS":"NO"}},{"type":"Feature","geometry":{"type":"Point","coordinates":[84.65,18.94]},"properties":{"SECTOR_NAM":"NORTH ANDHRAPRADESH","SECTOR_ID":"SEC009","DIST_NAME":"Srikakulam","LC_NAME":"Iduvanipalem","LONGITUDE":84.65,"LATITUDE":18.94,"STATUS":"NO"}},{"type":"Feature","geometry":{"type":"Point","coordinates":[84.71,19]},"properties":{"SECTOR_NAM":"NORTH ANDHRAPRADESH","SECTOR_ID":"SEC009","DIST_NAME":"Srikakulam","LC_NAME":"Kaviti","LONGITUDE":84.71,"LATITUDE":19,"STATUS":"NO"}},{"type":"Feature","geometry":{"type":"Point","coordinates":[84.78,19.1]},"properties":{"SECTOR_NAM":"ODISHA","SECTOR_ID":"SEC010","DIST_NAME":"Ganjam","LC_NAME":"Anantaraipur","LONGITUDE":84.78,"LATITUDE":19.1,"STATUS":"NO"}},{"type":"Feature","geometry":{"type":"Point","coordinates":[84.78,19.1]},"properties":{"SECTOR_NAM":"ODISHA","SECTOR_ID":"SEC010","DIST_NAME":"Ganjam","LC_NAME":"KeutaSonapur","LONGITUDE":84.78,"LATITUDE":19.1,"STATUS":"NO"}},{"type":"Feature","geometry":{"type":"Point","coordinates":[84.78,19.11]},"properties":{"SECTOR_NAM":"ODISHA","SECTOR_ID":"SEC010","DIST_NAME":"Ganjam","LC_NAME":"PatiSonapur","LONGITUDE":84.78,"LATITUDE":19.11,"STATUS":"NO"}},{"type":"Feature","geometry":{"type":"Point","coordinates":[84.78,19.11]},"properties":{"SECTOR_NAM":"ODISHA","SECTOR_ID":"SEC010","DIST_NAME":"Ganjam","LC_NAME":"Sonnapurampeta","LONGITUDE":84.78,"LATITUDE":19.11,"STATUS":"NO"}},{"type":"Feature","geometry":{"type":"Point","coordinates":[84.8,19.14]},"properties":{"SECTOR_NAM":"ODISHA","SECTOR_ID":"SEC010","DIST_NAME":"Ganjam","LC_NAME":"Rameyapatna","LONGITUDE":84.8,"LATITUDE":19.14,"STATUS":"NO"}},{"type":"Feature","geometry":{"type":"Point","coordinates":[84.81,19.16]},"properties":{"SECTOR_NAM":"ODISHA","SECTOR_ID":"SEC010","DIST_NAME":"Ganjam","LC_NAME":"Ekasingi","LONGITUDE":84.81,"LATITUDE":19.16,"STATUS":"NO"}},{"type":"Feature","geometry":{"type":"Point","coordinates":[84.84,19.2]},"properties":{"SECTOR_NAM":"ODISHA","SECTOR_ID":"SEC010","DIST_NAME":"Ganjam","LC_NAME":"Markondi","LONGITUDE":84.84,"LATITUDE":19.2,"STATUS":"NO"}},{"type":"Feature","geometry":{"type":"Point","coordinates":[84.87,19.22]},"properties":{"SECTOR_NAM":"ODISHA","SECTOR_ID":"SEC010","DIST_NAME":"Ganjam","LC_NAME":"New Golabandha","LONGITUDE":84.87,"LATITUDE":19.22,"STATUS":"NO"}},{"type":"Feature","geometry":{"type":"Point","coordinates":[84.86,19.22]},"properties":{"SECTOR_NAM":"ODISHA","SECTOR_ID":"SEC010","DIST_NAME":"Ganjam","LC_NAME":"Gopalpur-IFH","LONGITUDE":84.86,"LATITUDE":19.22,"STATUS":"NO"}},{"type":"Feature","geometry":{"type":"Point","coordinates":[84.88,19.24]},"properties":{"SECTOR_NAM":"ODISHA","SECTOR_ID":"SEC010","DIST_NAME":"Ganjam","LC_NAME":"Golabandha","LONGITUDE":84.88,"LATITUDE":19.24,"STATUS":"NO"}},{"type":"Feature","geometry":{"type":"Point","coordinates":[84.89,19.24]},"properties":{"SECTOR_NAM":"ODISHA","SECTOR_ID":"SEC010","DIST_NAME":"Ganjam","LC_NAME":"OldBuxipetta","LONGITUDE":84.89,"LATITUDE":19.24,"STATUS":"NO"}},{"type":"Feature","geometry":{"type":"Point","coordinates":[84.89,19.24]},"properties":{"SECTOR_NAM":"ODISHA","SECTOR_ID":"SEC010","DIST_NAME":"Ganjam","LC_NAME":"NewBaxipalli","LONGITUDE":84.89,"LATITUDE":19.24,"STATUS":"NO"}},{"type":"Feature","geometry":{"type":"Point","coordinates":[84.91,19.26]},"properties":{"SECTOR_NAM":"ODISHA","SECTOR_ID":"SEC010","DIST_NAME":"Ganjam","LC_NAME":"Gopalpur","LONGITUDE":84.91,"LATITUDE":19.26,"STATUS":"NO"}},{"type":"Feature","geometry":{"type":"Point","coordinates":[84.98,19.31]},"properties":{"SECTOR_NAM":"ODISHA","SECTOR_ID":"SEC010","DIST_NAME":"Ganjam","LC_NAME":"Garyampetta","LONGITUDE":84.98,"LATITUDE":19.31,"STATUS":"NO"}},{"type":"Feature","geometry":{"type":"Point","coordinates":[84.98,19.32]},"properties":{"SECTOR_NAM":"ODISHA","SECTOR_ID":"SEC010","DIST_NAME":"Ganjam","LC_NAME":"Sana Aryapalli","LONGITUDE":84.98,"LATITUDE":19.32,"STATUS":"NO"}},{"type":"Feature","geometry":{"type":"Point","coordinates":[85.04,19.35]},"properties":{"SECTOR_NAM":"ODISHA","SECTOR_ID":"SEC010","DIST_NAME":"Ganjam","LC_NAME":"BadaNuagaon","LONGITUDE":85.04,"LATITUDE":19.35,"STATUS":"NO"}},{"type":"Feature","geometry":{"type":"Point","coordinates":[85.05,19.36]},"properties":{"SECTOR_NAM":"ODISHA","SECTOR_ID":"SEC010","DIST_NAME":"Ganjam","LC_NAME":"SanaNuagaon","LONGITUDE":85.05,"LATITUDE":19.36,"STATUS":"NO"}},{"type":"Feature","geometry":{"type":"Point","coordinates":[85.07,19.37]},"properties":{"SECTOR_NAM":"ODISHA","SECTOR_ID":"SEC010","DIST_NAME":"Ganjam","LC_NAME":"Ganjam","LONGITUDE":85.07,"LATITUDE":19.37,"STATUS":"NO"}},{"type":"Feature","geometry":{"type":"Point","coordinates":[85.09,19.4]},"properties":{"SECTOR_NAM":"ODISHA","SECTOR_ID":"SEC010","DIST_NAME":"Ganjam","LC_NAME":"Kantiagada(Podampeta)","LONGITUDE":85.09,"LATITUDE":19.4,"STATUS":"NO"}},{"type":"Feature","geometry":{"type":"Point","coordinates":[85.14,19.44]},"properties":{"SECTOR_NAM":"ODISHA","SECTOR_ID":"SEC010","DIST_NAME":"Ganjam","LC_NAME":"Prayagi","LONGITUDE":85.14,"LATITUDE":19.44,"STATUS":"NO"}},{"type":"Feature","geometry":{"type":"Point","coordinates":[85.2,19.49]},"properties":{"SECTOR_NAM":"ODISHA","SECTOR_ID":"SEC010","DIST_NAME":"Puri","LC_NAME":"Ramalanka","LONGITUDE":85.2,"LATITUDE":19.49,"STATUS":"NO"}},{"type":"Feature","geometry":{"type":"Point","coordinates":[85.23,19.51]},"properties":{"SECTOR_NAM":"ODISHA","SECTOR_ID":"SEC010","DIST_NAME":"Puri","LC_NAME":"Bajarkot","LONGITUDE":85.23,"LATITUDE":19.51,"STATUS":"NO"}},{"type":"Feature","geometry":{"type":"Point","coordinates":[85.39,19.61]},"properties":{"SECTOR_NAM":"ODISHA","SECTOR_ID":"SEC010","DIST_NAME":"Puri","LC_NAME":"Khirisahi","LONGITUDE":85.39,"LATITUDE":19.61,"STATUS":"NO"}},{"type":"Feature","geometry":{"type":"Point","coordinates":[85.46,19.65]},"properties":{"SECTOR_NAM":"ODISHA","SECTOR_ID":"SEC010","DIST_NAME":"Puri","LC_NAME":"Satpara","LONGITUDE":85.46,"LATITUDE":19.65,"STATUS":"NO"}},{"type":"Feature","geometry":{"type":"Point","coordinates":[85.54,19.7]},"properties":{"SECTOR_NAM":"ODISHA","SECTOR_ID":"SEC010","DIST_NAME":"Puri","LC_NAME":"Siandi","LONGITUDE":85.54,"LATITUDE":19.7,"STATUS":"NO"}},{"type":"Feature","geometry":{"type":"Point","coordinates":[85.58,19.72]},"properties":{"SECTOR_NAM":"ODISHA","SECTOR_ID":"SEC010","DIST_NAME":"Puri","LC_NAME":"Arakhakud","LONGITUDE":85.58,"LATITUDE":19.72,"STATUS":"NO"}},{"type":"Feature","geometry":{"type":"Point","coordinates":[85.77,19.78]},"properties":{"SECTOR_NAM":"ODISHA","SECTOR_ID":"SEC010","DIST_NAME":"Puri","LC_NAME":"PuriNorth","LONGITUDE":85.77,"LATITUDE":19.78,"STATUS":"NO"}},{"type":"Feature","geometry":{"type":"Point","coordinates":[85.81,19.79]},"properties":{"SECTOR_NAM":"ODISHA","SECTOR_ID":"SEC010","DIST_NAME":"Puri","LC_NAME":"PuriSouth","LONGITUDE":85.81,"LATITUDE":19.79,"STATUS":"NO"}},{"type":"Feature","geometry":{"type":"Point","coordinates":[85.83,19.8]},"properties":{"SECTOR_NAM":"ODISHA","SECTOR_ID":"SEC010","DIST_NAME":"Puri","LC_NAME":"Puri","LONGITUDE":85.83,"LATITUDE":19.8,"STATUS":"NO"}},{"type":"Feature","geometry":{"type":"Point","coordinates":[85.85,19.81]},"properties":{"SECTOR_NAM":"ODISHA","SECTOR_ID":"SEC010","DIST_NAME":"Puri","LC_NAME":"Penthakata","LONGITUDE":85.85,"LATITUDE":19.81,"STATUS":"NO"}},{"type":"Feature","geometry":{"type":"Point","coordinates":[86.01,19.84]},"properties":{"SECTOR_NAM":"ODISHA","SECTOR_ID":"SEC010","DIST_NAME":"Puri","LC_NAME":"Bangor","LONGITUDE":86.01,"LATITUDE":19.84,"STATUS":"NO"}},{"type":"Feature","geometry":{"type":"Point","coordinates":[86.11,19.87]},"properties":{"SECTOR_NAM":"ODISHA","SECTOR_ID":"SEC010","DIST_NAME":"Puri","LC_NAME":"Chandrabhaga","LONGITUDE":86.11,"LATITUDE":19.87,"STATUS":"NO"}},{"type":"Feature","geometry":{"type":"Point","coordinates":[86.18,19.88]},"properties":{"SECTOR_NAM":"ODISHA","SECTOR_ID":"SEC010","DIST_NAME":"Puri","LC_NAME":"Kajalpatia(Khandiapatna)","LONGITUDE":86.18,"LATITUDE":19.88,"STATUS":"NO"}},{"type":"Feature","geometry":{"type":"Point","coordinates":[86.22,19.9]},"properties":{"SECTOR_NAM":"ODISHA","SECTOR_ID":"SEC010","DIST_NAME":"Puri","LC_NAME":"Tondahar","LONGITUDE":86.22,"LATITUDE":19.9,"STATUS":"NO"}},{"type":"Feature","geometry":{"type":"Point","coordinates":[86.27,19.92]},"properties":{"SECTOR_NAM":"ODISHA","SECTOR_ID":"SEC010","DIST_NAME":"Puri","LC_NAME":"Anakona&Dalukani","LONGITUDE":86.27,"LATITUDE":19.92,"STATUS":"NO"}},{"type":"Feature","geometry":{"type":"Point","coordinates":[86.28,19.94]},"properties":{"SECTOR_NAM":"ODISHA","SECTOR_ID":"SEC010","DIST_NAME":"Puri","LC_NAME":"Astaranga","LONGITUDE":86.28,"LATITUDE":19.94,"STATUS":"NO"}},{"type":"Feature","geometry":{"type":"Point","coordinates":[86.29,19.94]},"properties":{"SECTOR_NAM":"ODISHA","SECTOR_ID":"SEC010","DIST_NAME":"Puri","LC_NAME":"Balipantala","LONGITUDE":86.29,"LATITUDE":19.94,"STATUS":"NO"}},{"type":"Feature","geometry":{"type":"Point","coordinates":[86.31,19.95]},"properties":{"SECTOR_NAM":"ODISHA","SECTOR_ID":"SEC010","DIST_NAME":"Puri","LC_NAME":"Sudhikeswar(Talia)","LONGITUDE":86.31,"LATITUDE":19.95,"STATUS":"NO"}},{"type":"Feature","geometry":{"type":"Point","coordinates":[86.32,19.99]},"properties":{"SECTOR_NAM":"ODISHA","SECTOR_ID":"SEC010","DIST_NAME":"Puri","LC_NAME":"NuagarhFH(Astaranga)","LONGITUDE":86.32,"LATITUDE":19.99,"STATUS":"NO"}},{"type":"Feature","geometry":{"type":"Point","coordinates":[86.34,19.97]},"properties":{"SECTOR_NAM":"ODISHA","SECTOR_ID":"SEC010","DIST_NAME":"Puri","LC_NAME":"Nuagar","LONGITUDE":86.34,"LATITUDE":19.97,"STATUS":"NO"}},{"type":"Feature","geometry":{"type":"Point","coordinates":[86.34,20]},"properties":{"SECTOR_NAM":"ODISHA","SECTOR_ID":"SEC010","DIST_NAME":"Jagatsinghapur","LC_NAME":"Bandar","LONGITUDE":86.34,"LATITUDE":20,"STATUS":"NO"}},{"type":"Feature","geometry":{"type":"Point","coordinates":[86.38,19.98]},"properties":{"SECTOR_NAM":"ODISHA","SECTOR_ID":"SEC010","DIST_NAME":"Cuttack","LC_NAME":"Magarkhia","LONGITUDE":86.38,"LATITUDE":19.98,"STATUS":"NO"}},{"type":"Feature","geometry":{"type":"Point","coordinates":[86.45,20.08]},"properties":{"SECTOR_NAM":"ODISHA","SECTOR_ID":"SEC010","DIST_NAME":"Jagatsinghapur","LC_NAME":"Saharabedi","LONGITUDE":86.45,"LATITUDE":20.08,"STATUS":"NO"}},{"type":"Feature","geometry":{"type":"Point","coordinates":[86.49,20.12]},"properties":{"SECTOR_NAM":"ODISHA","SECTOR_ID":"SEC010","DIST_NAME":"Jagatsinghapur","LC_NAME":"Kaliakana","LONGITUDE":86.49,"LATITUDE":20.12,"STATUS":"NO"}},{"type":"Feature","geometry":{"type":"Point","coordinates":[86.53,20.18]},"properties":{"SECTOR_NAM":"ODISHA","SECTOR_ID":"SEC010","DIST_NAME":"Jagatsinghapur","LC_NAME":"Noliasahi","LONGITUDE":86.53,"LATITUDE":20.18,"STATUS":"NO"}},{"type":"Feature","geometry":{"type":"Point","coordinates":[86.56,20.2]},"properties":{"SECTOR_NAM":"ODISHA","SECTOR_ID":"SEC010","DIST_NAME":"Jagatsinghapur","LC_NAME":"Nuagan","LONGITUDE":86.56,"LATITUDE":20.2,"STATUS":"NO"}},{"type":"Feature","geometry":{"type":"Point","coordinates":[86.59,20.22]},"properties":{"SECTOR_NAM":"ODISHA","SECTOR_ID":"SEC010","DIST_NAME":"Jagatsinghapur","LC_NAME":"Jamuka","LONGITUDE":86.59,"LATITUDE":20.22,"STATUS":"NO"}},{"type":"Feature","geometry":{"type":"Point","coordinates":[86.63,20.24]},"properties":{"SECTOR_NAM":"ODISHA","SECTOR_ID":"SEC010","DIST_NAME":"Jagatsinghapur","LC_NAME":"ParadeepFH","LONGITUDE":86.63,"LATITUDE":20.24,"STATUS":"NO"}},{"type":"Feature","geometry":{"type":"Point","coordinates":[86.66,20.26]},"properties":{"SECTOR_NAM":"ODISHA","SECTOR_ID":"SEC010","DIST_NAME":"Jagatsinghapur","LC_NAME":"Paradip","LONGITUDE":86.66,"LATITUDE":20.26,"STATUS":"NO"}},{"type":"Feature","geometry":{"type":"Point","coordinates":[86.67,20.27]},"properties":{"SECTOR_NAM":"ODISHA","SECTOR_ID":"SEC010","DIST_NAME":"Jagatsinghapur","LC_NAME":"Atharabanki","LONGITUDE":86.67,"LATITUDE":20.27,"STATUS":"NO"}},{"type":"Feature","geometry":{"type":"Point","coordinates":[86.66,20.33]},"properties":{"SECTOR_NAM":"ODISHA","SECTOR_ID":"SEC010","DIST_NAME":"Jagatsinghapur","LC_NAME":"Chumuhani","LONGITUDE":86.66,"LATITUDE":20.33,"STATUS":"NO"}},{"type":"Feature","geometry":{"type":"Point","coordinates":[86.68,20.32]},"properties":{"SECTOR_NAM":"ODISHA","SECTOR_ID":"SEC010","DIST_NAME":"Jagatsinghapur","LC_NAME":"Kharnasi","LONGITUDE":86.68,"LATITUDE":20.32,"STATUS":"NO"}},{"type":"Feature","geometry":{"type":"Point","coordinates":[86.75,20.32]},"properties":{"SECTOR_NAM":"ODISHA","SECTOR_ID":"SEC010","DIST_NAME":"Kendrapara","LC_NAME":"False Point","LONGITUDE":86.75,"LATITUDE":20.32,"STATUS":"NO"}},{"type":"Feature","geometry":{"type":"Point","coordinates":[86.72,20.4]},"properties":{"SECTOR_NAM":"ODISHA","SECTOR_ID":"SEC010","DIST_NAME":"Kendrapara","LC_NAME":"Kharinasi","LONGITUDE":86.72,"LATITUDE":20.4,"STATUS":"NO"}},{"type":"Feature","geometry":{"type":"Point","coordinates":[86.71,20.41]},"properties":{"SECTOR_NAM":"ODISHA","SECTOR_ID":"SEC010","DIST_NAME":"Kendrapara","LC_NAME":"Jambu","LONGITUDE":86.71,"LATITUDE":20.41,"STATUS":"NO"}},{"type":"Feature","geometry":{"type":"Point","coordinates":[86.73,20.43]},"properties":{"SECTOR_NAM":"ODISHA","SECTOR_ID":"SEC010","DIST_NAME":"Kendrapara","LC_NAME":"Jmboo","LONGITUDE":86.73,"LATITUDE":20.43,"STATUS":"NO"}},{"type":"Feature","geometry":{"type":"Point","coordinates":[86.74,20.48]},"properties":{"SECTOR_NAM":"ODISHA","SECTOR_ID":"SEC010","DIST_NAME":"Kendrapara","LC_NAME":"Barunie","LONGITUDE":86.74,"LATITUDE":20.48,"STATUS":"NO"}},{"type":"Feature","geometry":{"type":"Point","coordinates":[86.74,20.52]},"properties":{"SECTOR_NAM":"ODISHA","SECTOR_ID":"SEC010","DIST_NAME":"Kendrapara","LC_NAME":"Sasanpeta(Tantiapal)","LONGITUDE":86.74,"LATITUDE":20.52,"STATUS":"NO"}},{"type":"Feature","geometry":{"type":"Point","coordinates":[86.78,20.54]},"properties":{"SECTOR_NAM":"ODISHA","SECTOR_ID":"SEC010","DIST_NAME":"Kendrapara","LC_NAME":"Gajarajpur","LONGITUDE":86.78,"LATITUDE":20.54,"STATUS":"NO"}},{"type":"Feature","geometry":{"type":"Point","coordinates":[86.86,20.59]},"properties":{"SECTOR_NAM":"ODISHA","SECTOR_ID":"SEC010","DIST_NAME":"Kendrapara","LC_NAME":"Hariharpur","LONGITUDE":86.86,"LATITUDE":20.59,"STATUS":"NO"}},{"type":"Feature","geometry":{"type":"Point","coordinates":[86.93,20.64]},"properties":{"SECTOR_NAM":"ODISHA","SECTOR_ID":"SEC010","DIST_NAME":"Kendrapara","LC_NAME":"Satbhaya","LONGITUDE":86.93,"LATITUDE":20.64,"STATUS":"NO"}},{"type":"Feature","geometry":{"type":"Point","coordinates":[87.01,20.74]},"properties":{"SECTOR_NAM":"ODISHA","SECTOR_ID":"SEC010","DIST_NAME":"Kendrapara","LC_NAME":"Ahirajpur","LONGITUDE":87.01,"LATITUDE":20.74,"STATUS":"NO"}},{"type":"Feature","geometry":{"type":"Point","coordinates":[86.95,20.76]},"properties":{"SECTOR_NAM":"ODISHA","SECTOR_ID":"SEC010","DIST_NAME":"Kendrapara","LC_NAME":"Talchua","LONGITUDE":86.95,"LATITUDE":20.76,"STATUS":"NO"}},{"type":"Feature","geometry":{"type":"Point","coordinates":[86.89,20.8]},"properties":{"SECTOR_NAM":"ODISHA","SECTOR_ID":"SEC010","DIST_NAME":"Bhadrak","LC_NAME":"Dhamra","LONGITUDE":86.89,"LATITUDE":20.8,"STATUS":"NO"}},{"type":"Feature","geometry":{"type":"Point","coordinates":[86.96,20.8]},"properties":{"SECTOR_NAM":"ODISHA","SECTOR_ID":"SEC010","DIST_NAME":"Bhadrak","LC_NAME":"Chandinipal","LONGITUDE":86.96,"LATITUDE":20.8,"STATUS":"NO"}},{"type":"Feature","geometry":{"type":"Point","coordinates":[86.96,20.82]},"properties":{"SECTOR_NAM":"ODISHA","SECTOR_ID":"SEC010","DIST_NAME":"Bhadrak","LC_NAME":"DhamaraFH","LONGITUDE":86.96,"LATITUDE":20.82,"STATUS":"NO"}},{"type":"Feature","geometry":{"type":"Point","coordinates":[86.95,20.86]},"properties":{"SECTOR_NAM":"ODISHA","SECTOR_ID":"SEC010","DIST_NAME":"Bhadrak","LC_NAME":"Kaithakhola","LONGITUDE":86.95,"LATITUDE":20.86,"STATUS":"NO"}},{"type":"Feature","geometry":{"type":"Point","coordinates":[86.93,20.9]},"properties":{"SECTOR_NAM":"ODISHA","SECTOR_ID":"SEC010","DIST_NAME":"Bhadrak","LC_NAME":"Karanjamal","LONGITUDE":86.93,"LATITUDE":20.9,"STATUS":"NO"}},{"type":"Feature","geometry":{"type":"Point","coordinates":[86.92,20.93]},"properties":{"SECTOR_NAM":"ODISHA","SECTOR_ID":"SEC010","DIST_NAME":"Bhadrak","LC_NAME":"Baincha","LONGITUDE":86.92,"LATITUDE":20.93,"STATUS":"NO"}},{"type":"Feature","geometry":{"type":"Point","coordinates":[86.91,20.96]},"properties":{"SECTOR_NAM":"ODISHA","SECTOR_ID":"SEC010","DIST_NAME":"Bhadrak","LC_NAME":"Karanpalli","LONGITUDE":86.91,"LATITUDE":20.96,"STATUS":"NO"}},{"type":"Feature","geometry":{"type":"Point","coordinates":[86.84,21.08]},"properties":{"SECTOR_NAM":"ODISHA","SECTOR_ID":"SEC010","DIST_NAME":"Bhadrak","LC_NAME":"Kasianala","LONGITUDE":86.84,"LATITUDE":21.08,"STATUS":"NO"}},{"type":"Feature","geometry":{"type":"Point","coordinates":[86.82,21.14]},"properties":{"SECTOR_NAM":"ODISHA","SECTOR_ID":"SEC010","DIST_NAME":"Bhadrak","LC_NAME":"ChudamaniBoatJetty","LONGITUDE":86.82,"LATITUDE":21.14,"STATUS":"NO"}},{"type":"Feature","geometry":{"type":"Point","coordinates":[86.82,21.17]},"properties":{"SECTOR_NAM":"ODISHA","SECTOR_ID":"SEC010","DIST_NAME":"Bhadrak","LC_NAME":"Chudamani","LONGITUDE":86.82,"LATITUDE":21.17,"STATUS":"NO"}},{"type":"Feature","geometry":{"type":"Point","coordinates":[86.84,21.23]},"properties":{"SECTOR_NAM":"ODISHA","SECTOR_ID":"SEC010","DIST_NAME":"Baleshwar","LC_NAME":"Panchubisa","LONGITUDE":86.84,"LATITUDE":21.23,"STATUS":"NO"}},{"type":"Feature","geometry":{"type":"Point","coordinates":[86.87,21.28]},"properties":{"SECTOR_NAM":"ODISHA","SECTOR_ID":"SEC010","DIST_NAME":"Baleshwar","LC_NAME":"Godaisagar","LONGITUDE":86.87,"LATITUDE":21.28,"STATUS":"NO"}},{"type":"Feature","geometry":{"type":"Point","coordinates":[86.88,21.29]},"properties":{"SECTOR_NAM":"ODISHA","SECTOR_ID":"SEC010","DIST_NAME":"Baleshwar","LC_NAME":"Janipur","LONGITUDE":86.88,"LATITUDE":21.29,"STATUS":"NO"}},{"type":"Feature","geometry":{"type":"Point","coordinates":[86.98,21.41]},"properties":{"SECTOR_NAM":"ODISHA","SECTOR_ID":"SEC010","DIST_NAME":"Baleshwar","LC_NAME":"Mahisali","LONGITUDE":86.98,"LATITUDE":21.41,"STATUS":"NO"}},{"type":"Feature","geometry":{"type":"Point","coordinates":[87.03,21.44]},"properties":{"SECTOR_NAM":"ODISHA","SECTOR_ID":"SEC010","DIST_NAME":"Baleshwar","LC_NAME":"Chandipur","LONGITUDE":87.03,"LATITUDE":21.44,"STATUS":"NO"}},{"type":"Feature","geometry":{"type":"Point","coordinates":[87.05,21.47]},"properties":{"SECTOR_NAM":"ODISHA","SECTOR_ID":"SEC010","DIST_NAME":"Baleshwar","LC_NAME":"Balaramgadi(ChandipurFLC)","LONGITUDE":87.05,"LATITUDE":21.47,"STATUS":"NO"}},{"type":"Feature","geometry":{"type":"Point","coordinates":[87.07,21.49]},"properties":{"SECTOR_NAM":"ODISHA","SECTOR_ID":"SEC010","DIST_NAME":"Baleshwar","LC_NAME":"Balaramgadi","LONGITUDE":87.07,"LATITUDE":21.49,"STATUS":"NO"}},{"type":"Feature","geometry":{"type":"Point","coordinates":[87.09,21.5]},"properties":{"SECTOR_NAM":"ODISHA","SECTOR_ID":"SEC010","DIST_NAME":"Baleshwar","LC_NAME":"Bahabalapur(KasafalSouth)","LONGITUDE":87.09,"LATITUDE":21.5,"STATUS":"NO"}},{"type":"Feature","geometry":{"type":"Point","coordinates":[87.11,21.51]},"properties":{"SECTOR_NAM":"ODISHA","SECTOR_ID":"SEC010","DIST_NAME":"Baleshwar","LC_NAME":"Bahabalpur","LONGITUDE":87.11,"LATITUDE":21.51,"STATUS":"NO"}},{"type":"Feature","geometry":{"type":"Point","coordinates":[87.15,21.53]},"properties":{"SECTOR_NAM":"ODISHA","SECTOR_ID":"SEC010","DIST_NAME":"Baleshwar","LC_NAME":"Bindha","LONGITUDE":87.15,"LATITUDE":21.53,"STATUS":"NO"}},{"type":"Feature","geometry":{"type":"Point","coordinates":[87.18,21.54]},"properties":{"SECTOR_NAM":"ODISHA","SECTOR_ID":"SEC010","DIST_NAME":"Baleshwar","LC_NAME":"Hansakura","LONGITUDE":87.18,"LATITUDE":21.54,"STATUS":"NO"}},{"type":"Feature","geometry":{"type":"Point","coordinates":[87.22,21.55]},"properties":{"SECTOR_NAM":"ODISHA","SECTOR_ID":"SEC010","DIST_NAME":"Baleshwar","LC_NAME":"Kasafala","LONGITUDE":87.22,"LATITUDE":21.55,"STATUS":"NO"}},{"type":"Feature","geometry":{"type":"Point","coordinates":[87.3,21.56]},"properties":{"SECTOR_NAM":"ODISHA","SECTOR_ID":"SEC010","DIST_NAME":"Baleshwar","LC_NAME":"Choumukh","LONGITUDE":87.3,"LATITUDE":21.56,"STATUS":"NO"}},{"type":"Feature","geometry":{"type":"Point","coordinates":[87.33,21.55]},"properties":{"SECTOR_NAM":"ODISHA","SECTOR_ID":"SEC010","DIST_NAME":"Baleshwar","LC_NAME":"Dagara","LONGITUDE":87.33,"LATITUDE":21.55,"STATUS":"NO"}},{"type":"Feature","geometry":{"type":"Point","coordinates":[87.38,21.58]},"properties":{"SECTOR_NAM":"ODISHA","SECTOR_ID":"SEC010","DIST_NAME":"Baleshwar","LC_NAME":"Kirtania","LONGITUDE":87.38,"LATITUDE":21.58,"STATUS":"NO"}},{"type":"Feature","geometry":{"type":"Point","coordinates":[87.45,21.6]},"properties":{"SECTOR_NAM":"ODISHA","SECTOR_ID":"SEC010","DIST_NAME":"Baleshwar","LC_NAME":"Chandeneswar","LONGITUDE":87.45,"LATITUDE":21.6,"STATUS":"NO"}},{"type":"Feature","geometry":{"type":"Point","coordinates":[87.46,21.6]},"properties":{"SECTOR_NAM":"ODISHA","SECTOR_ID":"SEC010","DIST_NAME":"Baleshwar","LC_NAME":"Talasari","LONGITUDE":87.46,"LATITUDE":21.6,"STATUS":"NO"}},{"type":"Feature","geometry":{"type":"Point","coordinates":[87.54,21.63]},"properties":{"SECTOR_NAM":"WEST BENGAL","SECTOR_ID":"SEC011","DIST_NAME":"Purba Medinipur","LC_NAME":"DighaMohanaF.F.T.A.(Digha)","LONGITUDE":87.54,"LATITUDE":21.63,"STATUS":"NO"}},{"type":"Feature","geometry":{"type":"Point","coordinates":[87.58,21.64]},"properties":{"SECTOR_NAM":"WEST BENGAL","SECTOR_ID":"SEC011","DIST_NAME":"Purba Medinipur","LC_NAME":"Shankarpur","LONGITUDE":87.58,"LATITUDE":21.64,"STATUS":"NO"}},{"type":"Feature","geometry":{"type":"Point","coordinates":[87.57,21.64]},"properties":{"SECTOR_NAM":"WEST BENGAL","SECTOR_ID":"SEC011","DIST_NAME":"Purba Medinipur","LC_NAME":"SankarpurF.F.T.A.(Sankarpur)","LONGITUDE":87.57,"LATITUDE":21.64,"STATUS":"NO"}},{"type":"Feature","geometry":{"type":"Point","coordinates":[87.61,21.64]},"properties":{"SECTOR_NAM":"WEST BENGAL","SECTOR_ID":"SEC011","DIST_NAME":"Purba Medinipur","LC_NAME":"TajpurJaldha","LONGITUDE":87.61,"LATITUDE":21.64,"STATUS":"NO"}},{"type":"Feature","geometry":{"type":"Point","coordinates":[87.7,21.66]},"properties":{"SECTOR_NAM":"WEST BENGAL","SECTOR_ID":"SEC011","DIST_NAME":"Purba Medinipur","LC_NAME":"Digha","LONGITUDE":87.7,"LATITUDE":21.66,"STATUS":"NO"}},{"type":"Feature","geometry":{"type":"Point","coordinates":[87.81,21.72]},"properties":{"SECTOR_NAM":"WEST BENGAL","SECTOR_ID":"SEC011","DIST_NAME":"Purba Medinipur","LC_NAME":"Junput","LONGITUDE":87.81,"LATITUDE":21.72,"STATUS":"NO"}},{"type":"Feature","geometry":{"type":"Point","coordinates":[87.88,21.79]},"properties":{"SECTOR_NAM":"WEST BENGAL","SECTOR_ID":"SEC011","DIST_NAME":"Purba Medinipur","LC_NAME":"Petuaghat (Dariapur)","LONGITUDE":87.88,"LATITUDE":21.79,"STATUS":"NO"}},{"type":"Feature","geometry":{"type":"Point","coordinates":[87.93,21.82]},"properties":{"SECTOR_NAM":"WEST BENGAL","SECTOR_ID":"SEC011","DIST_NAME":"Purba Medinipur","LC_NAME":"LightHouse,GangasagarGP","LONGITUDE":87.93,"LATITUDE":21.82,"STATUS":"NO"}},{"type":"Feature","geometry":{"type":"Point","coordinates":[88.19,22.19]},"properties":{"SECTOR_NAM":"WEST BENGAL","SECTOR_ID":"SEC011","DIST_NAME":"South 24 Parganas","LC_NAME":"DiamondHarbour Jetty Ghat","LONGITUDE":88.19,"LATITUDE":22.19,"STATUS":"NO"}},{"type":"Feature","geometry":{"type":"Point","coordinates":[88.2,22.17]},"properties":{"SECTOR_NAM":"WEST BENGAL","SECTOR_ID":"SEC011","DIST_NAME":"South 24 Parganas","LC_NAME":"Diamond Harbour","LONGITUDE":88.2,"LATITUDE":22.17,"STATUS":"NO"}},{"type":"Feature","geometry":{"type":"Point","coordinates":[88.17,21.88]},"properties":{"SECTOR_NAM":"WEST BENGAL","SECTOR_ID":"SEC011","DIST_NAME":"South 24 Parganas","LC_NAME":"Kakdwip","LONGITUDE":88.17,"LATITUDE":21.88,"STATUS":"NO"}},{"type":"Feature","geometry":{"type":"Point","coordinates":[88.21,21.81]},"properties":{"SECTOR_NAM":"WEST BENGAL","SECTOR_ID":"SEC011","DIST_NAME":"South 24 Parganas","LC_NAME":"Namkhana","LONGITUDE":88.21,"LATITUDE":21.81,"STATUS":"NO"}},{"type":"Feature","geometry":{"type":"Point","coordinates":[88.05,21.66]},"properties":{"SECTOR_NAM":"WEST BENGAL","SECTOR_ID":"SEC011","DIST_NAME":"South 24 Parganas","LC_NAME":"Sagar","LONGITUDE":88.05,"LATITUDE":21.66,"STATUS":"NO"}},{"type":"Feature","geometry":{"type":"Point","coordinates":[88.24,21.58]},"properties":{"SECTOR_NAM":"WEST BENGAL","SECTOR_ID":"SEC011","DIST_NAME":"South 24 Parganas","LC_NAME":"Frasergunje","LONGITUDE":88.24,"LATITUDE":21.58,"STATUS":"NO"}},{"type":"Feature","geometry":{"type":"Point","coordinates":[88.29,21.57]},"properties":{"SECTOR_NAM":"WEST BENGAL","SECTOR_ID":"SEC011","DIST_NAME":"South 24 Parganas","LC_NAME":"FrezerganjFH","LONGITUDE":88.29,"LATITUDE":21.57,"STATUS":"NO"}},{"type":"Feature","geometry":{"type":"Point","coordinates":[88.32,21.61]},"properties":{"SECTOR_NAM":"WEST BENGAL","SECTOR_ID":"SEC011","DIST_NAME":"South 24 Parganas","LC_NAME":"Lothian Island","LONGITUDE":88.32,"LATITUDE":21.61,"STATUS":"NO"}},{"type":"Feature","geometry":{"type":"Point","coordinates":[93.03,13.63]},"properties":{"SECTOR_NAM":"ANDAMAN","SECTOR_ID":"SEC012","DIST_NAME":"Andaman Islands","LC_NAME":"Landfall","LONGITUDE":93.03,"LATITUDE":13.63,"STATUS":"NO"}},{"type":"Feature","geometry":{"type":"Point","coordinates":[94.25,13.45]},"properties":{"SECTOR_NAM":"ANDAMAN","SECTOR_ID":"SEC012","DIST_NAME":"Andaman Islands","LC_NAME":"Narcondam","LONGITUDE":94.25,"LATITUDE":13.45,"STATUS":"NO"}},{"type":"Feature","geometry":{"type":"Point","coordinates":[93.08,13.3]},"properties":{"SECTOR_NAM":"ANDAMAN","SECTOR_ID":"SEC012","DIST_NAME":"Andaman Islands","LC_NAME":"Diglipur","LONGITUDE":93.08,"LATITUDE":13.3,"STATUS":"NO"}},{"type":"Feature","geometry":{"type":"Point","coordinates":[93,13.29]},"properties":{"SECTOR_NAM":"ANDAMAN","SECTOR_ID":"SEC012","DIST_NAME":"Andaman Islands","LC_NAME":"Laxmipur,Diglipur","LONGITUDE":93,"LATITUDE":13.29,"STATUS":"NO"}},{"type":"Feature","geometry":{"type":"Point","coordinates":[93.02,13.27]},"properties":{"SECTOR_NAM":"ANDAMAN","SECTOR_ID":"SEC012","DIST_NAME":"Andaman Islands","LC_NAME":"ArealBay,Diglipur","LONGITUDE":93.02,"LATITUDE":13.27,"STATUS":"NO"}},{"type":"Feature","geometry":{"type":"Point","coordinates":[93.04,13.28]},"properties":{"SECTOR_NAM":"ANDAMAN","SECTOR_ID":"SEC012","DIST_NAME":"Andaman Islands","LC_NAME":"Durgapur","LONGITUDE":93.04,"LATITUDE":13.28,"STATUS":"NO"}},{"type":"Feature","geometry":{"type":"Point","coordinates":[93.03,13.22]},"properties":{"SECTOR_NAM":"ANDAMAN","SECTOR_ID":"SEC012","DIST_NAME":"Andaman Islands","LC_NAME":"Kalipur,Diglipur","LONGITUDE":93.03,"LATITUDE":13.22,"STATUS":"NO"}},{"type":"Feature","geometry":{"type":"Point","coordinates":[92.83,13.12]},"properties":{"SECTOR_NAM":"ANDAMAN","SECTOR_ID":"SEC012","DIST_NAME":"Andaman Islands","LC_NAME":"Kalighat,Diglipur","LONGITUDE":92.83,"LATITUDE":13.12,"STATUS":"NO"}},{"type":"Feature","geometry":{"type":"Point","coordinates":[92.91,12.91]},"properties":{"SECTOR_NAM":"ANDAMAN","SECTOR_ID":"SEC012","DIST_NAME":"Andaman Islands","LC_NAME":"Pokadera","LONGITUDE":92.91,"LATITUDE":12.91,"STATUS":"NO"}},{"type":"Feature","geometry":{"type":"Point","coordinates":[92.88,12.9]},"properties":{"SECTOR_NAM":"ANDAMAN","SECTOR_ID":"SEC012","DIST_NAME":"Andaman Islands","LC_NAME":"Mayabunderproper","LONGITUDE":92.88,"LATITUDE":12.9,"STATUS":"NO"}},{"type":"Feature","geometry":{"type":"Point","coordinates":[92.85,12.85]},"properties":{"SECTOR_NAM":"ANDAMAN","SECTOR_ID":"SEC012","DIST_NAME":"Andaman Islands","LC_NAME":"Webi,Mayabunder","LONGITUDE":92.85,"LATITUDE":12.85,"STATUS":"NO"}},{"type":"Feature","geometry":{"type":"Point","coordinates":[93.4,7.98]},"properties":{"SECTOR_NAM":"NICOBAR","SECTOR_ID":"SEC013","DIST_NAME":"Nicobar Islands","LC_NAME":"Kapanga, Katchall","LONGITUDE":93.4,"LATITUDE":7.98,"STATUS":"NO"}},{"type":"Feature","geometry":{"type":"Point","coordinates":[93.4,8.01]},"properties":{"SECTOR_NAM":"NICOBAR","SECTOR_ID":"SEC013","DIST_NAME":"Nicobar Islands","LC_NAME":"Katchal East Bay","LONGITUDE":93.4,"LATITUDE":8.01,"STATUS":"NO"}},{"type":"Feature","geometry":{"type":"Point","coordinates":[93.32,7.97]},"properties":{"SECTOR_NAM":"NICOBAR","SECTOR_ID":"SEC013","DIST_NAME":"Nicobar Islands","LC_NAME":"Jansin","LONGITUDE":93.32,"LATITUDE":7.97,"STATUS":"NO"}},{"type":"Feature","geometry":{"type":"Point","coordinates":[93.33,7.93]},"properties":{"SECTOR_NAM":"NICOBAR","SECTOR_ID":"SEC013","DIST_NAME":"Nicobar Islands","LC_NAME":"Katchal West Bay","LONGITUDE":93.33,"LATITUDE":7.93,"STATUS":"NO"}},{"type":"Feature","geometry":{"type":"Point","coordinates":[93.68,7.38]},"properties":{"SECTOR_NAM":"NICOBAR","SECTOR_ID":"SEC013","DIST_NAME":"Nicobar Islands","LC_NAME":"Sombrero Pt","LONGITUDE":93.68,"LATITUDE":7.38,"STATUS":"NO"}},{"type":"Feature","geometry":{"type":"Point","coordinates":[93.74,7.31]},"properties":{"SECTOR_NAM":"NICOBAR","SECTOR_ID":"SEC013","DIST_NAME":"Nicobar Islands","LC_NAME":"Pulo Patia","LONGITUDE":93.74,"LATITUDE":7.31,"STATUS":"NO"}},{"type":"Feature","geometry":{"type":"Point","coordinates":[93.84,7.24]},"properties":{"SECTOR_NAM":"NICOBAR","SECTOR_ID":"SEC013","DIST_NAME":"Nicobar Islands","LC_NAME":"Kabra Pt","LONGITUDE":93.84,"LATITUDE":7.24,"STATUS":"NO"}},{"type":"Feature","geometry":{"type":"Point","coordinates":[93.93,7.03]},"properties":{"SECTOR_NAM":"NICOBAR","SECTOR_ID":"SEC013","DIST_NAME":"Nicobar Islands","LC_NAME":"Tenlaa","LONGITUDE":93.93,"LATITUDE":7.03,"STATUS":"NO"}},{"type":"Feature","geometry":{"type":"Point","coordinates":[93.94,6.99]},"properties":{"SECTOR_NAM":"NICOBAR","SECTOR_ID":"SEC013","DIST_NAME":"Nicobar Islands","LC_NAME":"Rosen Pt","LONGITUDE":93.94,"LATITUDE":6.99,"STATUS":"NO"}},{"type":"Feature","geometry":{"type":"Point","coordinates":[93.96,7]},"properties":{"SECTOR_NAM":"NICOBAR","SECTOR_ID":"SEC013","DIST_NAME":"Nicobar Islands","LC_NAME":"CampbellBay","LONGITUDE":93.96,"LATITUDE":7,"STATUS":"NO"}},{"type":"Feature","geometry":{"type":"Point","coordinates":[93.92,6.92]},"properties":{"SECTOR_NAM":"NICOBAR","SECTOR_ID":"SEC013","DIST_NAME":"Nicobar Islands","LC_NAME":"Vijoy Nagar","LONGITUDE":93.92,"LATITUDE":6.92,"STATUS":"NO"}},{"type":"Feature","geometry":{"type":"Point","coordinates":[93.83,6.75]},"properties":{"SECTOR_NAM":"NICOBAR","SECTOR_ID":"SEC013","DIST_NAME":"Nicobar Islands","LC_NAME":"Indira Pt","LONGITUDE":93.83,"LATITUDE":6.75,"STATUS":"NO"}},{"type":"Feature","geometry":{"type":"Point","coordinates":[93.79,6.85]},"properties":{"SECTOR_NAM":"NICOBAR","SECTOR_ID":"SEC013","DIST_NAME":"Nicobar Islands","LC_NAME":"Kokeon","LONGITUDE":93.79,"LATITUDE":6.85,"STATUS":"NO"}},{"type":"Feature","geometry":{"type":"Point","coordinates":[93.67,7.02]},"properties":{"SECTOR_NAM":"NICOBAR","SECTOR_ID":"SEC013","DIST_NAME":"Nicobar Islands","LC_NAME":"Pulo Kunji","LONGITUDE":93.67,"LATITUDE":7.02,"STATUS":"NO"}},{"type":"Feature","geometry":{"type":"Point","coordinates":[71.9,12.27]},"properties":{"SECTOR_NAM":"LAKSHADWEEP","SECTOR_ID":"SEC014","DIST_NAME":"LAKSHADWEEP","LC_NAME":"Valiyapani reef","LONGITUDE":71.9,"LATITUDE":12.27,"STATUS":"NO"}},{"type":"Feature","geometry":{"type":"Point","coordinates":[71.83,11.86]},"properties":{"SECTOR_NAM":"LAKSHADWEEP","SECTOR_ID":"SEC014","DIST_NAME":"LAKSHADWEEP","LC_NAME":"Byramgore","LONGITUDE":71.83,"LATITUDE":11.86,"STATUS":"NO"}},{"type":"Feature","geometry":{"type":"Point","coordinates":[71.81,11.83]},"properties":{"SECTOR_NAM":"LAKSHADWEEP","SECTOR_ID":"SEC014","DIST_NAME":"LAKSHADWEEP","LC_NAME":"Cheriyapani reef","LONGITUDE":71.81,"LATITUDE":11.83,"STATUS":"NO"}},{"type":"Feature","geometry":{"type":"Point","coordinates":[72.72,11.7]},"properties":{"SECTOR_NAM":"LAKSHADWEEP","SECTOR_ID":"SEC014","DIST_NAME":"LAKSHADWEEP","LC_NAME":"Chetlat I","LONGITUDE":72.72,"LATITUDE":11.7,"STATUS":"NO"}},{"type":"Feature","geometry":{"type":"Point","coordinates":[72.18,11.6]},"properties":{"SECTOR_NAM":"LAKSHADWEEP","SECTOR_ID":"SEC014","DIST_NAME":"LAKSHADWEEP","LC_NAME":"Bitra I","LONGITUDE":72.18,"LATITUDE":11.6,"STATUS":"NO"}},{"type":"Feature","geometry":{"type":"Point","coordinates":[73,11.5]},"properties":{"SECTOR_NAM":"LAKSHADWEEP","SECTOR_ID":"SEC014","DIST_NAME":"LAKSHADWEEP","LC_NAME":"Kiltani","LONGITUDE":73,"LATITUDE":11.5,"STATUS":"NO"}},{"type":"Feature","geometry":{"type":"Point","coordinates":[72.1,11.2]},"properties":{"SECTOR_NAM":"LAKSHADWEEP","SECTOR_ID":"SEC014","DIST_NAME":"LAKSHADWEEP","LC_NAME":"Perumalpar reef","LONGITUDE":72.1,"LATITUDE":11.2,"STATUS":"NO"}},{"type":"Feature","geometry":{"type":"Point","coordinates":[72.78,11.22]},"properties":{"SECTOR_NAM":"LAKSHADWEEP","SECTOR_ID":"SEC014","DIST_NAME":"LAKSHADWEEP","LC_NAME":"Kadmath I","LONGITUDE":72.78,"LATITUDE":11.22,"STATUS":"NO"}},{"type":"Feature","geometry":{"type":"Point","coordinates":[72.72,11.11]},"properties":{"SECTOR_NAM":"LAKSHADWEEP","SECTOR_ID":"SEC014","DIST_NAME":"LAKSHADWEEP","LC_NAME":"Amini I","LONGITUDE":72.72,"LATITUDE":11.11,"STATUS":"NO"}},{"type":"Feature","geometry":{"type":"Point","coordinates":[72.32,10.94]},"properties":{"SECTOR_NAM":"LAKSHADWEEP","SECTOR_ID":"SEC014","DIST_NAME":"LAKSHADWEEP","LC_NAME":"Tinnakara","LONGITUDE":72.32,"LATITUDE":10.94,"STATUS":"NO"}},{"type":"Feature","geometry":{"type":"Point","coordinates":[72.29,10.94]},"properties":{"SECTOR_NAM":"LAKSHADWEEP","SECTOR_ID":"SEC014","DIST_NAME":"LAKSHADWEEP","LC_NAME":"Bangaram I","LONGITUDE":72.29,"LATITUDE":10.94,"STATUS":"NO"}},{"type":"Feature","geometry":{"type":"Point","coordinates":[72.2,10.87]},"properties":{"SECTOR_NAM":"LAKSHADWEEP","SECTOR_ID":"SEC014","DIST_NAME":"LAKSHADWEEP","LC_NAME":"Agatti I","LONGITUDE":72.2,"LATITUDE":10.87,"STATUS":"NO"}},{"type":"Feature","geometry":{"type":"Point","coordinates":[73.7,10.81]},"properties":{"SECTOR_NAM":"LAKSHADWEEP","SECTOR_ID":"SEC014","DIST_NAME":"LAKSHADWEEP","LC_NAME":"Androth I","LONGITUDE":73.7,"LATITUDE":10.81,"STATUS":"NO"}},{"type":"Feature","geometry":{"type":"Point","coordinates":[72.65,10.56]},"properties":{"SECTOR_NAM":"LAKSHADWEEP","SECTOR_ID":"SEC014","DIST_NAME":"LAKSHADWEEP","LC_NAME":"Kavaratti I","LONGITUDE":72.65,"LATITUDE":10.56,"STATUS":"NO"}},{"type":"Feature","geometry":{"type":"Point","coordinates":[72.33,10.13]},"properties":{"SECTOR_NAM":"LAKSHADWEEP","SECTOR_ID":"SEC014","DIST_NAME":"LAKSHADWEEP","LC_NAME":"Valiykara","LONGITUDE":72.33,"LATITUDE":10.13,"STATUS":"NO"}},{"type":"Feature","geometry":{"type":"Point","coordinates":[72.29,10.04]},"properties":{"SECTOR_NAM":"LAKSHADWEEP","SECTOR_ID":"SEC014","DIST_NAME":"LAKSHADWEEP","LC_NAME":"Suheli","LONGITUDE":72.29,"LATITUDE":10.04,"STATUS":"NO"}},{"type":"Feature","geometry":{"type":"Point","coordinates":[72.28,10.04]},"properties":{"SECTOR_NAM":"LAKSHADWEEP","SECTOR_ID":"SEC014","DIST_NAME":"LAKSHADWEEP","LC_NAME":"Cheriyakara","LONGITUDE":72.28,"LATITUDE":10.04,"STATUS":"NO"}},{"type":"Feature","geometry":{"type":"Point","coordinates":[73.65,10.08]},"properties":{"SECTOR_NAM":"LAKSHADWEEP","SECTOR_ID":"SEC014","DIST_NAME":"LAKSHADWEEP","LC_NAME":"Kalpeni I","LONGITUDE":73.65,"LATITUDE":10.08,"STATUS":"NO"}},{"type":"Feature","geometry":{"type":"Point","coordinates":[73.03,8.27]},"properties":{"SECTOR_NAM":"LAKSHADWEEP","SECTOR_ID":"SEC014","DIST_NAME":"LAKSHADWEEP","LC_NAME":"Minicoy","LONGITUDE":73.03,"LATITUDE":8.27,"STATUS":"NO"}},{"type":"Feature","geometry":{"type":"Point","coordinates":[77.24,8.18]},"properties":{"SECTOR_NAM":"SOUTH TAMILNADU","SECTOR_ID":"SEC006","DIST_NAME":"Kanniyakumari","LC_NAME":"Kodimunai","LONGITUDE":77.24,"LATITUDE":8.18,"STATUS":"NO"}},{"type":"Feature","geometry":{"type":"Point","coordinates":[77.24,8.18]},"properties":{"SECTOR_NAM":"SOUTH TAMILNADU","SECTOR_ID":"SEC006","DIST_NAME":"Kanniyakumari","LC_NAME":"Simon colony","LONGITUDE":77.24,"LATITUDE":8.18,"STATUS":"NO"}},{"type":"Feature","geometry":{"type":"Point","coordinates":[77.24,8.18]},"properties":{"SECTOR_NAM":"SOUTH TAMILNADU","SECTOR_ID":"SEC006","DIST_NAME":"Kanniyakumari","LC_NAME":"Coalchel","LONGITUDE":77.24,"LATITUDE":8.18,"STATUS":"NO"}},{"type":"Feature","geometry":{"type":"Point","coordinates":[77.26,8.17]},"properties":{"SECTOR_NAM":"SOUTH TAMILNADU","SECTOR_ID":"SEC006","DIST_NAME":"Kanniyakumari","LC_NAME":"Kottilpadu","LONGITUDE":77.26,"LATITUDE":8.17,"STATUS":"NO"}},{"type":"Feature","geometry":{"type":"Point","coordinates":[80.42,15.8]},"properties":{"SECTOR_NAM":"SOUTH ANDHRAPRADESH","SECTOR_ID":"SEC008","DIST_NAME":"Prakasam","LC_NAME":"Vadarevu","LONGITUDE":80.42,"LATITUDE":15.8,"STATUS":"NO"}},{"type":"Feature","geometry":{"type":"Point","coordinates":[80.47,15.83]},"properties":{"SECTOR_NAM":"SOUTH ANDHRAPRADESH","SECTOR_ID":"SEC008","DIST_NAME":"Guntur","LC_NAME":"Bestapalam Bapatla","LONGITUDE":80.47,"LATITUDE":15.83,"STATUS":"NO"}},{"type":"Feature","geometry":{"type":"Point","coordinates":[80.49,15.83]},"properties":{"SECTOR_NAM":"SOUTH ANDHRAPRADESH","SECTOR_ID":"SEC008","DIST_NAME":"Guntur","LC_NAME":"Suryalanka","LONGITUDE":80.49,"LATITUDE":15.83,"STATUS":"NO"}},{"type":"Feature","geometry":{"type":"Point","coordinates":[80.64,15.88]},"properties":{"SECTOR_NAM":"SOUTH ANDHRAPRADESH","SECTOR_ID":"SEC008","DIST_NAME":"Guntur","LC_NAME":"Nizampatnam","LONGITUDE":80.64,"LATITUDE":15.88,"STATUS":"NO"}},{"type":"Feature","geometry":{"type":"Point","coordinates":[80.89,15.75]},"properties":{"SECTOR_NAM":"SOUTH ANDHRAPRADESH","SECTOR_ID":"SEC008","DIST_NAME":"Krishna","LC_NAME":"Nachugunta","LONGITUDE":80.89,"LATITUDE":15.75,"STATUS":"NO"}},{"type":"Feature","geometry":{"type":"Point","coordinates":[80.99,15.78]},"properties":{"SECTOR_NAM":"SOUTH ANDHRAPRADESH","SECTOR_ID":"SEC008","DIST_NAME":"Krishna","LC_NAME":"Etimoga","LONGITUDE":80.99,"LATITUDE":15.78,"STATUS":"NO"}},{"type":"Feature","geometry":{"type":"Point","coordinates":[81.02,15.85]},"properties":{"SECTOR_NAM":"SOUTH ANDHRAPRADESH","SECTOR_ID":"SEC008","DIST_NAME":"Krishna","LC_NAME":"Sorlagondi","LONGITUDE":81.02,"LATITUDE":15.85,"STATUS":"NO"}},{"type":"Feature","geometry":{"type":"Point","coordinates":[81.14,15.99]},"properties":{"SECTOR_NAM":"SOUTH ANDHRAPRADESH","SECTOR_ID":"SEC008","DIST_NAME":"Krishna","LC_NAME":"Palakayatippa","LONGITUDE":81.14,"LATITUDE":15.99,"STATUS":"NO"}},{"type":"Feature","geometry":{"type":"Point","coordinates":[81.2,16.14]},"properties":{"SECTOR_NAM":"SOUTH ANDHRAPRADESH","SECTOR_ID":"SEC008","DIST_NAME":"Krishna","LC_NAME":"Machilipatnam","LONGITUDE":81.2,"LATITUDE":16.14,"STATUS":"NO"}},{"type":"Feature","geometry":{"type":"Point","coordinates":[81.23,16.23]},"properties":{"SECTOR_NAM":"SOUTH ANDHRAPRADESH","SECTOR_ID":"SEC008","DIST_NAME":"Krishna","LC_NAME":"Giripuram","LONGITUDE":81.23,"LATITUDE":16.23,"STATUS":"NO"}},{"type":"Feature","geometry":{"type":"Point","coordinates":[81.45,16.35]},"properties":{"SECTOR_NAM":"SOUTH ANDHRAPRADESH","SECTOR_ID":"SEC008","DIST_NAME":"Krishna","LC_NAME":"Pedda Gollapalem","LONGITUDE":81.45,"LATITUDE":16.35,"STATUS":"NO"}},{"type":"Feature","geometry":{"type":"Point","coordinates":[81.73,16.32]},"properties":{"SECTOR_NAM":"NORTH ANDHRAPRADESH","SECTOR_ID":"SEC009","DIST_NAME":"East Godavari","LC_NAME":"Antarvedi","LONGITUDE":81.73,"LATITUDE":16.32,"STATUS":"NO"}},{"type":"Feature","geometry":{"type":"Point","coordinates":[81.72,16.31]},"properties":{"SECTOR_NAM":"NORTH ANDHRAPRADESH","SECTOR_ID":"SEC009","DIST_NAME":"East Godavari","LC_NAME":"Narasapur Pt","LONGITUDE":81.72,"LATITUDE":16.31,"STATUS":"NO"}},{"type":"Feature","geometry":{"type":"Point","coordinates":[81.97,16.43]},"properties":{"SECTOR_NAM":"NORTH ANDHRAPRADESH","SECTOR_ID":"SEC009","DIST_NAME":"East Godavari","LC_NAME":"Bandamurlanka","LONGITUDE":81.97,"LATITUDE":16.43,"STATUS":"NO"}},{"type":"Feature","geometry":{"type":"Point","coordinates":[82.03,16.44]},"properties":{"SECTOR_NAM":"NORTH ANDHRAPRADESH","SECTOR_ID":"SEC009","DIST_NAME":"East Godavari","LC_NAME":"Odalarevu","LONGITUDE":82.03,"LATITUDE":16.44,"STATUS":"NO"}},{"type":"Feature","geometry":{"type":"Point","coordinates":[82.28,16.57]},"properties":{"SECTOR_NAM":"NORTH ANDHRAPRADESH","SECTOR_ID":"SEC009","DIST_NAME":"East Godavari","LC_NAME":"Kothapalem LH","LONGITUDE":82.28,"LATITUDE":16.57,"STATUS":"NO"}},{"type":"Feature","geometry":{"type":"Point","coordinates":[82.35,16.85]},"properties":{"SECTOR_NAM":"NORTH ANDHRAPRADESH","SECTOR_ID":"SEC009","DIST_NAME":"East Godavari","LC_NAME":"Bhairavapalem","LONGITUDE":82.35,"LATITUDE":16.85,"STATUS":"NO"}},{"type":"Feature","geometry":{"type":"Point","coordinates":[82.27,16.94]},"properties":{"SECTOR_NAM":"NORTH ANDHRAPRADESH","SECTOR_ID":"SEC009","DIST_NAME":"East Godavari","LC_NAME":"Kakinada","LONGITUDE":82.27,"LATITUDE":16.94,"STATUS":"NO"}},{"type":"Feature","geometry":{"type":"Point","coordinates":[82.29,17.01]},"properties":{"SECTOR_NAM":"NORTH ANDHRAPRADESH","SECTOR_ID":"SEC009","DIST_NAME":"East Godavari","LC_NAME":"Vakalapudi","LONGITUDE":82.29,"LATITUDE":17.01,"STATUS":"NO"}},{"type":"Feature","geometry":{"type":"Point","coordinates":[82.34,17.08]},"properties":{"SECTOR_NAM":"NORTH ANDHRAPRADESH","SECTOR_ID":"SEC009","DIST_NAME":"East Godavari","LC_NAME":"Uppada","LONGITUDE":82.34,"LATITUDE":17.08,"STATUS":"NO"}},{"type":"Feature","geometry":{"type":"Point","coordinates":[82.39,17.13]},"properties":{"SECTOR_NAM":"NORTH ANDHRAPRADESH","SECTOR_ID":"SEC009","DIST_NAME":"East Godavari","LC_NAME":"Konapapeta","LONGITUDE":82.39,"LATITUDE":17.13,"STATUS":"NO"}},{"type":"Feature","geometry":{"type":"Point","coordinates":[82.45,17.18]},"properties":{"SECTOR_NAM":"NORTH ANDHRAPRADESH","SECTOR_ID":"SEC009","DIST_NAME":"East Godavari","LC_NAME":"Perumallapuram","LONGITUDE":82.45,"LATITUDE":17.18,"STATUS":"NO"}},{"type":"Feature","geometry":{"type":"Point","coordinates":[82.56,17.26]},"properties":{"SECTOR_NAM":"NORTH ANDHRAPRADESH","SECTOR_ID":"SEC009","DIST_NAME":"Visakhapatnam","LC_NAME":"Palmanpeta","LONGITUDE":82.56,"LATITUDE":17.26,"STATUS":"NO"}},{"type":"Feature","geometry":{"type":"Point","coordinates":[82.59,17.28]},"properties":{"SECTOR_NAM":"NORTH ANDHRAPRADESH","SECTOR_ID":"SEC009","DIST_NAME":"Visakhapatnam","LC_NAME":"Danavaipeta","LONGITUDE":82.59,"LATITUDE":17.28,"STATUS":"NO"}},{"type":"Feature","geometry":{"type":"Point","coordinates":[82.62,17.3]},"properties":{"SECTOR_NAM":"NORTH ANDHRAPRADESH","SECTOR_ID":"SEC009","DIST_NAME":"Visakhapatnam","LC_NAME":"Pentakota","LONGITUDE":82.62,"LATITUDE":17.3,"STATUS":"NO"}}]}